smiles,target,target_type
*OC(=O)c1ccc(cc1)C(=O)OCC(C(C*)CCC)CCC,19.67,tg
*C(C*)c1ccc(cc1)C(O)C(F)(F)F,110.0,tg
*CCCCCCCCCCCC(=O)N*,6.0986,egc
*Nc1ccc(-c2ccc(-c3ccc(*)cc3)s2)cc1,5.91,eps
*NC(=S)OC(*)=S,4.0637,eea
*N1C(=O)c2c(C1=O)cc(cc2)Oc1ccc(cc1)C1(CCC(CC1)c1ccccc1)c1ccc(cc1)Oc1cc2c(C(=O)N(C2=O)c2ccc(cc2)Oc2ccc(cc2)C2(C3C4C(CCC4)C(C2)C3)c2ccc(cc2)Oc2ccc(cc2)*)cc1,255.0,tg
*CCCCCCNC(=O)C1CC1(C)C(=O)N*,6.1739,egc
*Oc1ccc(cc1)Oc1ccc(cc1)Oc1ccc(cc1)NC(=O)c1c(cc(cc1)c1cc(c(cc1)C(=O)Nc1ccc(cc1)*)C)C,200.0,tg
*CC(*)C(=O)OCCCSCC,5.1212,egb
*CC(C)(C)COC(=O)NC(=O)c1cccc(C(=O)NC(=O)O*)c1,4.9585,egc
*C(=O)C(C=C1)=CC=C1C(C=C2)=CC=C2C(S3)=CC=C3*,2.8474,egc
*Oc1ccc(Oc2ccc(NC(=C(C#N)C#N)c3ccc(-c4ccc(-c5ccc(C(Nc6ccc(*)cc6)=C(C#N)C#N)cc5)cc4)cc3)cc2)cc1,3.2228,egc
*CC(OC(=O)OCC)C(COC(=O)O*)OC(=O)OCC,7.1757,egc
*OC(=O)CCCCCCCCCCC(*)=O,6.499,egc
*Oc1ccc(cc1)C(c1ccc(cc1)OC(=O)*)C1C2CCC(C1c1ccccc1)C2,196.0,tg
*Oc1ccc(cc1)C(=O)OC(COC(=O)c1ccc(cc1)OC(=O)c1ccc(cc1)C(=O)*)C,87.0,tg
*c1oc(cc1)C(=O)OCCOC(=O)*,85.56,tg
*N1C(=O)c2c(C1=O)cc(cc2)Oc1ccc(cc1)Oc1cc2c(C(=O)N(C2=O)c2ccc(cc2)Cc2ccc(cc2)*)cc1,257.33,tg
*C(C*)C(=O)Oc1c2c(ccc1)cccc2,85.0,tg
*c1ccc(-n2ccc(-c3ccc(-c4ccn(*)n4)cc3)n2)cc1,3.3335,egc
*Oc1c(cc(cc1)C(c1cc(c(cc1)OC(=O)*)C)(CCC#N)C)C,117.0,tg
*CCCOC(=O)N1CCC(*)CC1,5.7499,egc
*OC(F)(F)CC(*)(F)F,9.6085,ei
*Nc1c(ccc(c1)NC(=O)C(=O)*)C,-54.65,tg
*N1C(=O)c2c(C1=O)cc(cc2)Oc1ccc(cc1)c1ccc(cc1)Oc1cc2c(C(=O)N(C2=O)c2ccc(cc2)Oc2ccc(cc2)*)cc1,229.0,tg
*CCC=C(*)Cl,5.461,egc
*C(C*)c1ccc(cc1)COc1ccc(cc1)c1c2c(nsn2)c(cc1)c1sc(cc1)C,128.33,tg
*Oc1ccc(C(F)(F)C(*)(F)F)cc1,1.7411,eea
*NC(=O)Oc1ccc(*)s1,1.9321,nc
*CCCCCCCCCCC(=O)NCCCCCOCCCCCNC(=O)CCCCO*,5.6858,egc
*SSCc1ccc(cc1)C*,23.0,tg
*CCCCCCCCCCCCOC(=O)c1cccc(C(=O)O*)c1,5.1678,egc
*c1oc(nc1)c1cc(c(cc1)Oc1ccc(cc1)S(=O)(=O)c1ccc(cc1)Oc1c(cc(cc1)*)C(F)(F)F)C(F)(F)F,210.0,tg
*c1sc(cc1)Oc1ccc(cc1)C(c1ccc(cc1)Oc1sc(cc1)C(=O)c1ccc(cc1)C(=O)*)(C)C,154.0,tg
*C1(c2c(C(=O)O1)cccc2)c1c(cc(c(c1)C)Oc1ccc(cc1)S(=O)(=O)c1ccc(cc1)Oc1c(cc(c(c1)C)*)C)C,269.0,tg
*Oc1ccc(cc1)Oc1ccc(cc1)C(=O)c1c2c(ccc1)cccc2C(=O)c1ccc(cc1)*,202.0,tg
*Oc1ccc(cc1)C(c1ccc(cc1)OC(=O)c1cc(ccc1)Oc1cc(ccc1)C(=O)*)(C)C,85.0,tg
*c1cc2c(C(=O)N(C2=O)c2c(cc(cc2CC)Cc2cc(c(c(c2)CC)N2C(=O)c3c(C2=O)cc(cc3)C(*)(C(F)(F)F)C(F)(F)F)CC)CC)cc1,266.0,tg
*CNC(=O)NCOCO*,4.22,eps
*O[Si](c1c2c(ccc1)c(ccc2)[Si](*)(C)C)(C)C,62.0,tg
*N1C(=O)c2c(C1=O)cc(cc2)[Si](c1cc2c(C(=O)N(C2=O)c2ccc(cc2)Cc2ccc(cc2)*)cc1)(C)C,280.0,tg
*OC(=O)OCC(C*)OCCCCCCOc1ccc(cc1)C=Cc1ccc(cc1)[N+](=O)[O-],32.0,tg
*Oc1c(cc(cc1)Oc1ccc(cc1)C(=O)c1ccc(cc1)C(=O)c1ccc(cc1)*)c1ccccc1,166.0,tg
*OC(=O)c1cc(cc(c1)OCCN(c1ccc(cc1)S(=O)(=O)C(C(C(C(C(C(C(C(F)(F)F)(F)F)(F)F)(F)F)(F)F)(F)F)(F)F)(F)F)C)C(=O)OCCN(CC*)c1ccc(cc1)S(=O)(=O)C(C(C(C(C(C(C(C(F)(F)F)(F)F)(F)F)(F)F)(F)F)(F)F)(F)F)(F)F,83.0,tg
*NCNC(=O)OC(=O)NC(*)=O,1.7355,nc
*CNCN*,5.1634,egc
*NC(=O)CCCCC(=O)NCC1CCC(CC1)C*,113.0,tg
*OC(=O)OCC1CCC(CC1)C*,38.7,tg
*CC(C)(C)O*,5.2445,egc
*c1cc2c(C(=O)N(C2=O)c2cc(ccc2)P(=O)(c2cc(ccc2)N2C(=O)c3c(C2=O)cc(cc3)C(=O)Nc2ccc(cc2)Oc2ccc(cc2)NC(=O)*)c2ccccc2)cc1,235.0,tg
*c1sc(*)c(OCCCCCCCCCCCCCCCC)c1C,3.676,egc
*C1c2c3c(cccc3ccc2)C1*,282.85,tg
*Oc1ccc(cc1)NC(=O)c1ccc(cc1)Oc1ccc(cc1)C(c1cc(ccc1)C(c1ccc(cc1)Oc1ccc(cc1)C(=O)Nc1ccc(cc1)*)(C)C)(C)C,155.0,tg
*C1C2C(C(=O)N(C2=O)CCC)C(C1)C=C*,139.0,tg
*NC(=O)c1ccc(cc1)C(=O)NCc1c(cc(c(c1)C)C*)C,225.0,tg
*CC(=O)c1ccc(C(*)=O)s1,2.9786,egb
*C1OC(CO1)COC(=O)CCCCCCC*,-23.0,tg
*c1cc2C(c3c(c2cc1)ccc(c3)c1ccc(cc1)*)(CCCCCCCC)CCCCCCCC,81.0,tg
*Oc1cc2c(C(CC2(c2ccc(cc2)OC(=O)c2ccc(cc2)C(=O)*)C)(C)C)cc1,252.5,tg
*c1oc(nn1)c1ccc(cc1)c1oc(nn1)c1ccc(cc1)[Si](c1ccc(cc1)*)(c1ccccc1)c1ccccc1,274.0,tg
*C(C*)Cc1ccccc1,63.33,tg
*OC(=O)CCCCCCC(*)=O,6.0659,egc
*Oc1ccc(cc1)C(=O)OCCN(CCOC(=O)c1ccc(cc1)OC1(C(C(C1(F)F)(F)F)(*)F)F)c1ccc(cc1)C=CC1=CC(=C(C#N)C#N)CC(C1)(C)C,143.0,tg
*NOC(=S)O*,7.5682,ei
*N1C(=O)c2c(C1=O)cc(cc2)c1ccc(cc1)C(=O)c1cc2c(C(=O)N(C2=O)C(=C(*)C#N)C#N)cc1,249.0,tg
*Oc1c(cc(cc1)OC(=O)c1cc(ccc1)Sc1ccc(cc1)OC(=O)c1ccc(cc1)C(=O)Oc1ccc(cc1)Sc1cc(ccc1)C(=O)*)C,106.5,tg
*c1cc2c(C(=O)N(C2=O)c2ccc(cc2)N2C(=O)c3c(C2=O)cc(cc3)C(*)(C(F)(F)F)C(F)(F)F)cc1,348.86,tg
*Oc1ccc(C(=O)NNC(=O)c2cccc(C(=O)NNC(=O)c3ccc(OC(=O)c4cccc(C(*)=O)c4)cc3)c2)cc1,3.7359,egc
*N(c1ccc(cc1)C(=O)c1ccc(cc1)N(CCC*)C)C,101.0,tg
*c1ccc(Oc2ccc(-c3cnc4cc(-c5ccc6nc(*)cnc6c5)ccc4n3)cc2)cc1,3.1085,egc
*COc1ccc(-c2ccc(*)cc2)s1,1.6377,eea
*OC1C(CCCC1)*,68.0,tg
*Oc1ccc(cc1)NC(=O)c1ccc(cc1)Oc1ccc(cc1)C(c1ccc(cc1)C(c1ccc(cc1)Oc1ccc(cc1)C(=O)Nc1ccc(cc1)Oc1ccc(cc1)C(c1ccc(cc1)*)(C(F)(F)F)C(F)(F)F)(C)C)(C)C,169.0,tg
*NC1CCC(CCC2CCC(NC(=O)CCCCCCCCCCC(*)=O)CC2)CC1,5.7235,egc
*CCNC(=O)C(OC)C(OC)C(=O)N*,5.4257,egc
*N1C(=O)c2c(C1=O)cc(cc2)Oc1cc2c(C(=O)N(C2=O)c2c(cc(cc2C)C(c2cc(c(c(c2)C)*)C)c2cc(ccc2)C(F)(F)F)C)cc1,264.1,tg
*OC(COC(=O)*)C,31.72,tg
*CC(*)OCCCCCCCCCCCC,5.4919,egc
*Nc1cc(C)c(*)cc1C,3.9275,egc
*c1cc2c(C(=O)N(C2=O)c2ccc(cc2)NC(=O)C(C(C(C(C(C(C(=O)Nc2ccc(cc2)N2C(=O)c3c(C2=O)cc(cc3)C(*)(C(F)(F)F)C(F)(F)F)(F)F)(F)F)(F)F)(F)F)(F)F)(F)F)cc1,265.0,tg
*Oc1ccc(C(=O)c2ccc(C(=O)NOC(*)=O)s2)cc1,3.5136,eea
*N1C(=O)N(C(=O)C1=O)c1c(cccc1)CCc1ccc(cc1)N1C(=O)N(C(=O)C1=O)CCCCCC*,137.0,tg
*C(C*)CCC,-32.29,tg
*Nc1ccc(C(=O)O*)s1,6.0364,ei
*NC(=O)NC(*)=S,7.36,eps
*Oc1c(cc(cc1)C(c1cc(c(cc1)OC(=O)*)C(C)C)(C)C)C(C)C,80.0,tg
*OC(=O)CCCCCCCCCCCCCCCCC(*)=O,6.1592,egc
*c1cc(CCCCCCCCCC)c(*)[nH]1,2.8756,egc
*c1nc(ccc1)c1cc(c(cc1)Oc1ccc(cc1)C1(c2ccccc2c2ccccc12)c1ccc(cc1)Oc1c(cc(cc1)*)C(F)(F)F)C(F)(F)F,182.5,tg
*c1cnc(*)c(C)c1,5.1042,egc
*c1cc2c(C(=O)N(C2=O)C2C(=O)N(C(=O)C2)c2ccc(cc2)S(=O)(=O)c2ccc(cc2)NC(=O)*)cc1,145.0,tg
*NC(=O)c1ccc(O*)s1,6.5697,ei
*CC(=S)NO*,5.15,eps
*CCCCCCCCCC[n+]1ccc(-c2cc[n+](*)cc2)cc1,2.5264,egc
*C(C*)(C(=O)OCCCCCCOc1ccc(cc1)N=Nc1ccc(cc1)[N+](=O)[O-])C,108.0,tg
*c1c(nc2c(n1)cc(cc2)S(=O)(=O)c1cc2c(nc(c(n2)c2ccc(cc2)N2C(=O)c3c(C2=O)cc(cc3)C(=O)c2cc3c(C(=O)N(C3=O)c3ccc(cc3)*)cc2)c2ccccc2)cc1)c1ccccc1,240.0,tg
*CNCN*,0.8689,eea
*N1C(=O)c2c(C1=O)cc(cc2)C(=O)Oc1c(cc(cc1)OC(=O)c1cc2c(C(=O)N(C2=O)CCOCCOCC*)cc1)c1ccccc1,105.0,tg
*C(C*)OC(=O)c1ccncc1,98.5,tg
*NC(CCC(*)=O)C(=O)O,5.9301,egc
*Oc1ccc(cc1)C(c1ccc(cc1)OC(=O)c1cc(ccc1)C(C(C(c1cc(ccc1)C(=O)*)(F)F)(F)F)(F)F)(C)C,122.0,tg
*Oc1ccc(cc1)c1ccc(cc1)OC(=O)c1c(ccc(c1)N=Nc1ccc(cc1)OCC)c1c(cc(cc1)N=Nc1ccc(cc1)OCC)C(=O)*,165.0,tg
*N=P(*)(OCCOCCOCCCC)OCCOCCOCCCC,-84.0,tg
*CNC(=S)c1ccc(*)s1,5.8964,ei
*c1ccc(-c2ccc(C(F)(F)C(*)(F)F)cc2)s1,1.7814,nc
*c1cc2c(C(=O)N(C2=O)c2c(cc(c(c2C)C(=O)c2cc(ccc2)N2C(=O)c3c(C2=O)cc(cc3)C(=O)*)C)C)cc1,300.0,tg
*N1C(=O)c2c(C1=O)cc(cc2)C(=O)Oc1cc2c(cc1)ccc(c2)OC(=O)CCCCCCCCCCC*,98.0,tg
*OC(=O)NC1CC(CC(C1)(CNC(=O)OCCN(CC*)c1ccc(cc1)C=C(C#N)C#N)C)(C)C,141.0,tg
*C(=O)Oc1ccc(OC(=O)c2ccc3c(c2)C(=O)N(c2ccc(Oc4ccc(N5C(=O)c6ccc(*)cc6C5=O)cc4)cc2)C3=O)cc1,2.5383,egc
*Cc1ccc(-c2ccc(O*)s2)s1,2.9968,egb
*c1nc(ccc1)Oc1ccc(cc1)c1ccc(cc1)O*,119.0,tg
*CC(*)(C)C(=O)OCC(F)(F)C(F)F,6.3988,egc
*CCCCCCCCCCCCCCC(*)Cl,7.2258,egc
*OP(=O)(N=Nc1ccc(cc1)COC(=O)c1cc(cc(c1)C(C)(C)C)C(=O)OCc1ccc(cc1)N=NP(=O)(OCC*)OC)OC,105.0,tg
*Oc1ccc(S(=O)(=O)c2ccc(-c3ccc(-c4ccc(S(=O)(=O)c5ccc(*)cc5)cc4)cc3)cc2)cc1,3.6921,egc
*C(C*)c1c(cccc1)C(=O)OCCCCC,92.0,tg
*NC(CCC(=O)OC)C(*)=O,5.9283,egc
*S(=O)(=O)NCCCCNS(=O)(=O)c1cc(ccc1)*,82.0,tg
*N1C(=O)c2c(C1=O)c(ccc2)Oc1cc(ccc1)Oc1c2c(C(=O)N(C2=O)c2ccc(cc2)Oc2ccc(cc2)*)ccc1,226.0,tg
*Oc1ccc(cc1)C(c1ccc(cc1)OCC(COc1ccc(cc1)C(=O)c1ccc(cc1)OCC(C*)O)O)(C)C,120.0,tg
*CC(*)(F)C(=O)OCCC(F)(F)C(F)(F)C(F)(F)C(F)(F)C(F)(F)C(F)(F)C(F)(F)C(F)(F)F,5.7714,egb
*CCOC(=O)N(C)c1ccc(C)c(N(C)C(=O)O*)c1,5.1683,egc
*c1cc2c(C(=O)N(C2=O)c2ccc(cc2)OCCCCCCCCCCOc2ccc(cc2)N2C(=O)c3c(C2=O)cc(cc3)C(*)(C(F)(F)F)C(F)(F)F)cc1,143.0,tg
*C(C*)c1ccc(cc1)COCCC(C(C(C(C(C(F)(F)F)(F)F)(F)F)(F)F)(F)F)(F)F,18.0,tg
*C(C*)c1ccc(cc1)C(CCCC)(O)C,82.5,tg
*c1cc2c(C(=O)N(C2=O)c2cc(ccc2)Nc2nc(nc(n2)Nc2cc(ccc2)N2C(=O)c3c(C2=O)cc(cc3)C(=O)*)N(C)C)cc1,294.0,tg
*c1ccc(S(*)(=O)=O)cc1,4.2821,egc
*NC(C(=O)*)CCC(=O)OCCCCCC,-48.33,tg
*C1(CC(C1)*)C#N,220.0,tg
*O[Si](*)(CCCCCOc1ccc(cc1)/C=C/c1ccc(cc1)OC)C,52.0,tg
*NC(=S)c1ccc(C(*)=S)s1,1.6122,egb
*CCCCCCOC(=O)OCCCCCCOC(=O)OCCCCCCOc1ccc(Oc2ccc(O*)cc2)cc1,4.3261,egc
*N1C(=O)c2c(C1=O)c(ccc2)c1cc2c(C(=O)N(C2=O)c2c(cc(cc2)c2cc(c(cc2)*)C)C)cc1,384.0,tg
*c1cc2c(C(=O)N(C2=O)c2cc(cc(c2)OCCN(c2ccc(cc2)N=Nc2ccc(cc2)[N+](=O)[O-])CC)N2C(=O)c3c(C2=O)cc(cc3)C(*)(C(F)(F)F)C(F)(F)F)cc1,210.0,tg
*OC(F)(F)C(=S)C(*)(F)F,7.385,ei
*Cc1ccc(OC(*)=S)cc1,1.8273,nc
*Oc1ccc(C(C#N)(c2ccccc2)c2ccc(OC(*)=O)cc2)cc1,5.0272,egc
*c1cc2c(C(=O)N(C2=O)c2c(ccc(c2)N2C(=O)c3c(C2=O)cc(cc3)C(=O)OCCN(CCOC(=O)*)c2ccc(cc2)N=Nc2ccc(cc2)C(=C(C#N)C#N)C#N)N=Nc2ccc(cc2)C(=C(C#N)C#N)C#N)cc1,121.0,tg
*Oc1c(cc(cc1Cl)C(=C(Cl)Cl)c1cc(c(c(c1)Cl)OC(=O)*)Cl)Cl,250.0,tg
*OCC(C*)(CS(=O)(=O)C)CS(=O)(=O)C,102.0,tg
*Nc1ccc(cc1)NC(=O)c1cc(ccc1)C(=O)*,285.75,tg
*SC(C*)COCC=C,-59.0,tg
*C1C(=O)OC(=O)C1C(C*)OC(C)C,142.0,tg
*Oc1ccc(cc1)Oc1ccc(cc1)Oc1ccc(cc1)S(=O)(=O)c1ccc(cc1)*,184.33,tg
*C(=S)C(F)(F)CC(*)(F)F,7.4545,ei
*c1ccc(Oc2ccccc2Oc2ccc(-n3c(=O)c4cc5c(=O)n(*)c(=O)c5cc4c3=O)cc2)cc1,2.1614,egc
*OC([2H])([2H])C(*)([2H])[2H],5.8501,egc
*N1C(=O)c2c(C1=O)cc(cc2)c1cc2c(C(=O)N(C2=O)c2cc(ccc2)Oc2ccc(cc2)*)cc1,255.5,tg
*CCCCCOC(=O)C(=O)O*,5.5658,egc
*c1nc2c([nH]1)ccc(c2)N1C(=O)c2c(C1=O)cc(cc2)c1cc2c(C(=O)N(C2=O)c2ccc(cc2)*)cc1,425.0,tg
*C(C*)OCC(CC)(C)C,9.0,tg
*c1c(nc2c(n1)cc(cc2)Oc1ccc(cc1)NC(=O)c1cc(cc(c1)N1C(=O)c2c(C1=O)c(c(c(c2Cl)Cl)Cl)Cl)C(=O)Nc1ccc(cc1)Oc1cc2c(nc(c(n2)c2ccc(cc2)Oc2ccc(cc2)*)c2ccccc2)cc1)c1ccccc1,295.0,tg
*CC1CCC(COC(=O)CCC(=O)O*)CC1,6.5939,egc
*c1cc2c(C(=O)N(C2=O)c2ccc(cc2)S(=O)(=O)c2ccc(cc2)S(=O)(=O)c2ccc(cc2)S(=O)(=O)c2ccc(cc2)N2C(=O)c3c(C2=O)cc(cc3)C(*)(C(F)(F)F)C(F)(F)F)cc1,327.0,tg
*c1cc2c(C(=O)N(C2=O)c2ccc(cc2)c2sc(c(c2c2ccccc2)c2ccccc2)c2ccc(cc2)N2C(=O)c3c(C2=O)cc(cc3)C(=O)Nc2cc(ccc2)Oc2ccc(cc2)NC(=O)*)cc1,315.0,tg
*C1(c2c(C(=O)O1)cccc2)c1ccc(cc1)OC(=O)Oc1ccc(cc1)*,252.5,tg
*Oc1ccc(cc1)C(=O)NNC(=O)c1ccc(cc1)C(=O)NNC(=O)c1ccc(cc1)OC(=O)c1cc(ccc1)C(=O)*,175.0,tg
*C(C*)c1cc(ccc1)N(c1ccc(cc1)C)c1ccc(cc1)C,126.5,tg
*OC(=O)c1c(c(ccc1)C(=O)OCC(C(C(C*)(F)F)(F)F)(F)F)OCCCCC,17.0,tg
*NNC(=O)c1c2c(c(cc1)C(=O)NNC(=O)c1ccc(cc1)[Si](c1ccc(cc1)C(=O)*)(c1ccccc1)c1ccccc1)cccc2,271.5,tg
*c1cc2c(C(=O)N(C2=O)c2ccc(cc2)N(c2ccc(cc2)N2C(=O)c3c(C2=O)cc(cc3)C(=O)*)c2ccccc2)cc1,270.0,tg
*N=P(*)(OCCCCC)OCCC,-100.0,tg
*CCCCCCCOc1ccc(C=CC=Cc2ccc(O*)c(C)c2)cc1C,3.4306,egc
*OP(=O)(Oc1ccc(cc1)*)Oc1ccccc1,97.0,tg
*C(C*)(C(=O)OCCCCCCCCCCCOc1ccc(cc1)C(=O)Oc1ccc(cc1)C#N)C,10.0,tg
*N1C(=O)c2c(C1=O)cc(cc2)C(=O)c1cc2c(C(=O)N(C2=O)CCCCCC(=O)Nc2ccc(cc2)Cc2ccc(cc2)NC(=O)CCCCC*)cc1,187.0,tg
*OC(=O)NCCCCCCNC(=O)OCC(C*)(C(=O)O)C,-26.0,tg
*NC(=O)CNC(=O)CCCCC(=O)NCCCCCC*,53.4,tg
*C1C(=O)N(C(=O)C1C(C*)c1ccccc1)C,205.0,tg
*CC(*)(F)F,1.1415,eea
*C(C*)(C(=O)OC)Cl,125.0,tg
*C=Cc1cc(OCC)c(*)cc1OCC,4.2145,egc
*C(C*)C(=O)OCC(C(OC(C(F)(F)F)(F)F)(F)F)(F)F,-49.0,tg
*CNC(=O)CCCCCCCCC(=O)N*,6.1742,egc
*C(=O)NC(=O)NC(=O)NC(S1)=CC=C1N*,3.5876,egc
*CC(*)CCC,7.2705,egb
*Oc1ccc(C(C)(C)c2ccc(OC(=O)c3ccc(C(*)=O)cc3)c(C(C)C)c2)cc1C(C)C,3.2409,egc
*c1cc2c(C(=O)N(C2=O)c2ccc(cc2)Oc2ccc(cc2)C(=O)c2ccc(cc2)Oc2ccc(cc2)N2C(=O)c3c(C2=O)cc(cc3)C(=O)*)cc1,252.0,tg
*c1sc(*)c(OC)c1OC,4.1637,egc
*OC(C*)COc1ccc(cc1)c1ccc(cc1)C#N,94.15,tg
*c1cc2c(C(=O)N(C2=O)c2c(cc(c(c2C)N2C(=O)c3c(C2=O)cc(cc3)C(=O)Nc2cc(c(cc2)c2c(cc(cc2)NC(=O)*)C(F)(F)F)C(F)(F)F)C)C)cc1,267.0,tg
*C1COC2C1OCC2OC(=O)C(NC(=O)CCCCCCC(=O)NC(C(=O)O*)C)C,57.0,tg
*C(C*)(OC)C,67.0,tg
*N(c1ccc(cc1)C(=O)c1ccc(cc1)N(CCCCCCCC*)C)C,50.0,tg
*OC(=O)C(NC(=O)C=CC(=O)NC(C(=O)OCC=CC*)Cc1ccccc1)Cc1ccccc1,109.0,tg
*C1(c2c(C(=O)O1)cccc2)c1ccc(cc1)OC(=O)c1ccc(cc1)[Si](c1ccc(cc1)C(=O)Oc1ccc(cc1)*)(c1ccccc1)c1ccccc1,250.0,tg
*CCCCCCC(=O)NCCCCCCNC(=O)CCCCCCO*,5.7692,egc
*N1C(=O)c2c(C1=O)cc(cc2)Oc1cc2c(C(=O)N(C2=O)c2ccc(cc2)Oc2ccc(cc2)C(c2ccc(cc2)Oc2ccc(cc2)*)(C(F)(F)F)C(F)(F)F)cc1,246.0,tg
*CCCCCCNC(=O)CCCCCCC(=O)N*,5.7328,egc
*Oc1cc(c(cc1)S(=O)(=O)c1c(cc(cc1)Oc1c(cc(cc1C)C(c1cc(c(c(c1)C)*)C)(C)C)C)C(O)(C(F)(F)F)C(F)(F)F)C(O)(C(F)(F)F)C(F)(F)F,187.0,tg
*CC1CCC(CNC(=O)CCCCCCCC(=O)N*)CC1,5.7062,egc
*C(C*)C(=O)Oc1cc(cc(c1)C)C,54.0,tg
*C(C*)(C(=O)OCCn1c2ccc(cc2c2ccccc12)N=Nc1ccc(cc1)[N+](=O)[O-])C,164.0,tg
*c1cc(C=O)cc(*)c1O,4.1592,egc
*c1nc(-c2ccccc2)nc(N(*)CC)n1,4.1252,egc
*c1ccc(-c2ccc(-c3cc(SCCCCCCCCCC)c(*)s3)cc2)cc1,3.0684,egc
*c1cc2c(C(=O)N(C2=O)c2ccc(cc2)C(=O)Nc2ccc(cc2)Oc2ccc(cc2)NC(=O)*)cc1,252.67,tg
*N1C(=O)c2c(C1=O)cc(cc2)C(=O)Nc1cc(ccc1)S(=O)(=O)c1ccc(cc1)NC(=O)c1cc2c(C(=O)N(C2=O)CCCCCC*)cc1,190.0,tg
*c1sc(cc1CCCC)c1sc(c(c1)CCCC)c1ccc(cc1)*,122.3,tg
*C(C*)(C(=O)OC1CC(CC(C1)C)(C)C)C,125.0,tg
*c1cc2c(C(=O)N(C2=O)c2c(cc(cc2C)Cc2cc(c(c(c2)C)N2C(=O)c3c(C2=O)cc(cc3)C(=O)OCCN(CCOC(=O)*)c2ccccc2)C)C)cc1,177.0,tg
*c1sc(cc1)c1sc(cc1)c1sc(cc1)[Si]([Si](*)(CCCC)CCCC)(CCCC)CCCC,-5.0,tg
*C(C*)C(=O)N1CCCCC1,108.0,tg
*Oc1c(cccc1)Oc1ccc(cc1)S(=O)(=O)c1ccc(cc1)*,171.0,tg
*Oc1ccc(cc1)C1(c2cc(ccc2c2ccc(cc12)[N+](=O)[O-])OC)c1ccc(cc1)OC(=O)CCC(=O)*,230.0,tg
*C1COC2C1OCC2Oc1ccc(cc1)NC(=O)c1ccc(cc1)OC1COC2C1OCC2Oc1ccc(cc1)C(=O)Nc1ccc(cc1)O*,165.0,tg
*C(C*)c1ccc(cc1)OCCC,70.0,tg
*c1ccc(C(=O)C(F)(F)C(*)(F)F)s1,7.5565,ei
*N1C(=O)c2c(C1=O)cc(cc2)C(c1cc2c(C(=O)N(C2=O)CC(=O)Nc2ccc(cc2)Oc2ccc(cc2)S(=O)(=O)c2ccc(cc2)Oc2ccc(cc2)NC(=O)C*)cc1)(C(F)(F)F)C(F)(F)F,241.0,tg
*N=P(*)(OCCCCCCCCC)OCCCCCCCCC,-56.0,tg
*C(C*)C(=O)OC1CCCCCCCCCCC1,37.0,tg
*Oc1ccc(cc1)C(c1ccc(cc1)OC(=O)Oc1ccc(cc1)Cc1ccc(cc1)OC(=O)*)(C)C,107.8,tg
*NC(=O)NC(*)=O,5.9087,ei
*Oc1cc(ccc1)Oc1cc(ccc1)NC(=O)c1cc(ccc1)Oc1cc(ccc1)Oc1cc(ccc1)C(=O)Nc1cc(ccc1)*,137.5,tg
*C1OCCCC1C1C(=O)OC(=O)C1*,210.0,tg
*COc1ccc(O*)cc1,0.9466,eea
*NC(=O)OC(*)=S,5.76,eps
*C(=O)COCC(=O)N1CCN(*)CC1,5.5847,egc
*c1cc2c(C(=O)N(C2=O)c2c(c(cc(c2)C(F)(F)F)N2C(=O)c3c(C2=O)cc(cc3)C(=O)Nc2ccc(cc2)Oc2c(c3c(cc2)cccc3)c2c3c(ccc2Oc2ccc(cc2)NC(=O)*)cccc3)Oc2ccc(cc2)C(F)(F)F)cc1,324.0,tg
*OC(F)(F)NC(*)(F)F,8.991,egb
*NC(C)C(=O)NC(C)C(=O)NCC(*)=O,5.7884,egc
*NC(=O)CCP(=O)(CCC(=O)NCCCCCCCC*)C,52.0,tg
*Cc1ccc(CN2CCN(*)C(C)C2)cc1,4.6219,egc
*Oc1c(cc(cc1OC)*)OC,171.45,tg
*Oc1ccc(-c2ccc(C(*)=O)s2)cc1,5.7839,ei
*CC(C=C1)=CC=C1C(C=C2)=CC=C2C(=S)*,2.9595,egc
*Cc1ccc(C(=O)C(*)=S)cc1,2.5816,egb
*CCCCCCCCCCNC(=O)NCCCCCCNC(=O)N*,5.6863,egc
*c1cc2c(C(=O)N(C2=O)c2ccc(cc2)Oc2ccc(cc2)N2C(=O)c3c(C2=O)cc(cc3)C(=O)OCCCCCCCCCCCCOC(=O)*)cc1,105.0,tg
*NC(=O)C(=S)C(*)=O,2.263,nc
*N1C(=O)c2c(C1=O)cc(cc2)c1ccc(cc1)c1ccc(cc1)c1ccc(cc1)c1ccc(cc1)c1cc2c(C(=O)N(C2=O)c2ccc(cc2)Cc2ccc(cc2)*)cc1,244.0,tg
*CCCCCCOC(=O)O*,7.3901,egc
*C(=O)OCCOC(=O)N1CC(C)N(*)CC1C,5.9632,egc
*CNOc1ccc(*)cc1,1.8294,nc
*c1sc(-c2cc(OCCCCC)c(*)s2)cc1OCCCCC,1.2005,egc
*c1cc2c(C(=O)N(C2=O)c2ccc(cc2)S(=O)(=O)c2ccc(cc2)N2C(=O)c3c(C2=O)cc(cc3)C(=O)Oc2ccc(cc2)OCCCCCCCCCCCCOc2ccc(cc2)OC(=O)*)cc1,140.0,tg
*CCc1ccc(C(*)=S)cc1,5.8549,ei
*Oc1ccc(cc1)NC(=O)/C=C/c1ccc(cc1)/C=C/C(=O)Nc1ccc(cc1)*,205.0,tg
*C(F)(F)NC(F)(F)C(=O)*,4.8818,egc
*C1(CCCCC1)C*,100.0,tg
*NC(C(=O)*)CCC(=O)OCc1ccc(cc1)C(F)(F)F,26.57,tg
*N1C(=O)c2c(C1=O)cc(cc2)C(c1cc2c(C(=O)N(C2=O)CC(=O)Nc2ccc(cc2)Oc2ccc(cc2)c2ccc(cc2)Oc2ccc(cc2)NC(=O)C*)cc1)(C(F)(F)F)C(F)(F)F,245.0,tg
*CC(*)(C)C(=O)OC(F)(C(F)(F)F)C(F)(F)F,6.1125,egb
*CCNC(*)=S,1.6837,eea
*Oc1cc2c(C(CC2(c2ccc(cc2)OC(=O)*)C)(C)C)cc1,201.7,tg
*OC(=O)c1cc(cc(c1)OCc1cc(cc(c1)OCc1ccccc1)OCc1ccccc1)C(=O)OCCN(CC*)c1ccc(cc1)C=Cc1sc(cc1)C=CC1=C(C(=C(C#N)C#N)OC1(c1ccccc1)C(F)(F)F)C#N,130.0,tg
*N(CC*)C(=O)c1ccccc1,108.5,tg
*Oc1ccc(cc1)CC(NC(=O)CCc1ccc(cc1)OC(=O)CCCCCCCCC(=O)*)C(=O)OC(CC)C,36.0,tg
*Nc1ccc(cc1)C(c1ccc(cc1)NC(=O)c1cc(cc(c1)C(C)(C)C)C(=O)*)(P1(=O)c2ccccc2c2ccccc2O1)P1(=O)c2ccccc2c2ccccc2O1,235.0,tg
*CC(=O)C(C=C1)=CC=C1C(=O)*,4.4703,egc
*CC(C)(C)C(=O)O*,6.6633,egc
*C(C*)C(=O)OCCCCSC,-70.0,tg
*Oc1ccc(cc1)C1(c2ccccc2c2ccccc12)c1ccc(cc1)Oc1c(cc(cc1)C(=O)c1ccc(cc1)C(=O)c1cc(c(cc1)*)C(F)(F)F)C(F)(F)F,229.0,tg
*Oc1ccc(cc1)C(=O)OCCOC(=O)c1ccc(cc1)*,74.0,tg
*c1c(cc(cc1)C=C*)c1c(cc(c(c1)OCCC(C)C)OCCC(C)C)c1ccccc1,164.0,tg
*N1C(=O)c2c(C1=O)cc(cc2)Oc1cc2c(C(=O)N(C2=O)c2cc(ccc2)Oc2ccc(cc2)Oc2cc(ccc2)*)cc1,204.0,tg
*OC(=O)CCC(=O)OCCOCC*,-41.51,tg
*Nc1cc(ccc1)NC(=O)c1cc(ccc1)C(=O)Nc1cc(ccc1)NC(=S)NC(=O)c1cc(ccc1)C(=O)NC(=S)*,244.0,tg
*Oc1ccc(cc1)C(=O)Nc1cc(cc(c1)c1nc2c([nH]1)cccc2)NC(=O)c1ccc(cc1)OCCOCCOCCOCCOCC*,145.0,tg
*Oc1ccc(C(=O)CCCCC(=O)c2ccc(OC(*)=O)cc2)cc1,4.6051,egc
*N1C(=O)C2C(C1=O)CC(CC2)C1CC2C(C(=O)N(C2=O)c2cc(ccc2)*)CC1,263.0,tg
*CCCCCCCCCCCCCCOC(=O)CC=CCC(=O)O*,6.1489,egc
*N1C(=O)c2c(C1=O)cc(cc2)C(c1cc2c(C(=O)N(C2=O)CCN(CC*)c2ccc(cc2)N=Nc2c(cc(cc2)[N+](=O)[O-])C)cc1)(C(F)(F)F)C(F)(F)F,205.0,tg
*Nc1ccc(cc1)NC(=O)CCCCCCCCC(=O)*,125.0,tg
*CC(O*)C(F)(F)F,0.7546,eea
*OC(CC(*)=O)C(C)(Cl)Cl,6.4677,egc
*C(C*)C(=O)NC(C)(C)C,135.0,tg
*CNc1ccc(N*)cc1,4.2,eps
*C(C(CCCC*)c1ccc(cc1)O)c1c(cc(cc1)O)C,25.0,tg
*Oc1ccc(cc1)Oc1ccc(cc1)P(=O)(c1ccc(cc1)*)C,213.0,tg
*Oc1ccc(cc1)N[Se]Nc1ccc(cc1)*,55.0,tg
*CC(F)(F)C(F)(F)C(F)(F)C(F)(F)COC(=O)C(F)(F)C(F)(F)C(F)(F)C(F)(F)C(=O)O*,6.3052,egc
*Oc1ccc(cc1)NC(=O)Nc1c(cccc1)CCc1ccc(cc1)NC(=O)Nc1ccc(cc1)*,200.0,tg
*Oc1cc(Oc2ccc(C(C)(C)c3ccc(*)cc3)cc2)cc(C(=O)Oc2ccc(N=Nc3ccc(C#N)cc3)cc2)c1,3.1481,egc
*C1OCC2(CO1)COC(OC2)CCCCCCCC(=O)OCCOC(=O)CCCCCCC*,0.0,tg
*C1COC2C1OCC2OC(=O)OCCOCCOCCOCCOC(=O)O*,9.5,tg
*Oc1ccc(cc1)N=Nc1cc(c(cc1)Cc1c(cc(cc1)N=Nc1ccc(cc1)OC(=O)c1ccc(cc1)C(=O)*)[N+](=O)[O-])[N+](=O)[O-],198.0,tg
*O[Si](*)(CCCOCCOCCOCCOCCOCCOCCOC)CCCOCCOCCOCCOCCOCCOCCOC,-68.9,tg
*Oc1ccc(cc1)Oc1cc(ccc1)Oc1ccc(cc1)c1ccc(cc1)Oc1cc(ccc1)Oc1ccc(cc1)Oc1c(cc(cc1)C(=O)c1cc(c(cc1)*)S(=O)(=O)O[Na])S(=O)(=O)O[Na],304.0,tg
*OC(=O)C1CCC(CC1)C(=O)OCCOCC*,-10.15,tg
*CCCCCCNC(=O)NCCCCCNC(=O)N*,5.9068,egc
*C1C=CC(*)CC1,5.6051,egc
*C(=O)Nc1ccc(-c2ccc(NC(=O)c3ccc4c(c3)C(=O)N(c3ccc(S(=O)(=O)c5ccc(N6C(=O)c7ccc(*)cc7C6=O)cc5)cc3)C4=O)cc2)cc1,2.4779,egc
*Oc1ccc(Oc2ccc(OC(=O)c3ccc(OC(=O)c4ccc(C(=O)Oc5ccc(C(*)=O)cc5)cc4)cc3)cc2)cc1,2.7268,egc
*Oc1cc(ccc1)NC(=O)c1cc(ccc1)C(=O)Nc1cc(ccc1)OCCCCC*,131.5,tg
*N1C(=O)C2C3C4C(C(C2C1=O)C=C3)C(=O)N(C4=O)C1CCC(CC1)CC1CCC(CC1)*,239.0,tg
*S(=O)(=O)c1ccc(cc1)Nc1ccc(cc1)C1(c2ccccc2c2ccccc12)c1ccc(cc1)Nc1ccc(cc1)*,221.0,tg
*OC(F)(F)NC(*)(F)F,1.5936,nc
*CC(*)N1CCCC1=S,4.1333,egc
*C1(C(C(C(C(C1(F)F)(Cl)F)(F)F)(C(*)(F)F)F)(F)F)F,147.0,tg
*C=C(*)c1ccc([N+](=O)[O-])cc1,0.7984,egc
*c1cc2C(c3c(c2cc1)ccc(c3)c1cc2C(c3c(c2cc1)ccc(c3)*)(c1ccc(cc1)c1oc(nn1)c1ccc(cc1)C(C)(C)C)c1ccc(cc1)c1oc(nn1)c1ccc(cc1)C(C)(C)C)(CCCCCCCC)CCCCCCCC,213.0,tg
*CNC(=S)C(*)=O,6.3386,ei
*C(F)(F)C(S1)=CC=C1C(F)(F)O*,4.9584,egc
*C(C*)(C(=O)OCC)F,94.0,tg
*CC(S1)=CC=C1C(C=C2)=CC=C2C(=S)*,2.7134,egc
*CCO*,1.6377,nc
*CCCc1ccc(*)s1,1.7538,nc
*Nc1ccc(C(=O)c2ccc(*)s2)s1,2.5062,nc
*C1C2C(C(C(C1*)C2)COCc1ccccc1)COCc1ccccc1,176.0,tg
*Nc1c(OC)cc(*)cc1OC,3.4275,egc
*CC(=S)C(=O)O*,3.8755,eea
*C(C*)C(=O)OCCO,0.1,tg
*C1C(=O)N(C(=O)C1CC*)C,141.2,tg
*c1cc2c(C(=O)N(C2=O)c2c(cccc2)C(=O)c2c(cccc2)N2C(=O)c3c(C2=O)cc(cc3)C(=O)*)cc1,289.0,tg
*c1cc2c(C(=O)N(C2=O)c2ccc(cc2)C(c2cc(ccc2)C(c2ccc(cc2)N2C(=O)c3c(C2=O)cc(cc3)C(=O)*)(C)C)(C)C)cc1,309.75,tg
*Oc1ccc(cc1)C(=O)c1ccc(cc1)C(=O)c1ccc(cc1)Oc1cc(ccc1)Cc1cc(ccc1)*,122.0,tg
*Nc1ccc(C(=S)c2ccc(*)s2)s1,6.36,eps
*C(=O)c1ccc(OC(*)=S)cc1,5.05,eps
*CC(*)OC(=O)OCC(F)(F)F,7.5359,egc
*Oc1c(cc(cc1c1ccccc1)*)c1ccc(cc1)C(C)(C)C,240.0,tg
*c1cc2c(C(=O)N(C2=O)c2ccc(cc2)C(=O)Nc2ccc(cc2)Oc2ccc(cc2)c2ccc(cc2)Oc2ccc(cc2)NC(=O)c2ccc(cc2)N2C(=O)c3c(C2=O)cc(cc3)C(*)(C(F)(F)F)C(F)(F)F)cc1,296.0,tg
*Nc1ccc(cc1)NC(=O)c1c(ccc(c1)C(=O)c1cc(c(cc1)C(=O)O)C(=O)*)C(=O)O,213.2,tg
*CCCCCCCCNC(=O)CCCCCCCCCCCCC(=O)N*,5.9612,egc
*OC(=O)Nc1ccc(cc1)Cc1ccc(cc1)NC(=O)OCCCCC*,95.0,tg
*Cc1ccc(COC(=O)CC(=O)O*)cc1,5.5783,egc
*C1C2C(C(=O)N(C2=O)c2c(cccc2)Cl)C(C1)C=C*,255.6,tg
*C=CC(C*)OC,5.0501,egc
*c1oc(nn1)c1ccc(cc1)C(=O)OCCCCCCCCOc1ccc(cc1)C=CC(=O)C=Cc1ccc(cc1)OCCCCCCCCOC(=O)c1ccc(cc1)*,59.0,tg
*N1C(=O)c2c(C1=O)cc(cc2)NC(=O)Nc1ccc(cc1)Oc1c(cccc1)c1c(cccc1)Oc1ccc(cc1)NC(=O)Nc1cc2c(C(=O)N(C2=O)c2ccc(cc2)Oc2c(c3c(cc2)cccc3)c2c3c(ccc2Oc2ccc(cc2)*)cccc3)cc1,285.0,tg
*NC(=O)Cc1ccc(cc1)CC(=O)NCCCCCC*,95.0,tg
*C(C*)(C(=O)OCCC)F,62.0,tg
*C1(c2c(C(=O)N1)cccc2)c1ccc(cc1)Oc1ccc(cc1)C(=O)c1ccc(cc1)Oc1ccc(cc1)*,270.6,tg
*Oc1ccc(cc1)N(c1ccc(cc1)/C=C(/C(=O)NC1C(CCCC1)NC(=O)/C(=C/c1ccc(cc1)N(c1ccc(cc1)*)CC)/C#N)\C#N)CC,235.0,tg
*C1C(=O)N(C(=O)C1C(C*)(C)C)CCCC,80.0,tg
*c1cc2c(C(=O)N(C2=O)c2ccc(cc2)Oc2c(cc(cc2C(C)(C)C)c2ccc(cc2)N2C(=O)c3c(C2=O)cc(cc3)C(=O)*)C(C)(C)C)cc1,347.5,tg
*N1CCN(CC1)C(=O)OC1CC2CC(CC(C1)O2)OC(=O)*,113.0,tg
*C(C*)c1ccc(cc1)C(O)(C)C,165.0,tg
*C(C*)(C(=O)OCCCCCn1c2ccccc2c2ccccc12)C,91.0,tg
*N=C(N=C(NC(C)=O)NC(C)=O)N=C(*)OC(C)=O,3.7327,egc
*CCCC(*)=O,3.27,eps
*c1cc(-n2c(=O)c3cc4c(=O)n(-c5ccc(-c6nnc(*)n6N)cc5)c(=O)c4cc3c2=O)c(-c2c(Cl)cccc2Cl)s1,2.1911,egc
*C(C*)C(=O)Oc1c(cccc1)C(=O)OCC,30.0,tg
*C(=O)C(S1)=CC=C1C(C=C2)=CC=C2C(=S)*,2.3241,egc
*CC(=S)OC(*)=S,1.9523,nc
*Cc1ccc(C(=S)c2ccc(*)s2)s1,5.9541,ei
*CCCc1ccc(*)s1,5.6976,ei
*OC(=O)c1c(cc(cc1)C(=O)OCCN(CC*)c1ccc(cc1)C=C(C#N)C#N)OCCC,94.0,tg
*C(C*)(C)C,-65.41,tg
*OC(=O)OCC(C(C*)OC(=O)Oc1ccc(cc1)C(=O)OC)OC(=O)Oc1ccc(cc1)C(=O)OC,51.38,tg
*CCC(=O)N*,1.7036,nc
*N1C(=O)c2c(C1=O)cc(cc2)Oc1ccc(cc1)c1ccc(cc1)Oc1cc2c(C(=O)N(C2=O)c2ccc(cc2)Oc2cc(ccc2)Oc2ccc(cc2)*)cc1,205.0,tg
*Nc1ccc(cc1)c1c(cc(cc1c1ccc(cc1)c1ccccc1)c1ccc(cc1)c1cc(c(c(c1)c1ccc(cc1)c1ccccc1)c1ccc(cc1)NC(=O)c1ccc(cc1)C(=O)*)c1ccc(cc1)c1ccccc1)c1ccc(cc1)c1ccccc1,305.0,tg
*C(C*)c1ccc(cc1)COCCCCCC,-20.0,tg
*Cc1ccc(Cc2ccc(*)s2)s1,1.8382,nc
*C(C*)c1ccc(cc1)C(CCN(C)C)O,43.0,tg
*CCCCCOC(=O)CCCCS(=O)(=O)CCCCC(=O)O*,6.9262,egc
*C(C*)(C(=O)OCCCCCCC)C#N,102.0,tg
*CC(C)(C)COC(=O)NCCCC(CCNC(=O)O*)OC,6.1723,egc
*N1C(=O)c2c(C1=O)cc(cc2)Oc1c(cc(cc1C)Cc1cc(c(c(c1)C)Oc1cc2c(C(=O)N(C2=O)c2ccc(cc2)Oc2ccc(cc2)*)cc1)C)C,266.0,tg
*Oc1ccc(cc1)c1ccc(cc1)OCCCCCCCCCCCOC(=O)Nc1c(cc(cc1)NC(=O)OCCCCCCCCCCC*)C,77.0,tg
*c1sc(cc1SCCCCCCCCCCCC)c1sc(c(c1)SCCCCCCCCCCCC)c1ccc(cc1)*,60.35,tg
*c1cc2c(C(=O)N(C2=O)c2cc(ccc2)C(C(C(C(C(c2cc(ccc2)N2C(=O)c3c(C2=O)cc(cc3)C(C(C(C(C(C(C(*)(F)F)(F)F)(F)F)(F)F)(F)F)(F)F)(F)F)(F)F)(F)F)(F)F)(F)F)(F)F)cc1,108.5,tg
*SC(C(=O)*)C,12.0,tg
*C(=O)c1ccc(-c2ccc(-c3ccc(*)cc3)cc2)cc1,2.5479,egb
*N1C(=O)c2c(C1=O)cc(cc2)NC(=O)OCCOc1ccc(cc1)C(c1ccc(cc1)OCCOC(=O)Nc1cc2c(C(=O)N(C2=O)c2cc(ccc2)P(=O)(c2cc(ccc2)*)c2ccccc2)cc1)(C)C,220.0,tg
*Oc1ccc(Oc2ccc(NC(=O)c3ccc(Oc4ccc(C(=O)Nc5ccc(*)cc5)c(C(=O)O)c4)cc3C(=O)O)cc2)cc1,3.1241,egc
*OC(C*)COCC,-61.0,tg
*OC(=O)C1C2C=CC(C1C(=O)OCC*)C2,0.0,tg
*Cc1ccc(-c2ccc(C(*)=S)s2)s1,3.2587,eea
*CC(=O)c1ccc(C(*)=S)s1,4.78,eps
*c1cc2c(C(=O)N(C2=O)c2ccc(cc2)C(=O)Nc2ccc(cc2)Oc2ccc(cc2)NC(=O)c2ccc(cc2)NC(=O)Nc2ccc(cc2)Cc2ccc(cc2)NC(=O)Nc2ccc(cc2)C(=O)Nc2ccc(cc2)Oc2ccc(cc2)NC(=O)c2ccc(cc2)N2C(=O)c3c(C2=O)cc(cc3)C(=O)*)cc1,229.0,tg
*c1cc2c(C(=O)N(C2=O)c2ccc(cc2)c2sc(c(c2c2ccccc2)c2ccccc2)c2ccc(cc2)N2C(=O)c3c(C2=O)cc(cc3)C(=O)Nc2ccc(cc2)NC(=O)*)cc1,333.0,tg
*OP(=O)(OCCCCCCCCCCOc1ccc(cc1)C=Cc1ccc(cc1)OCCCCCCCCCC*)OCCCCCCCCCCOc1ccc(cc1)N=Nc1ccc(cc1)[N+](=O)[O-],50.0,tg
*CCc1ccc(-c2ccc(*)s2)s1,1.9411,eea
*S(=O)(=O)C(C=C(C*)C)C,83.0,tg
*Oc1c(cc(cc1C)C(c1cc(c(c(c1)C)OCC(COc1ccc(cc1)C(c1ccc(cc1)OCC(C*)O)(C)C)O)C)(C)C)C,100.0,tg
*NNC(=O)c1cc(cc(c1)NC(=O)c1cc2c(C(=O)N(C2=O)c2ncc(cc2)C)cc1)C(=O)NNC(=O)C(=O)*,146.4,tg
*c1ccc(Oc2ccc(-n3c(=O)c4cc5c(=O)n(*)c(=O)c5cc4c3=O)cc2)cc1,2.3733,egc
*NC(=O)C(=S)c1ccc(*)s1,0.9512,egb
*C(=O)C(=S)OC(*)=S,1.4146,egb
*NC(=O)C(C=C1)=CC=C1O*,4.6617,egc
*c1nc2c([nH]1)ccc(c2)NC(=O)c1ccc(cc1)OCCOc1ccc(cc1)C(=O)Nc1ccc(cc1)*,225.0,tg
*CCCC(=O)O*,6.7691,egc
*Oc1cc(ccc1)C(=O)OC(=O)c1cc(ccc1)OCCC*,53.0,tg
*N1C(=O)N(C(=O)C1=O)c1ccc(cc1)Cc1ccc(cc1)N1C(=O)N(C(=O)C1=O)CCCCCC*,158.0,tg
*COC1CCC(O*)CC1,6.3134,egc
*CCCCNC(=O)CCCCCCCCCCCCCCC(=O)N*,6.0415,egc
*NC(=S)NCCCCCCCCC*,48.0,tg
*c1c2ccc(=O)cc2oc2cc(ccc12)OC(=O)c1c(cccc1)*,250.0,tg
*c1cc2c(C(=O)N(C2=O)c2ccc(cc2)N2C(=O)c3c(C2=O)cc(cc3)C(=O)c2ccc(cc2)Oc2ccc(cc2)c2ccc(cc2)Oc2ccc(cc2)C(=O)*)cc1,229.0,tg
*c1nc2c(n1c1ccc(cc1)n1c(nc3c1cccc3)c1ccc(cc1)Oc1ccc(cc1)C(=O)c1cc(ccc1)C(=O)c1ccc(cc1)Oc1ccc(cc1)*)cccc2,219.0,tg
*NC1CCC(CC1)CC1CCC(CC1)NC(=O)CCCCCCCCC(=O)*,139.33,tg
*O[Si](*)(CCCCCCCCCCCOc1ccc(cc1)/C=C/c1ccc(cc1)OC)C,55.0,tg
*Oc1ccc(cc1)C(c1ccc(cc1)Oc1ccc(cc1)C(C(c1ccc(cc1)*)O)O)(C)C,149.4,tg
*c1sc(c(c1c1ccccc1)c1ccccc1)c1ccc(cc1)CC(=O)Nc1ccc(cc1)NC(=O)Cc1ccc(cc1)*,251.0,tg
*Nc1ccc(C(=O)C(*)=S)cc1,4.0513,eea
*Nc1ccc(C(=O)c2ccc(*)s2)s1,1.7108,egb
*Oc1ccc(cc1)C1(c2cc(ccc2c2ccc(cc12)[N+](=O)[O-])OC)c1ccc(cc1)OC(=O)*,294.0,tg
*Nc1c(cc(cc1)NC(=O)c1ccc(cc1)NC(=O)CCCCCCCCC(=O)Nc1ccc(cc1)C(=O)*)C(=O)OCCCCCCCCCCCCCCCC,220.0,tg
*CCCP(CCCCCCCC)CCCNC(=O)CCCCC(=O)N*,4.7376,egc
*N(c1ccc(cc1)C(c1ccc(cc1)*)c1ccccc1)c1ccc(cc1)C,199.0,tg
*CC(*)C(=O)OCC(C)C,6.1261,egc
*CCCCCCCCCCCCCCOCO*,6.6169,egc
*c1ccc(-c2ccc(*)c(CCCCCC)n2)nc1CCCCCC,3.9211,egc
*N1C(=O)c2c(C1=O)cc(cc2)Oc1c(cc(cc1C)C(c1cc(c(c(c1)C)Oc1cc2c(C(=O)N(C2=O)c2ccc(cc2)Oc2ccc(cc2)C2(C3CC4CC(CC2C4)C3)c2ccc(cc2)Oc2ccc(cc2)*)cc1)C)(C)C)C,282.0,tg
*N1C(=O)c2c(C1=O)c(c(c(c2c1ccccc1)c1ccccc1)c1ccc(cc1)c1c(c2c(C(=O)N(C2=O)c2ccc(cc2)Oc2ccc(cc2)*)c(c1c1ccccc1)c1ccccc1)c1ccccc1)c1ccccc1,413.0,tg
*c1cc2c(C(=O)N(C2=O)c2c(c(cc(c2)C(F)(F)F)N2C(=O)c3c(C2=O)cc(cc3)C(=O)Nc2cc(c(cc2)Oc2c(cc(cc2)NC(=O)*)c2ccccc2)c2ccccc2)Oc2ccc(cc2)C(F)(F)F)cc1,312.0,tg
*N(c1ccc(cc1)c1ccc(cc1)*)c1ccc(cc1)C(F)(F)F,225.0,tg
*N(c1ccc(cc1)C(=O)*)C,197.0,tg
*c1ncnc(n1)N(CCCCCCN(*)c1ccccc1)c1ccccc1,72.0,tg
*Nc1ccc(-c2ccc(C(=S)c3ccc(-c4ccc(Nc5ccc(*)cc5)s4)s3)s2)s1,6.88,eps
*C(=O)c1ccc2c(c1)C(=O)N(c1ccc(Oc3ccc(N4C(=O)c5ccc(*)cc5C4=O)cc3Br)c(Br)c1)C2=O,2.6114,egc
*CCC(=O)NCc1c(C)c(C)c(CNC(=O)CCO*)c(C)c1C,5.3036,egc
*Cc1ccc(C(=O)O*)cc1,3.7934,egb
*OC(=O)CCCCC(=O)OCC(C*)CCCCCCOc1ccc(cc1)N=Nc1ccc(cc1)C,29.0,tg
*C(=S)OC(=S)c1ccc(*)cc1,2.364,egb
*CCCOC(=O)CCCCCCCCCCC(=O)O*,6.3683,egb
*CC(CC(CC(CC(*)c1ccccc1)c1ccccc1)c1ccccc1)c1ccccc1,4.8255,egb
*Cc1ccc(-c2ccc(N*)s2)s1,1.6017,eea
*N1C(=O)c2c(C1=O)cc(cc2)Oc1ccc(cc1)Oc1ccc(cc1)Oc1cc2c(C(=O)N(C2=O)c2ccc(cc2)Oc2ccc(cc2)*)cc1,215.0,tg
*Oc1ccc(cc1)CC(NC(=O)CCc1ccc(cc1)OC(=O)COCC(=O)*)C(=O)OCCCCCCCCCCCC,36.0,tg
*C(C*)c1ccc(cc1)B(c1ccc(cc1)C(C)(C)C)Oc1c2ncccc2ccc1,240.0,tg
*CCCCCOC(=O)CCCCCNC(=O)O*,6.3976,egc
*c1ccc2c3n(c4ccc(cc4n3)c3cc4n5c(nc4cc3)c3cccc4c(ccc(c5=O)c34)Oc3ccc(cc3)C3(c4ccccc4c4ccccc34)c3ccc(cc3)O*)c(=O)c3cccc1c23,421.0,tg
*C1OCC(CO1)(COC(=O)CCCCCCC*)C,-26.0,tg
*CCCOCCOCCOC(=O)Nc1ccc(C)c(NC(=O)O*)c1,5.0994,egc
*C(C*)(C(=O)OCC(C(F)(F)F)(F)F)F,99.0,tg
*NC(=S)c1ccc(O*)s1,5.61,eps
*C(=O)NNC(=O)C(=O)NNC(=O)c1cncc(*)n1,4.3374,egc
*Nc1ccc(C(=O)O*)s1,2.6486,eea
*OC(=O)c1ccc(Cc2ccc(C(*)=O)cc2)cc1,4.3273,egc
*CC(*)c1ccc(CCl)cc1,3.4202,egc
*c1ccc2c(c1)c1cc(*)ccc1n2CC(=O)OCC,3.5868,egc
*Oc1ccc(cc1)C(c1ccc(cc1)OC(=S)*)CC,97.33,tg
*Sc1c(cc(cc1C)*)C,198.0,tg
*OC(=O)CCCC(=O)OCCC*,-33.67,tg
*NCC(F)(F)C(*)(F)F,4.32,eps
*C([2H])([2H])C(*)(F)F,7.1497,egc
*OC(=O)OCCCCCCCCCC*,-39.67,tg
*CC(=O)Cc1ccc(*)cc1,3.64,eps
*NC(=O)C(=S)O*,2.1173,nc
*N1C(=O)c2c(C1=O)cc(cc2)c1cc2c(C(=O)N(C2=O)c2c(cc(cc2C)c2cc(c(c(c2)C)*)C)C)cc1,285.0,tg
*CCC(C)C(*)(C)C(=O)OC,6.5856,egc
*C(=S)c1ccc(C(F)(F)C(*)(F)F)cc1,6.6143,ei
*Oc1ccc(cc1)C(c1ccc(cc1)Oc1c(cc(cc1)C(=O)c1ccc(cc1)C(=O)c1cc(c(cc1)*)C(F)(F)F)C(F)(F)F)(C)C,171.0,tg
*c1cc2c(C(=O)N(C2=O)c2cc(ccc2)C(=O)c2ccc(cc2)N2C(=O)c3c(C2=O)cc(cc3)C(=O)*)cc1,271.5,tg
*N1C(=O)C2OC3C(C2C1=O)C(=O)N(C3=O)c1ccc(cc1)c1c(nc2c(n1)cc(cc2)c1cc2c(nc(c(n2)c2ccc(cc2)*)c2ccccc2)cc1)c1ccccc1,230.0,tg
*OC(=O)c1cc(ccc1)c1cc(ccc1)C(=O)OCC(C(C(C*)(F)F)(F)F)(F)F,45.0,tg
*Nc1cccc(C#Cc2cccc(C(*)=O)c2)c1,3.7438,egc
*N1C(=O)c2c(C1=O)cc(cc2)Oc1c(cc(cc1C)c1cc(c(c(c1)C)Oc1cc2c(C(=O)N(C2=O)c2c(cc(cc2C)Cc2cc(c(c(c2)C)*)C)C)cc1)C)C,420.0,tg
*c1ccc(C(=O)Nc2ccc(Oc3ccc(NC(=O)c4ccc(-n5c(=O)c6cc7c(=O)n(*)c(=O)c7cc6c5=O)cc4)cc3)cc2)cc1,1.639,egc
*C(C*)(C(=O)OC1C(CCC(C1)C)C(C)C)C,147.0,tg
*OCCCCC(=O)NCc1ccc(cc1)CNC(=O)CCCC*,70.0,tg
*N1C(=O)c2c(C1=O)cc(cc2)c1cc2c(C(=O)N(C2=O)c2ccc(cc2)Oc2cc(ccc2)Oc2ccc(cc2)*)cc1,220.0,tg
*Oc1ccc(S(=O)(=O)c2ccc3cc(S(=O)(=O)c4ccc(Oc5c(C)cc(-c6cc(C)c(*)c(C)c6C)c(C)c5C)cc4)ccc3c2)cc1,3.4715,egc
*CCCC(=O)NCCCCCCNC(=O)CCCO*,5.652,egc
*Cc1ccc(-c2ccc(N*)s2)s1,4.54,eps
*Oc1ccc(cc1)NC(=O)c1ccc(cc1)Oc1ccc(cc1)C(=O)Nc1ccc(cc1)*,274.0,tg
*C(CCCCCCC*)C,-58.0,tg
*OC(=O)c1ccc(cc1)CCCCc1ccc(cc1)C(=O)*,46.0,tg
*CC(=O)C(=S)C(*)=O,6.8667,ei
*N1C(=O)c2c(C1=O)cc(cc2)Oc1ccc(cc1)C(=O)c1ccc(cc1)Oc1cc2c(C(=O)N(C2=O)c2cc(ccc2)*)cc1,239.0,tg
*C(C*)(C(=O)OCCCCCCCCCCn1c2ccc(cc2c2ccccc12)C=C(c1ccc(cc1)[N+](=O)[O-])C#N)C,40.0,tg
*Nc1ccc(C(=O)O*)cc1,3.977,egb
*Cc1ccc(OC(*)=S)cc1,3.7121,egb
*CC(=O)Oc1ccc(*)s1,3.92,eps
*CCOCCOCCOC(=O)CCCCC(=O)O*,6.384,egc
*C=CC(C)(C)CC(C#N)C*,5.6628,egc
*C=CC(C*)OC,-10.5,tg
*Oc1ccc(cc1)C(c1ccc(cc1)OC(=O)c1cc(cc(c1)NC(=O)c1ccc(cc1)NC(=O)C(N1C(=O)c2c(C1=O)cccc2)C)C(=O)*)(C)C,238.0,tg
*C(F)C(*)(F)F,1.524,eea
*OC(=O)c1ccc(cc1)C(=O)OCC1CC(CC(C1)C(C)(C)C)C*,118.0,tg
*Cc1c(C)c(C)c(CNC(=O)CCCC(=O)N*)c(C)c1C,5.2131,egc
*CNc1ccc(C(*)=O)cc1,4.8,eps
*C(=S)OC(=S)c1ccc(*)cc1,3.7508,eea
*C(C*)c1c(ccc(c1)C(=O)OCCCCCCCCCC)c1ccc(cc1)OCCCCCCCC,44.0,tg
*OC(COC(=O)c1c(cccc1)c1c(cccc1)C(=O)*)COc1ccc(cc1)N=Nc1ccc(cc1)C#N,120.0,tg
*c1ccc(*)n1C(C(=O)NO)n1ccc2ccccc21,2.4131,egc
*OC(=O)C(=S)C(*)=O,5.1004,eea
*Oc1ccc(cc1)C(c1ccc(cc1)OC(=O)CCCCCCCCC(=O)*)(C)C,14.25,tg
*Oc1ccc(cc1)NC(=O)c1cc(cc(c1)C(C)(C)C)C(=O)Nc1ccc(cc1)Oc1ccc(cc1)C(c1ccc(cc1)*)(C)C,215.33,tg
*N(CC*)C(=O)C(CCCC)CC,33.0,tg
*c1cc(CCOCCOC)c(*)[nH]1,2.8631,egc
*C1C(=O)OC(=O)C1C(C*)(N=C=O)C,100.0,tg
*Nc1cc(ccc1)NC(=O)c1cc(ccc1)C(=O)Nc1ccc(cc1)C(=O)NC(=S)*,270.0,tg
*c1cc2c(C(=O)N(C2=O)c2cc(ccc2)Oc2ccc(cc2)N2C(=O)c3c(C2=O)cc(cc3)c2c(c(c(c(c2c2ccccc2)c2ccccc2)c2ccc(cc2)Oc2ccc(cc2)c2c(c(c(c(c2c2ccccc2)c2ccccc2)*)c2ccccc2)c2ccccc2)c2ccccc2)c2ccccc2)cc1,309.0,tg
*CC(*)(C)C(=O)OCC(F)(F)C(F)F,5.3983,egb
*N1C(=O)c2c(C1=O)cc(cc2)Oc1cc2c(cc1)cc(cc2)Oc1cc2c(C(=O)N(C2=O)c2ccc(cc2)Oc2ccc(cc2)c2ccc(cc2)Oc2ccc(cc2)*)cc1,230.0,tg
*c1nc(ccc1)NC(=O)NCCCCCCNC(=O)N*,169.67,tg
*c1cc2c(C(=O)N(C2=O)c2ccc(cc2)Oc2ccc(cc2)N2C(=O)c3c(C2=O)cc(cc3)C(=O)c2ccc(cc2)Oc2ccc(cc2)c2ccc(cc2)Oc2ccc(cc2)C(=O)*)cc1,233.0,tg
*C1C2C(C(=O)N(C2=O)CCCCCCCC)C(C1)C=C*,56.5,tg
*OC(=O)CCCCCC(=O)OCCOCCOCC*,-54.0,tg
*CCc1ccc(Cc2ccc(CCS*)cc2)cc1,4.3552,egb
*C1COC2C1OCC2OC(=O)C(NC(=O)CCCCC(=O)NC(C(=O)O*)CCSC)CCSC,71.0,tg
*CCNC(=O)NCCCCCCNC(=O)O*,5.6117,egc
*Oc1ccc(cc1)Cc1ccc(cc1)OC(=O)c1ccc(cc1)C(c1ccc(cc1)C(=O)*)(C)C,135.0,tg
*c1ccc2c3n(c4ccc(cc4n3)c3cc4n5c(nc4cc3)c3cccc4c(ccc(c5=O)c34)Oc3ccc(cc3)Sc3ccc(cc3)O*)c(=O)c3cccc1c23,386.0,tg
*CC(*)C(=O)Oc1ccc(C#N)cc1,4.6366,egc
*O[Si](OC(CCC*)C)(C)C,-81.0,tg
*C=Cc1cc(CCCCCC)c(-c2sc(*)cc2CCCCCC)s1,1.7165,egc
*c1cc2c(nc(cc2c2ccccc2)Oc2nc3c(c(c2)c2ccccc2)cc(cc3)c2ccc(cc2)Oc2ccc(cc2)*)cc1,268.5,tg
*OC(=O)C=CC(=O)NCCCCCCNC(=O)C=CC(=O)OCCOCC*,76.0,tg
*Oc1c2c(ccc1)c(ccc2)OCCNC(=O)c1cc(ccc1)C(=O)NCC*,171.0,tg
*O[Si](O[Si](c1c(c(c(c(c1F)F)F)[Si](*)(C)C)F)(C)C)(C)C,-61.0,tg
*C(*)C,7.4047,egb
*C1(c2c(C(=O)N1c1ccccc1)cccc2)c1ccc(cc1)OC(=O)c1ccc(cc1)[Si](c1ccc(cc1)C(=O)Oc1ccc(cc1)*)(C)C,255.0,tg
*OC(C*)CS(=O)(=O)CC,57.0,tg
*N1C(=O)c2c(C1=O)cc(cc2)Oc1ccc(cc1)C(c1ccc(cc1)Oc1cc2c(C(=O)N(C2=O)c2ccc(cc2)Oc2ccc(cc2)*)cc1)(C(F)(F)F)C(F)(F)F,257.0,tg
*C(C*)(C(=O)OCc1ccc2n(c3c(c2c1)cccc3)CC)C,131.14,tg
*C(C*)C(=O)OCCCCCCCCCCCn1c2ccccc2c2ccccc12,15.0,tg
*Nc1ccc(-c2ccc(NC(=O)CCCCCCCCC(*)=O)c(O)c2)cc1O,3.9935,egc
*N1C(=O)c2c(C1=O)cc(cc2)Oc1c(cccc1)Oc1cc2c(C(=O)N(C2=O)c2cc(c(cc2)Oc2c(cccc2)Oc2c(cc(cc2)*)C(F)(F)F)C(F)(F)F)cc1,185.0,tg
*OC(=O)CCCCCCCCC(=O)OCC#CC(=Cc1ccc(cc1)C#Cc1ccc(cc1)C=C(C#Cc1ccccc1)C#Cc1ccccc1)C#CC*,60.0,tg
*Oc1ccc(cc1)CC(NC(=O)CCc1ccc(cc1)OC(=O)CCCCC(=O)*)C(=O)OCC(C)C,56.0,tg
*CCCCNC(=O)CCC=CCCC(=O)N*,5.5356,egc
*c1ccc(Oc2ccc(-c3cnc4ccc(-c5ccc6nc(*)cnc6c5)cc4n3)cc2)cc1,3.1515,egc
*c1cc2c(C(=O)N(C2=O)c2c(cc(c(c2C)N2C(=O)c3c(C2=O)cc(cc3)C(*)(C(F)(F)F)C(F)(F)F)C)C)cc1,366.25,tg
*C(=O)c1cccc(C(=O)N2COCN2*)c1,4.5807,egc
*c1ccc(Oc2ccc(-n3c(=O)c4cc5c(=O)n(*)c(=O)c5cc4c3=O)cc2-c2ccccc2)cc1,2.1739,egc
*Oc1ccc(cc1)S(=O)(=O)c1ccc(cc1)OC(=O)c1cc(cc(c1)CCCCC)C(=O)*,170.0,tg
*CC(=O)CC(*)=O,4.6959,egb
*c1cc2c(C(=O)N(C2=O)c2ccc(cc2)Oc2ccc(cc2)C(c2ccc(cc2)Oc2ccc(cc2)N2C(=O)c3c(C2=O)cc(cc3)C(=O)*)(C)C)cc1,287.73,tg
*C(=O)c1ccc(-c2ccc(-c3ccc(*)s3)s2)s1,8.28,eps
*c1ccc(C)c(N2C(=O)c3ccc(S(=O)(=O)c4ccc5c(c4)C(=O)N(*)C5=O)cc3C2=O)c1,3.2404,egc
*C=CC(C(=O)OC(C)C)C(*)C(=O)OC(C)C,5.3094,egc
*C(=O)c1ccc(NC(=S)Oc2ccc(Nc3ccc(*)s3)s2)s1,2.3992,egb
*C(=O)NC(F)(F)C(*)(F)F,3.53,eps
*CCN1C(=O)C(=CCCCC=C2SC(=S)N(*)C2=O)SC1=S,3.4576,egc
*CCCCc1nnc(*)o1,6.3699,egc
*CCCCCCCCCCCCCCCCCCNC(=O)NCCCCCCCCCCNC(=O)N*,5.6443,egc
*CCCCCCCC(=O)O*,6.6609,egc
*N1C(=O)c2c(C1=O)cc(cc2)C(=O)Oc1ccc(cc1)c1ccc(cc1)OC(=O)c1cc2c(C(=O)N(C2=O)CCCCC*)cc1,147.0,tg
*OC(=O)C(C(=O)OCCC[Sn](CCC*)(C)C)CCCCCCOc1ccc(cc1)c1ccc(cc1)OCc1ccc(cc1)[N+](=O)[O-],40.5,tg
*O[Si](*)(CCCOCCOCCOCCOCCOCCOCCOCCOC)CCCOCCOCCOCCOCCOCCOCCOCCOC,-66.4,tg
*C1C2C(C(=O)N(C2=O)CCCCCCCCCCCC)C(C1)C=C*,50.0,tg
*NC(=O)Nc1ccc(*)s1,4.8361,ei
*C(C*)(C(=O)OCc1cc(c(cc1)OCCOCC)OCCOCC)C,-2.0,tg
*c1nc(cnc1)Oc1ccc(cc1)C(c1ccc(cc1)O*)(C)C,94.0,tg
*c1nc2c(nc1c1ccccc1)cc(cc2)Oc1cc2c(nc(c(n2)c2ccccc2)c2ccc(cc2)OCCN(CCOc2ccc(cc2)*)c2ccc(cc2)N=Nc2c(cc(cc2)[N+](=O)[O-])C)cc1,188.0,tg
*c1cc2c(C(=O)N(C2=O)C2CC(CC(C2)(CN2C(=O)c3c(C2=O)cc(cc3)C(*)(C(F)(F)F)C(F)(F)F)C)(C)C)cc1,278.0,tg
*C(C*)c1ccc(cc1)COc1ccc(cc1)c1c2c(nsn2)c(cc1)c1sc(cc1)c1sc(cc1)CCCCCC,122.0,tg
*C(C*)C(=O)OCCOCC1(COC1)CC,-16.0,tg
*CC(*)C(=O)N(O)c1cccc(C)c1,4.1845,egc
*C(C*)c1ccc(cc1)OC(=O)C,114.44,tg
*c1sc(cc1CCCCCCCCCCCC)c1ccc(cc1)c1sc(c(c1)CCCCCCCCCCCC)c1ccc(cc1)*,-19.2,tg
*C=CC1CC(*)C2CC=CC12,5.3836,egc
*OC(CC(=O)OCC*)C,-37.1,tg
*CCCCCOC(=O)NNC(=O)CCCCCCCCC(=O)NNC(=O)O*,5.6607,egc
*OC1C(C)(C)C(OC(*)=O)C1(C)C,6.9495,egb
*NC(CC(=O)*)C,115.0,tg
*N1C(=O)c2c(C1=O)cc(cc2)Oc1ccc(cc1)Oc1ccc(cc1)Oc1cc2c(C(=O)N(C2=O)c2ccc(cc2)Oc2ccc(cc2)c2ccc(cc2)Oc2ccc(cc2)*)cc1,211.0,tg
*Oc1c2c(ccc1)cc(cc2)OCCNC(=O)c1cc(ccc1)C(=O)NCC*,155.5,tg
*CCCCCCC(=O)O*,6.5222,egc
*N1C(=O)c2c(C1=O)c(ccc2)Oc1ccc(cc1)C(c1ccc(cc1)Oc1c2c(C(=O)N(C2=O)c2c(cc(cc2C)c2cc(c(c(c2)C)*)C)C)ccc1)(C)C,265.0,tg
*N1C(=O)c2c(C1=O)cc(cc2)Oc1ccc(cc1)Sc1ccc(cc1)Oc1cc2c(C(=O)N(C2=O)c2ccc(cc2)Oc2cc(ccc2)Oc2ccc(cc2)*)cc1,178.0,tg
*c1c(c(cc(c1)N=Nc1ccc(cc1)C#N)*)O,176.0,tg
*N1C(=O)c2c(C1=O)cc(cc2)Oc1cc2c(C(=O)N(C2=O)c2ccc(cc2)S(=O)(=O)c2ccc(cc2)*)cc1,262.0,tg
*Oc1ccc(cc1)Oc1ccc(cc1)C(=O)c1ccc(cc1)*,150.4,tg
*OC(=O)NCCCCCCNC(=O)OCCN(CC*)c1ccccc1,31.9,tg
*CCCCCCCCCCCCCCCCCCCCOC(=O)CCC(=O)O*,6.7992,egc
*c1cc2c(C(=O)N(C2=O)c2cc(cc(c2)OCCCCCCCCCCCC)N2C(=O)c3c(C2=O)cc(cc3)C(*)(C(F)(F)F)C(F)(F)F)cc1,165.0,tg
*Oc1cc2c(cc1)ccc(c2)OC(=O)c1ccc(cc1)Oc1ccc(cc1)C(=O)*,142.0,tg
*OC(=O)CC(CC*)C,-71.5,tg
*OC(=S)C(F)(F)C(*)(F)F,1.7142,nc
*C(=C*)C(CCC)[Si](c1ccccc1)(C)C,110.0,tg
*[n+]1ccc(cc1)c1cc[n+](cc1)Cc1cc(ccc1)C*,128.0,tg
*Oc1cc(ccc1)Oc1ccc(cc1)C(=O)c1ccc(cc1)P(=O)(c1ccc(cc1)C(=O)c1ccc(cc1)*)c1ccccc1,201.0,tg
*Oc1ccc(cc1)Oc1ccc(cc1)Oc1c(cc(cc1)S(=O)(=O)c1cc(c(cc1)Oc1ccc(cc1)Oc1ccc(cc1)Oc1ccc(cc1)c1ccc(cc1)*)S(=O)(=O)O[Na])S(=O)(=O)O[Na],302.0,tg
*N(c1ccc(cc1)C(=O)*)CCCC,124.0,tg
*OC(CCOC(=O)C(C(=O)*)CCCCCCOc1ccc(cc1)N=Cc1ccc(cc1)[N+](=O)[O-])C,3.0,tg
*C1OC(CCC1)NC(=O)*,145.0,tg
*Oc1c(OC)cc(*)cc1OC,4.2534,egc
*C#Cc1cc(CCCCCC)c(*)s1,1.5751,egc
*Oc1ccc(C(F)(F)C(*)(F)F)s1,1.9642,eea
*OCC(F)(F)C(*)(F)F,8.8494,egb
*C1C(=O)N(C(=O)C1C(C*)(C)C)c1c(cccc1CC)CC,210.0,tg
*CC(=S)NO*,5.6761,ei
*c1cc2c(C(=O)N(C2=O)c2cc(ccc2)C#Cc2cc(ccc2)N2C(=O)c3c(C2=O)cc(cc3)C(=O)*)cc1,295.8,tg
*Oc1ccc(cc1)C1(c2ccccc2c2ccccc12)c1ccc(cc1)OC(=O)CCCCC(=O)*,166.0,tg
*OC(=O)Nc1ccc(cc1)Cc1ccc(cc1)NC(=O)OCCCCCCCCCCCC*,43.0,tg
*Nc1ccc(-c2ccc(-c3ccc(*)s3)s2)s1,1.5003,egb
*NC(=O)c1ccc(cc1)C(=O)NCCCCCCCCCCCC*,130.0,tg
*CCCCCNC(=O)CCCCCCCCCCCCCCCCC(=O)N*,5.855,egc
*c1ccc2n(c3c(c2c1)cc(cc3)Nc1ccc(cc1)Oc1ccc(cc1)N*)CC(CCCC)CC,220.0,tg
*c1cc2c(s1)-c1sc(*)cc1C2=C(C#N)C#N,0.6839,egc
*S(=O)(=O)c1cc(ccc1)N/C=C\C(=O)c1cc(ccc1)C(=O)/C=C\Nc1cc(ccc1)*,215.0,tg
*Oc1c2c(ccc1)ccc(c2)Oc1ccc(cc1)NC(=O)c1ccc(cc1)Oc1ccc(cc1)C(c1cc(ccc1)C(c1ccc(cc1)Oc1ccc(cc1)C(=O)Nc1ccc(cc1)*)(C)C)(C)C,175.5,tg
*Oc1ccc(cc1)CC(NC(=O)CCc1ccc(cc1)OC(=O)COCCOCC(=O)*)C(=O)OC(C)C,58.0,tg
*NC(=S)Nc1ccc(*)cc1,2.6405,egb
*Oc1ccc(cc1)c1ccc(cc1)CC(c1ccc(cc1)OCCCCCCCCCCCC*)C,40.0,tg
*CCCCCCCCCCCCCCCCCCCCOC(=O)CCCCCCCCC(=O)O*,6.784,egc
*Nc1cc(F)c(*)cc1F,3.4723,egc
*C(C*)C(=O)OCCCC,-31.07,tg
*OC(=O)c1ccc(C(*)=O)cc1,3.2451,eea
*C=Cc1cccc(C=Cc2cc(*)ncn2)c1,3.4013,egc
*N1C(=O)c2c(C1=O)cc(cc2)S(=O)(=O)c1cc2c(C(=O)N(C2=O)c2ccc(cc2)Oc2ccc(cc2)*)cc1,283.5,tg
*Oc1ccc(cc1)S(=O)(=O)c1c2c(ccc1)c(ccc2)S(=O)(=O)c1ccc(cc1)Oc1c(cc(cc1C)c1cc(c(c(c1)C)*)C)C,262.0,tg
*N1C(=O)c2c(C1=O)cc(cc2)Oc1cc2c(cc1)ccc(c2)Oc1cc2c(C(=O)N(C2=O)c2ccc(cc2)Oc2ccc(cc2)Oc2ccc(cc2)*)cc1,228.0,tg
*C(C*)C(=O)OCC(C(OC(C(C(F)(F)F)(F)F)(F)F)(F)F)(F)F,-68.0,tg
*OC(=O)c1ccc(cc1)CCCCCc1ccc(cc1)C(=O)*,42.5,tg
*C(F)C(*)(F)F,1.5796,nc
*OC(=O)CCCCC(=O)OCCCCC*,-70.33,tg
*CC(=S)c1ccc(C(*)=S)s1,4.932,ei
*N1C(=O)c2c(C1=O)c(ccc2)Oc1ccc(cc1)C(c1ccc(cc1)Oc1c2c(C(=O)N(C2=O)c2ccc(cc2)Oc2ccc(cc2)c2ccc(cc2)Oc2ccc(cc2)*)ccc1)(C)C,236.0,tg
*OC(=O)CCSCCC(=O)OCC*,-47.0,tg
*CC(*)(C)C(=O)OCCC#N,6.2508,egb
*C(C*)c1ccc(cc1)COC,77.0,tg
*N1C(=O)c2c(C1=O)cc(cc2)Oc1cc2c(C(=O)N(C2=O)c2ccc(cc2)c2ccc(cc2)NC(=O)c2cc(ccc2)C(=O)Nc2ccc(cc2)c2ccc(cc2)*)cc1,233.0,tg
*c1cc2C3(CC(CC(C3)(C)C)(C)C)c3c(c2cc1)ccc(c3)c1cc2C(c3c(c2cc1)ccc(c3)*)(CCCCCCCC)CCCCCCCC,132.0,tg
*CCOC(=O)C1C2C=CC(C2)C1C(=O)O*,5.7779,egc
*c1cc2c(C(=O)N(C2=O)c2c(c(ccc2)N2C(=O)c3c(C2=O)cc(cc3)C(*)(C(F)(F)F)C(F)(F)F)C)cc1,353.5,tg
*Nc1ccc(Oc2ccc(*)cc2)cc1,1.9297,nc
*CC(*)(F)C(=O)OCCC,6.5259,egc
*C(C*)(C(=O)OCCC)Cl,66.0,tg
*C(C*)C(=O)OCC(C(C(C(C(F)(F)F)(F)F)(F)F)(F)F)(F)F,-39.0,tg
*OC(=O)OCCOCC*,-40.0,tg
*c1ccc(-c2ccc(C(F)(F)C(*)(F)F)cc2)cc1,2.3351,eea
*Oc1ccc(cc1)C(c1ccc(cc1)Oc1ccc(cc1)C(=O)c1ccc(cc1)*)c1c(cccc1)C(=O)O,220.5,tg
*Cc1ccc(CO*)cc1,4.9575,egc
*C(C*)C(=O)OCCCCCCCC,-65.0,tg
*S(=O)(=O)c1cc(ccc1)NC(=O)CCCCCCCCCCC(=O)Nc1cc(ccc1)*,107.0,tg
*C(=S)c1ccc(-c2ccc(-c3ccc(*)cc3)cc2)cc1,3.0264,eea
*Oc1ccc(cc1)CC(Cc1ccc(cc1)*)(C#N)C#N,147.0,tg
*N1C(=O)c2c(C1=O)cc(cc2)C(=O)c1cc2c(C(=O)N(C2=O)CC(=O)Nc2ccc(cc2)Oc2ccc(cc2)Oc2ccc(cc2)NC(=O)C*)cc1,230.0,tg
*CC(*)CCC,6.7336,egc
*c1cc2c(C(=O)N(C2=O)c2ccc(cc2)Oc2c3c(ccc2)c(ccc3)Oc2ccc(cc2)N2C(=O)c3c(C2=O)cc(cc3)C(=O)Nc2cc(ccc2)NC(=O)*)cc1,263.0,tg
*CC(*)(Cl)C#N,6.5592,egc
*O[Si](CCCN=C1c2c(ccc(c2C(=NCCC[Si](*)(C)C)c2ccccc12)O)O)(C)C,7.5,tg
*CCCOC(=O)CCCC(=O)O*,6.7627,egc
*N1C(=O)c2c(C1=O)cc(cc2)Oc1cc2c(C(=O)N(C2=O)c2ccc(cc2)Oc2ccc(cc2)*)cc1,266.3,tg
*CNC(=S)c1ccc(*)s1,4.55,eps
*c1cc2c(C(=O)N(C2=O)c2c(cccc2)Cc2c(cccc2)N2C(=O)c3c(C2=O)cc(cc3)C(=O)*)cc1,285.0,tg
*C=CC(C(*)COCc1ccccc1)COCc1ccccc1,-4.0,tg
*C(C*)OC(=O)C(C(C(C(C(F)(F)F)(F)F)(F)F)(F)F)(F)F,-9.0,tg
*CCCCCC(=O)NCCCCCOCCCCCNC(=O)CCCCO*,5.905,egc
*c1sc(cc1CCOc1ccc(cc1)N=Nc1ccc(cc1)C#N)*,73.0,tg
*C(CCCCCCCC*)Cl,-33.0,tg
*CC(CCC)C(CCC)COC(=O)c1ccc(C(=O)O*)cc1,4.4708,egb
O(*)c1ccc(cc1)C(=O)Nc1ccc(cc1)S(=O)(=O)c1ccc(cc1)NC(=O)c1ccc(cc1)(*),3.8301,egc
*c1cc2c(C(=O)N(C2=O)c2c(cc(c(c2C)N2C(=O)c3c(C2=O)cc(cc3)C(=O)Nc2ccc(cc2)C(c2ccc(cc2)NC(=O)*)(C(F)(F)F)C(F)(F)F)C)C)cc1,250.0,tg
*C=Cc1ccc(*)c2occc12,1.6799,egc
*CCCC(C)(C)CNC(=O)c1cccc(C(=O)N*)c1,5.0204,egc
*C(=O)c1ccc(C(=O)N(C)N(*)C)cc1,4.0457,egc
*c1sc(*)c(OCCCC)c1OC,3.2859,egc
*c1ccc(-c2cc(CCCCCCCCCCCC)c(*)s2)s1,1.5458,egc
*C(C*)c1c(ccc(c1)Br)OC,86.0,tg
*N1C(=O)c2c(C1=O)cc(cc2)C(=O)Oc1ccc(cc1)c1ccc(cc1)OC(=O)CCCCCCCCCC*,61.0,tg
*c1[nH]c(nc1c1ccc(cc1)Oc1ccc(cc1)C(=O)c1cc2c(cc1)cc(cc2)C(=O)c1ccc(cc1)Oc1ccc(cc1)*)c1ccccc1,239.0,tg
*N1C(=O)C(CC1=O)(SCCOCCSC1(C(=O)N(C(=O)C1)c1ccc(cc1)S(=O)(=O)c1ccc(cc1)N1C(=O)C(C(C1=O)C)SCCOCCSC1C(=O)N(C(=O)C1C)c1ccc(cc1)S(=O)(=O)c1ccc(cc1)*)C)C,157.0,tg
*N1C(=O)C2CCC3C(C2C1=O)C(=O)N(C3=O)c1ccc(cc1)Oc1ccc(cc1)C(c1ccc(cc1)Oc1ccc(cc1)*)(C)C,263.5,tg
*Oc1ccc(C(C)(CCC#N)c2ccc(OC(*)=O)c(C)c2)cc1C,4.6661,egc
*OCC(=S)c1ccc(C(=S)Cc2ccc(-c3ccc(*)cc3)cc2)s1,4.62,eps
*c1cc2c(C(=O)N(C2=O)c2ccc(cc2)Oc2ccc(cc2)C2(C3C4C(CCC4)C(C2)C3)c2ccc(cc2)Oc2ccc(cc2)N2C(=O)c3c(C2=O)cc(cc3)C(=O)Nc2ccc(cc2)Oc2c(cc(cc2)Oc2ccc(cc2)NC(=O)*)C(C)(C)C)cc1,275.0,tg
*Oc1ccc(cc1)NC(=O)c1cc(cc(c1)C(C)(C)C)C(=O)Nc1ccc(cc1)*,268.0,tg
*C(C*)C(=O)NCP(=O)(O)O,26.0,tg
*NC(=O)NC(=O)c1ccc(C(=S)c2ccc(-c3ccc(*)s3)s2)s1,5.1795,ei
*NC(=O)Oc1ccc(*)s1,3.4227,egb
*c1cc2c(C(=O)N(C2=O)c2ccc(cc2)Oc2ccc(cc2)N2C(=O)c3c(C2=O)cc(cc3)C(=O)N2C(=S)N(C(C(=C2C)C(=O)OCC)c2ccccc2)C(=O)*)cc1,155.0,tg
*c1ccc(C(F)(F)c2ccc(C(*)(F)F)cc2)s1,4.0,eps
*CCCCCCC(=O)NCCCCCOCCCCCNC(=O)CCCO*,5.944,egc
*C(C*)OC(=O)C(C(C(C(F)(F)F)(F)F)(F)F)(F)F,17.5,tg
*N1C(=O)c2c(C1=O)cc(cc2)Oc1cc2c(cc1)ccc(c2)Oc1cc2c(C(=O)N(C2=O)c2ccc(cc2)C(c2ccc(cc2)*)(C(F)(F)F)C(F)(F)F)cc1,256.0,tg
*CCCCCCOC(=O)CCCCSCCCCC(=O)O*,5.2687,egc
*c1nc2c([nH]1)ccc(c2)c1ccc2c(nc([nH]2)c2cc(ccc2)C(=O)Nc2ccc(cc2)Cc2ccc(cc2)N2C(=O)c3c(C2=O)cc(cc3)S(=O)(=O)c2cc3c(C(=O)N(C3=O)c3ccc(cc3)Cc3ccc(cc3)NC(=O)c3cc(ccc3)*)cc2)c1,270.0,tg
*CC(=S)CO*,3.0342,egc
*C(=O)c1ccc2c(c1)C(=O)N(c1ccc(C(=O)N(C)c3ccc(N4C(=O)c5ccc(*)cc5C4=O)cc3)cc1)C2=O,2.3425,egc
*Oc1ccc(P(C)(=O)c2ccc(*)cc2)cc1,4.6884,egc
*CC(*)C(=O)OCC(F)(F)C(F)(F)OC(F)(F)F,6.5517,egc
*Nc1ccc(C(=O)c2ccc(*)s2)cc1,6.11,eps
*CCN(CCCC(=O)Nc1ccc(N=Nc2ccccc2)cc1)CCOC(=O)NCC1CCCC(CNC(=O)O*)C1,3.1195,egc
*Oc1ccc(NC(=O)c2cc(NC(=O)c3ccncc3)cc(C(=O)Nc3ccc(*)cc3)c2)cc1,3.2858,egc
*c1ccc2N(c3c(Sc2c1)cc(cc3)C=C*)c1ccc(cc1)OCCCCCCCCCCCC,129.0,tg
*C(C*)c1ccc(cc1)B(Oc1c2ncccc2c(cc1)c1ccc(cc1)N(C)C)c1ccc(cc1)C(C)(C)C,230.0,tg
*c1cc2c(C(=O)N(C2=O)c2ccc(cc2)Sc2ccc(cc2)Sc2ccc(cc2)Sc2ccc(cc2)Sc2ccc(cc2)N2C(=O)c3c(C2=O)cc(cc3)C(*)(C(F)(F)F)C(F)(F)F)cc1,216.0,tg
*Nc1ccc(cc1)C(c1ccc(cc1)NC(=O)c1ccc(cc1)C(c1ccc(cc1)C(=O)*)(C(F)(F)F)C(F)(F)F)(P1(=O)c2ccccc2c2ccccc2O1)P1(=O)c2ccccc2c2ccccc2O1,235.0,tg
*CC(=O)c1ccc(C(*)=S)cc1,3.7473,eea
*N1C(=O)c2c(C1=O)cc(cc2)Oc1ccc(cc1)c1ccc(cc1)Oc1cc2c(C(=O)N(C2=O)c2ccc(cc2)Oc2ccc(cc2)Oc2ccc(cc2)Oc2ccc(cc2)*)cc1,212.0,tg
*N(CC*)C(=O)c1cc(c(cc1)F)F,101.0,tg
*NC(Cc1c[nH]c2ccccc12)C(*)=O,4.3631,egc
*c1oc(nc1)c1cc(c(cc1)Oc1ccc(cc1)c1ccc(cc1)Oc1c(cc(cc1)*)C(F)(F)F)C(F)(F)F,200.0,tg
*c1cc2c(C(=O)N(C2=O)c2ccc(cc2)C(=O)c2ccc(cc2)C(=O)c2ccc(cc2)N2C(=O)c3c(C2=O)cc(cc3)C(=O)*)cc1,286.0,tg
*c1cc2c(C(=O)N(C2=O)C2CCC(CC2)CC2CCC(CC2)N2C(=O)c3c(C2=O)cc(cc3)C(=O)*)cc1,254.0,tg
*C#CC(=C(*)c1cnc2ccccc2c1)c1cnc2ccccc2c1,0.5725,egb
*c1sc(cc1)Oc1ccc(cc1)C(c1ccc(cc1)Oc1sc(cc1)C(=O)*)(C)C,124.0,tg
*N1C(=O)c2c(C1=O)cc(cc2)C(=O)c1cc2c(C(=O)N(C2=O)CCCCCC(=O)Nc2cc(ccc2)Oc2ccc(cc2)NC(=O)CCCCC*)cc1,170.0,tg
*OC(=O)C(F)(F)C(*)(F)F,1.5879,nc
*C(C*)(CC(=O)OCCCCCCCCC)C(=O)OCCCCCCCCC,-13.0,tg
*C(=C(*)C)c1ccccc1,200.0,tg
*N1C(=O)c2c(C1=O)cc(cc2)C(=O)Oc1ccc(cc1)OC(=O)CCCCCC*,74.32,tg
*C(C*)(C(=O)OCCN(c1ccc(cc1)N=Nc1ccc(cc1)[N+](=O)[O-])CC)C,125.25,tg
*c1oc(nn1)c1ccc(cc1)C#Cc1c(cc(c(c1)OCCCCCCCC)C#Cc1ccc(cc1)*)OCCCCCCCC,130.0,tg
*OC(=O)c1c(ccc(c1)C(=O)OCC(C(C(C*)(F)F)(F)F)(F)F)OCCCCC,9.0,tg
*c1sc(c(c1c1ccccc1)c1ccccc1)c1ccc(cc1)CC(=O)Nc1ccc(cc1)Cc1ccc(cc1)NC(=O)Cc1ccc(cc1)*,227.0,tg
*c1cc2c(C(=O)N(C2=O)c2ccc(cc2)Oc2ccc(cc2)N2C(=O)c3c(C2=O)cc(cc3)C(=O)c2cc(cc(c2)c2ccccc2)C(=O)*)cc1,258.5,tg
*Oc1ccc(cc1)C(c1ccc(cc1)C(c1ccc(cc1)Oc1ccc(cc1)C(=O)Nc1ccc(cc1)Cc1ccc(cc1)NC(=O)c1ccc(cc1)*)(C)C)(C)C,162.0,tg
*CCCC(CCNC(=O)c1ccc(C(=O)N*)cc1)C(C)C,4.6978,egc
*C(C*)c1c(cccc1)C(=O)OC,130.0,tg
*c1sc(cc1CCCCCCCCCC)*,-33.0,tg
*CCCCCCCCCNC(=O)CCCCC(=O)N*,5.6864,egc
*C(=O)c1ccc2c(c1)C(=O)N(c1cccc(C(=O)N(C)c3ccc(N4C(=O)c5ccc(*)cc5C4=O)cc3)c1)C2=O,2.3447,egc
*CCCCNC(=O)C(=O)N*,5.1306,egc
*Oc1ccc(cc1)C(=O)OCCOCCOCCOC(=O)c1ccc(cc1)OC(=O)c1ccc(cc1)C(=O)*,25.0,tg
*CCOCCOC(=O)O*,7.5966,ei
*CC(O*)C(C)C,5.7752,egc
*CCCCNC(=O)CCCCCCC(=O)N*,6.0697,egc
*Oc1ccc(cc1)C(c1ccc(cc1)OCC(C*)OC(=O)CC)(C)C,60.0,tg
*NC(=O)C(=S)c1ccc(*)cc1,1.5619,egb
*c1c(cc(cc1)CC*)C,54.38,tg
*N1C(=O)c2c(C1=O)cc(cc2)Oc1cc2c(cc1Oc1cc3c(C(=O)N(C3=O)c3ccc(cc3)Oc3ccc(cc3)*)cc1)cccc2,228.75,tg
*NC(CC(*)=O)C(=O)OCCOC,5.9247,egc
*CNCC(*)=O,1.6269,eea
*Oc1ccc(cc1)C(c1ccc(cc1)Oc1ccc(cc1)C(=O)C(=O)c1ccc(cc1)*)(c1ccccc1)C,177.0,tg
*N1C(=O)c2c(C1=O)c(ccc2)Oc1ccc(cc1)C(=O)c1ccc(cc1)ON1C(=O)c2c(C1=O)c(ccc2)c1ccc(cc1)Oc1ccc(cc1)*,252.0,tg
*Cc1ccc(-c2ccc(O*)s2)s1,1.9533,nc
*N1C(=O)c2c(C1=O)c(ccc2)Oc1ccc(cc1)c1ccc(cc1)Oc1c2c(C(=O)N(C2=O)c2ccc(cc2)Oc2cc(ccc2)Oc2ccc(cc2)*)ccc1,224.0,tg
*OC(=S)c1ccc(C(*)=O)s1,4.037,eea
*Nc1ccc(OC(*)=S)cc1,4.5,eps
*OC(=O)c1ccc(cc1)N=Cc1c(cc(c(c1)OCCCCCC)C=Cc1c(cc(c(c1)OCCCCCC)C=Cc1c(cc(c(c1)OCCCCCC)C=Nc1ccc(cc1)C(=O)OCCCCOCCCCOCCCC*)OCCCCCC)OCCCCCC)OCCCCCC,14.3,tg
*Oc1cc(c(cc1)S(=O)(=O)c1c(cc(cc1)Oc1c(cc(cc1)C(c1cc(c(cc1)*)[Si](C)(C)C)(C(F)(F)F)C(F)(F)F)[Si](C)(C)C)[Si](C)(C)C)[Si](C)(C)C,148.9,tg
*CC(*)F,8.3099,egb
*OC(COCCOC)COC(*)=O,6.2142,egc
*c1ccc(-c2nc3cc4nc(*)c(-c5ccccc5)nc4cc3nc2-c2ccccc2)cc1,2.6364,egc
*Oc1ccc(cc1)NC(=O)c1cc(cc(c1)NC(=O)C12CC3CC(CC(C1)C3)C2)C(=O)Nc1ccc(cc1)*,335.0,tg
*CC(=O)Cc1ccc(*)s1,1.799,nc
*C(C=C1)=CC=C1C(S2)=CC=C2C(S3)=CC=C3O*,3.9319,egc
*C1C=C(CCCCCC)C(*)S1,4.7988,egc
*Oc1ccc(cc1)CC(NC(=O)CCc1ccc(cc1)OC(=O)COCCOCC(=O)*)C(=O)OCCCCCCCC,16.0,tg
*OC(C)COC(=O)C(*)=O,5.4575,egc
*OC(=O)Nc1c(ccc(c1)NC(=O)OCCN(CC*)c1ccc(cc1)C(=C(C#N)C#N)C#N)C,125.0,tg
*OP(=O)(OCCOc1ccc(cc1)S(=O)(=O)c1ccc(cc1)OCC*)Oc1ccccc1,49.0,tg
*CC(*)C(=O)C(C)(C)C,5.3334,egc
*Cc1ccc(-c2ccc(-c3ccc(*)cc3)s2)cc1,2.7314,egb
*Oc1ccc(cc1)C(=Cc1ccc(cc1)c1ccc(cc1)C=C(c1ccc(cc1)OC(=O)CCCCCCCCC(=O)*)c1ccccc1)c1ccccc1,111.0,tg
*Nc1ccc(-c2ccc(NC(=O)c3ccc(C(*)=O)cc3)cc2)cc1,3.3951,egc
*c1sc(cc1)c1cc(c(cc1)Oc1ccc(cc1)C1(c2ccccc2c2ccccc12)c1ccc(cc1)Oc1c(cc(cc1)*)C(F)(F)F)C(F)(F)F,169.0,tg
*c1nc2c(nc1)cc(cc2)Oc1cc2c(nc(cn2)c2ccc(cc2)*)cc1,306.0,tg
*C*,6.8972,egc
*CNCNC(=O)NC(=O)N*,6.2347,egc
*C(=O)C(F)(F)NC(*)(F)F,5.0875,egb
*c1cc2c(C(=O)N(C2=O)c2ccc(cc2)NC(=S)N=Cc2cc(c(cc2)Cl)N2C(=O)c3c(C2=O)cc(cc3)C(*)(C(F)(F)F)C(F)(F)F)cc1,272.0,tg
*c1ccc(-c2csc(-c3nc(*)cs3)n2)cc1,3.3372,egc
*C(=CCC*)CCCCCCC,-83.0,tg
*c1cc2c(C(=O)N(C2=O)c2cc(ccc2)N2C(=O)c3c(C2=O)cc(cc3)C(=O)c2cc(cc(c2)C(C)(C)C)C(=O)*)cc1,264.5,tg
*N(CC*)C(=O)c1c(c(c(cc1)F)F)F,102.0,tg
*CC(=O)NC(*)=S,1.9255,nc
*NC(=O)c1ccc(C(*)=S)cc1,1.971,nc
*COCOCCCO*,7.1508,ei
*c1ccc(N(c2ccc(C#N)cc2)c2ccc(-n3c(=O)c4cc5c(=O)n(*)c(=O)c5cc4c3=O)cc2)cc1,1.6108,egc
*C=NCCCCCCN=Cc1ccc(Sc2ccc(*)o2)o1,3.6661,egc
*Oc1ccc(-c2ccc(C(*)=O)cc2)cc1,4.1,eps
*Oc1c(cc(cc1C)c1cc(c(c(c1)C)OC(=O)CCCCC(=O)*)C)C,108.0,tg
*CC1CCC(COC(=O)c2ccc(NC(=O)O*)cc2)CC1,4.5441,egc
*CC(=O)NC(*)=O,1.7864,nc
*c1cc2C(c3c(c2cc1)ccc(c3)c1ccc(cc1)*)(CCCCCC)CCCCCC,105.87,tg
*Oc1ccc(cc1)C(c1ccc(cc1)OC(=O)c1c(cccc1)c1c(cccc1)C(=O)*)(C)C,154.5,tg
*Oc1ccc(C(F)(F)C(*)(F)F)s1,3.9,eps
*C(C*)C(=O)OCCSCCCC#N,-58.0,tg
*c1nc(ccc1)Oc1ccc(cc1)O*,100.0,tg
*C(C*)C(=O)Oc1ccc(cc1)N=Nc1ccc(cc1)OC,133.6,tg
*C(=O)NC(=O)c1ccc(*)cc1,4.45,eps
*Nc1ccc(*)cc1OCCCCCCCCCCCC,3.5203,egc
*NC(=O)c1c(cccc1)c1c(cccc1)C(=O)NCCCC1(c2ccccc2c2ccccc12)CCC*,165.0,tg
*c1cc2C(c3c(c2cc1)ccc(c3)c1ccc(cc1)*)(CCCCCCC#N)CCCCCCC#N,90.0,tg
*CNc1ccc(N*)cc1,0.54,eea
*Oc1ccc(cc1)NC(=O)c1ccc(cc1)Oc1ccc(cc1)C(=O)Nc1ccc(cc1)Oc1ccc(cc1)C1(C2CC3CC(CC1C3)C2)c1ccc(cc1)*,230.0,tg
*N1C(=O)c2c(C1=O)cc(cc2)c1cc2c(C(=O)N(C2=O)C2CC(CC(C2)(C*)C)(C)C)cc1,311.0,tg
*C(C=C1)=CC=C1C(C=C2)=CC=C2C(S3)=CC=C3C(S4)=CC=C4*,2.2403,egc
*C(C*)C(=O)Oc1c(cccc1)C,51.5,tg
*c1nc2c([nH]1)ccc(c2)NC(=O)c1ccc(cc1)OCCOCCOc1ccc(cc1)C(=O)Nc1ccc(cc1)*,175.0,tg
*CCCCCCCCCCCCCOC(=O)c1ccc(C(=O)NCCCCCCNC(=O)c2ccc(C(=O)O*)cc2)cc1,4.6196,egc
*C=CC(C(*)C(=O)OC)C,53.0,tg
*NC1CCC(CC1)CC1CCC(CC1)NC(=O)CCCCCCCCCCC(=O)*,139.67,tg
*Nc1cc(ccc1)C(=O)c1ccc(cc1)NC(=O)c1cc(ccc1)C(=O)c1ccc(cc1)C(=O)*,215.0,tg
*Oc1ccc(cc1)OC(=O)c1c(cc(cc1)C(=O)*)Oc1cc2c(cc1)cccc2,102.0,tg
*CC(=S)c1ccc(C(*)=S)s1,2.4487,nc
*Oc1ccc(cc1)S(=O)(=O)c1ccc(cc1)Oc1c(cc(cc1C)Cc1cc(c(c(c1)C)*)C)C,232.0,tg
*c1cc2c(C(=O)N(C2=O)c2ccc(cc2)Oc2ccc(cc2)N2C(=O)c3c(C2=O)cc(cc3)C(C(C(C(C(C(C(*)(F)F)(F)F)(F)F)(F)F)(F)F)(F)F)(F)F)cc1,178.0,tg
*Nc1c(ccc(c1)NC(=O)Nc1ccc(cc1)CCc1c(cccc1)NC(=O)*)C,227.0,tg
*CC(*)OC(C)=O,5.9373,egb
*Oc1ccc(cc1)CC(NC(=O)CCc1ccc(cc1)OC(=O)CCCCCCC(=O)*)C(=O)OCC,50.0,tg
*C(=C*)c1c(cccc1)C[Si](C)(C)C,170.0,tg
*C(C*)c1ccc(cc1)CCC(C(C(C(F)(F)F)(F)F)(F)F)(F)F,23.0,tg
*C(=S)C(F)(F)c1ccc(C(*)(F)F)cc1,3.7,eps
*CCCCCCCCC(=O)NCCCCCCNC(=O)CCCO*,5.9837,egc
*CC(=S)c1ccc(N*)cc1,5.6636,ei
*OCCCCONC(*)=O,1.6747,nc
*c1c2c(c(s1)c1sc(c(c1)CCCCCC)c1cc3n(c4c(c3cc1)ccc(c4)c1sc(cc1CCCCCC)*)CCCCCCCCCCCC)nc(c(n2)CC)CC,89.0,tg
*c1cc2c(C(=O)N(C2=O)c2ccc(cc2)Oc2ccc(cc2)C2(C3C4C(CCC4)C(C2)C3)c2ccc(cc2)Oc2ccc(cc2)N2C(=O)c3c(C2=O)cc(cc3)C(=O)Nc2ccc(cc2)Oc2ccc(cc2)C(c2ccc(cc2)Oc2ccc(cc2)NC(=O)*)(C(F)(F)F)C(F)(F)F)cc1,254.0,tg
*C(C*)OCC,-37.29,tg
*C(F)C(*)(F)OC(F)(F)F,7.802,egb
*NOC(F)(F)C(*)(F)F,9.0368,ei
*Oc1ccc(-c2ccc(C(*)=O)s2)s1,5.23,eps
*C(=O)c1ccc(-c2ccc(C(*)=S)s2)s1,6.5,eps
*c1cc2c(C(=O)N(C2=O)c2cc(ccc2)Oc2ccc(cc2)N2C(=O)c3c(C2=O)cc(cc3)C(=O)Nc2ccc(cc2)Oc2ccc(cc2)C2(c3c(C(=O)N2)cccc3)c2ccc(cc2)Oc2ccc(cc2)NC(=O)*)cc1,272.0,tg
*C(=O)OC(C=C1)=CC=C1C(=S)*,2.9816,egc
*C(C*)C(=O)Nc1ccc(cc1)C(=O)C=Cc1cc(ccc1)Br,55.0,tg
*OC(C)COC(=O)CCCCC(*)=O,6.7094,egc
*NC(=O)NO*,5.0658,egb
*Oc1ccc(cc1)C1(c2ccccc2c2ccccc12)c1ccc(cc1)OC(=O)OC1C(C(C1(C)C)OC(=O)*)(C)C,214.0,tg
*Oc1c(cc(cc1)OC(=O)c1ccc(cc1)OCCCCCCCCCCCCOc1ccc(cc1)C(=O)*)C=Cc1ccncc1,91.35,tg
*c1cc2c(C(=O)N(C2=O)c2ccc(cc2)Oc2c3c(ccc2)c(ccc3)Oc2ccc(cc2)N2C(=O)c3c(C2=O)cc(cc3)C(=O)*)cc1,229.5,tg
*N1C(=O)c2c(C1=O)cc(cc2)C(=O)Oc1ccc(cc1)OC(=O)CCCCC*,89.0,tg
*N1C(=O)c2c(C1=O)cc(cc2)C(c1cc2c(C(=O)N(C2=O)CCCCCCCC*)cc1)(C(F)(F)F)C(F)(F)F,138.5,tg
*c1nc2c(c(c1)c1ccccc1)cc(cc2)C1(c2ccccc2c2ccccc12)c1cc2c(nc(cc2c2ccccc2)c2ccc(cc2)C2(c3ccccc3C(=O)c3ccccc23)c2ccc(cc2)*)cc1,385.0,tg
*C(C*)(C(=O)OCCCCCCc1ccc(cc1)C(=Cc1ccc(cc1)OC)C)C,31.0,tg
*Oc1c(cc(cc1c1ccccc1)*)c1c(cccc1)c1ccccc1,211.0,tg
*CCN(CCOC(=O)Nc1ccc(Cc2ccc(NC(=O)O*)cc2)cc1)c1ccccc1,4.1239,egc
*C(=O)OCC(C)(C)COC(=O)N1CCN(*)C(C)C1,5.8979,egc
*Oc1ccc(cc1)C(c1ccc(cc1)Oc1ccc(cc1)C(=O)c1ccc(cc1)C(=O)c1ccc(cc1)*)(C)C,156.4,tg
*c1cc2c(C(=O)N(C2=O)c2ccc(cc2)Oc2c3c(ccc2)c(ccc3)Oc2ccc(cc2)N2C(=O)c3c(C2=O)cc(cc3)C(=O)Nc2ccc(cc2)Oc2ccc(cc2)C(c2ccc(cc2)Oc2ccc(cc2)NC(=O)*)(C)C)cc1,235.0,tg
*C(C*)C(=O)O[Na],230.0,tg
*C1C(=O)N(C(=O)C1*)c1c(cccc1CC)CC,288.0,tg
*c1cc2c(C(=O)N(C2=O)C2C(=O)N(C(=O)C2)c2ccc(cc2)Cc2ccc(cc2)NC(=O)*)cc1,123.0,tg
*N=P(*)(OCCCCC)OCCCCC,-104.0,tg
*Oc1ccc(cc1)CC(NC(=O)CCc1ccc(cc1)OC(=O)COCC(=O)*)C(=O)OC(CC)C,68.0,tg
*c1cc2c(C(=O)N(C2=O)c2ccc(cc2)C(=O)NCCN(CCNC(=O)*)c2ccc(cc2)C=Cc2ccc(cc2)[N+](=O)[O-])cc1,178.0,tg
*c1cc2c(C(=O)N(C2=O)c2c(cc(cc2)c2cc(c(cc2)N2C(=O)c3c(C2=O)cc(cc3)C(*)(C(F)(F)F)C(F)(F)F)C)C)cc1,352.0,tg
*c1cc2c(C(=O)N(C2=O)c2c(cc(cc2C)C(c2cc(c(c(c2)C)N2C(=O)c3c(C2=O)cc(cc3)C(=O)*)C)c2c3c(ccc2)cccc3)C)cc1,303.0,tg
*c1cc2c(C(=O)N(C2=O)c2cc(ccc2)C(=O)Nc2ccc(cc2)Oc2c(cccc2)Oc2ccc(cc2)NC(=O)c2cc(ccc2)N2C(=O)c3c(C2=O)cc(cc3)C(*)(C(F)(F)F)C(F)(F)F)cc1,265.0,tg
*Oc1c(cc(cc1C)C1(CC2C(CC1)CCCC2)c1cc(c(c(c1)C)OC(=O)c1ccc(cc1)C(=O)*)C)C,287.0,tg
*O[Si](*)(c1ccccc1)c1ccccc1,45.8,tg
*Oc1ccc(-c2ccc(C(*)=O)s2)s1,2.0521,nc
*CC(C)(C)CS(=O)(=O)CC(C)(C)COC(=O)O*,6.8436,egc
*C=Cc1ccc(*)c(C(=O)OC)c1C(=O)OC,4.11,egc
*CC(=S)NO*,3.435,egc
*CCCCCNC(=O)CCCCCC(=O)N*,5.9272,egc
*c1c(cc(c(c1)OC)C=C*)OCCCCCC,60.0,tg
*C(C*)C(=O)OCCCOc1ccc(cc1)C(=O)OCCCC(C(C(C(C(C(C(C(F)(F)F)(F)F)(F)F)(F)F)(F)F)(F)F)(F)F)(F)F,48.0,tg
*Cc1ccc(Cc2ccc(*)s2)s1,1.174,eea
*CCC(C)CC(=O)O*,6.7489,egb
*OC(=O)C=CC(=O)OC1COC2C(*)COC12,4.1943,egc
*c1c(C)cc(-c2cc(C)c(N3C(=O)c4ccc(S(=O)(=O)c5ccc6c(c5)C(=O)N(*)C6=O)cc4C3=O)c(C)c2)cc1C,2.7305,egc
*CNOc1ccc(*)s1,5.578,ei
*Cc1ccc(CC(*)=S)cc1,5.9697,ei
*C(C*)(CC(=O)OC1CCCCC1)C(=O)OC1CCCCC1,142.0,tg
*NC(=O)NC(=S)*,3.4559,egc
*CC(*)N,5.222,egc
*CC(*)(C)C(=O)Oc1ccc2ccccc2c1,3.6336,egc
*[Si](CCC*)(C[Si](C)(C)C)C,-51.0,tg
*CC(=O)c1ccc(C(*)=O)cc1,4.2,eps
*c1ccc(C)c(N2CC(=O)N(*)CC2=O)c1,5.1153,egc
*Cc1ccc(Cc2ccc(*)s2)s1,4.1954,egb
*N1C(=O)C2CCC3C(C2C1=O)C(=O)N(C3=O)c1c(cc(cc1)Cc1cc(c(cc1)*)C)C,340.0,tg
*C(C*)C(=O)Oc1ccc(cc1)C(=O)O,113.33,tg
*Oc1ccc(cc1)C1(CC2C(CC1)CCCC2)c1ccc(cc1)OC(=O)c1ccc(cc1)C(=O)*,275.0,tg
*C(C*)c1c(cccc1)C(=O)Nc1ccccc1,191.0,tg
*C(C*)C(=O)Oc1ccc(cc1)[N+](=O)[O-],73.3,tg
*c1cc2c(C(=O)N(C2=O)c2ccc(cc2)c2cc(c(cc2)Oc2cc3c(C(CC3(c3ccc(cc3)Oc3c(cc(cc3)c3ccc(cc3)N3C(=O)c4c(C3=O)cc(cc4)C(*)(C(F)(F)F)C(F)(F)F)C(F)(F)F)C)(C)C)cc2)C(F)(F)F)cc1,262.0,tg
*CC(=O)O*,8.2018,ei
*Oc1ccc(cc1)S(=O)(=O)c1ccc(cc1)Oc1ccc(cc1)c1ccc(cc1)*,217.39,tg
*N1C(=O)c2c(C1=O)cc(cc2)C(=O)c1cc2c(C(=O)N(C2=O)CC(=O)Nc2ccc(cc2)Oc2ccc(cc2)NC(=O)C*)cc1,235.0,tg
*N1C(=O)c2c(C1=O)c(ccc2)Oc1c(cc(cc1C)Cc1cc(c(c(c1)C)Oc1c2c(C(=O)N(C2=O)c2c(cc(cc2C)Cc2cc(c(c(c2)C)*)C)C)ccc1)C)C,243.0,tg
*CCCCCCNC(=O)NCCCCNC(=O)N*,5.3951,egc
*CC(*)C(=O)c1ccc(Br)c(OC)c1,3.8338,egc
*OC(*)(C)C,6.2991,egc
*c1c(cc(cc1)CC*)C#N,90.0,tg
*CCSSCCO*,5.6114,egc
*c1cc(C(C(=O)OC)C(=O)OC)c(*)s1,2.7717,egc
*CCCCCCCCCCCCCCCCOC(=O)CC=CCC(=O)O*,5.8517,egc
*c1ccc(Oc2ccc3ccc(Oc4ccc(-n5c(=O)c6cc7c(=O)n(*)c(=O)c7cc6c5=O)cc4)cc3c2)cc1,2.1074,egc
*N1C(=O)c2c(C1=O)cc(cc2)c1ccc(cc1)c1cc2c(C(=O)N(C2=O)CCCCCCOC(=O)OCCCCCC*)cc1,74.0,tg
*Oc1ccc(cc1)C(=O)N(C(=O)c1ccc(cc1)OCCCCCC*)c1cc(cc(c1)C)C,75.0,tg
*N1C(=O)c2c(C1=O)cc(cc2)Sc1ccc(cc1)Sc1ccc(cc1)Sc1cc2c(C(=O)N(C2=O)c2ccc(cc2)Sc2sc(cc2)Sc2ccc(cc2)*)cc1,185.5,tg
*C(=O)c1ccc(C(=O)N2CCN(*)CC2)cc1,4.6128,egc
*Oc1ccc(cc1)C(=O)Nc1cc(cc(c1)c1nc2c([nH]1)cccc2)NC(=O)c1ccc(cc1)OCCOCCOCC*,165.0,tg
*CC(*)(Cl)Cl,5.4955,egc
*CO*,8.7732,egb
*CC(*)C(=O)NCCC,6.0177,egc
*c1ccc(-c2ccc(*)n2C#Cc2ccc(CCCCCC)cc2)s1,2.5339,egc
*CCCS(=O)(=O)CCCCS(=O)(=O)CCCOC(=O)O*,6.4999,egc
*N1C(=O)c2c(C1=O)cc(cc2)Oc1ccc(cc1)C1(CCC(CC1)c1ccccc1)c1ccc(cc1)Oc1cc2c(C(=O)N(C2=O)c2ccc(cc2)Cc2ccc(cc2)*)cc1,232.0,tg
*N1C(=O)c2c(C1=O)c(ccc2)c1cc2c(C(=O)N(C2=O)c2cc(c(cc2)c2c(cc(cc2)*)C(F)(F)F)C(F)(F)F)cc1,346.0,tg
*Oc1ccc(C(=Nc2ccc(N=C(c3ccccc3)c3ccc(On4c(=O)c5c(F)c6c(=O)n(*)c(=O)c6c(F)c5c4=O)cc3)cc2)c2ccccc2)cc1,0.9593,egc
*OC(=O)c1cc(ccc1)C(=O)OCCCS(=O)(=O)CCCCS(=O)(=O)CCC*,65.0,tg
*C1C(CC(C1)C=C*)([Si](O[Si](O[Si](C)(C)C)(C)C)(C)C)C#N,47.0,tg
*OC(C*)COC(=O)CCCCCCCCCCN1C(=O)C2C(C1=O)C1C=CC2C1,-31.0,tg
*CCCCCCCCCCC(=O)N(*)C,5.7405,egc
*CCCC(*)C#N,7.8211,egc
*C(C*)c1ccc(cc1)CCCCCCCCCCCCCCCC,4.5,tg
*Oc1ccc(cc1)NC(=O)c1cc(cc(c1)C(C)(C)C)C(=O)Nc1ccc(cc1)Oc1ccc(cc1)C1(C2CCC(C1)C2)c1ccc(cc1)*,272.0,tg
*CCCOC(=O)CCC(C)CC(=O)O*,6.7963,egc
*C(C*)(C(=O)OCCCCCCOc1ccc(cc1)OC(=O)c1ccc(cc1)OC)C,38.0,tg
*c1ccc(CC(F)(F)C(*)(F)F)cc1,5.11,egb
*Nc6ccc(C5(c3ccc(NC(=O)Cc2ccc(Oc1ccc(C(*)=O)cc1)cc2)cc3)OC(=O)c4ccccc45)cc6,4.1183,egc
*C(C*)C(=O)OCCCCCCCCCCCCCCCCCC,-42.5,tg
*OC(=O)c1cc2c(C(CC2(c2ccc(cc2)C(=O)OCC*)C)(C)C)cc1,154.0,tg
*Oc1c(cc(cc1C)C1(c2ccccc2c2ccccc12)c1cc(c(c(c1)C)Oc1ccc(cc1)C(=O)c1cc(ccc1)C(=O)c1ccc(cc1)*)C)C,229.0,tg
*Oc1c(cc(cc1)Oc1ccc(cc1)C(=O)c1ccc(cc1)C(=O)c1ccc(cc1)*)c1cc(c(cc1)S(=O)(=O)O)C,167.0,tg
*CC(CO*)C(C)(C)C,5.7599,egc
*Oc1ccc(cc1)C1(CCCCCC1)c1ccc(cc1)OC(=O)*,155.0,tg
*C(CCCCC*)CCCCCCCC,-72.0,tg
*CC(Cl)(C#N)C1C=CC(*)CC1,5.4881,egc
*Nc1cc(ccc1)NC(=O)c1cc(cc(c1)NC(=O)c1ccncc1)C(=O)*,321.0,tg
*C(=O)Nc1cccc(NC(=O)c2ccc3c(c2)C(=O)N(c2ccc(S(=O)(=O)c4ccc(N5C(=O)c6ccc(*)cc6C5=O)cc4)cc2)C3=O)c1,3.0501,egc
*Oc1cc2c(C(CC32CC(c2ccc(cc32)OC(=O)c2ccc(cc2)C(=O)*)(C)C)(C)C)cc1,290.0,tg
*NC(=S)C(=O)O*,6.34,eps
*Oc1ccc(cc1)NC(=O)c1cc(cc(c1)[N+](=O)[O-])C(=O)Nc1ccc(cc1)Oc1ccc(cc1)C(c1ccc(cc1)*)(C(F)(F)F)C(F)(F)F,232.0,tg
*CC(*)CO,6.2929,egc
*NC(=O)CCCCCC(=O)NCCCCCC*,54.0,tg
*N(CC*)C(=O)C1(CCC1)c1ccc(cc1)Cl,112.0,tg
*C(=CCC*)C,-60.98,tg
*C(C*)c1ccc(cc1)N(c1ccccc1)c1ccccc1,123.5,tg
*CCON*,4.8207,ei
*c1[nH]c(*)c2c1CCCC2,2.7316,egc
*OC(=O)CCCC(=O)NCCCCCC*,-18.0,tg
*c1sc(cc1)c1sc(c(c1)CCCCCCCC)c1sc(cc1)c1sc(cc1)c1sc(cc1CCCCCCCC)c1sc(cc1)[Si](*)(CCCC)CCCC,-1.0,tg
*N1C(=O)c2c(C1=O)c(ccc2)c1cc2c(C(=O)N(C2=O)c2cc(ccc2)C(=O)Nc2ccc(cc2)NC(=O)c2cc(ccc2)*)cc1,328.0,tg
*c1sc(cc1CCCC)*,53.58,tg
*CNC(=S)O*,4.6235,egc
*C(C(*)C(=O)OC(C)(C)C)C(=O)OC,84.0,tg
*Oc1cc(ccc1)NC(=O)c1cc(ccc1)C(=O)Nc1cc(ccc1)OCCOCC*,128.5,tg
*NC(=O)c1ccc(C(*)=O)s1,2.034,nc
*CNC(S1)=CC=C1N*,4.2825,egc
*N=C1c2ccccc2C(=Nc2ccc(*)cc2)c2ccccc21,1.6985,egc
*OC(=O)c1c(cccc1)C(=O)OCCOCC*,-50.0,tg
*Oc1ccc(C(C)(CC)c2ccc(OC(*)=O)cc2)cc1,5.0105,egc
*NNC(=O)C=CC(=O)NCCCCCCNC(=O)C=CC(=O)*,102.4,tg
*O[Si](O[Si](O[Si](Oc1c(cc(cc1C)c1cc(c(c(c1)C)*)C)C)(C)C)(C)C)(C)C,14.0,tg
*C=CC1CC(*)C2CCCC12,5.6651,egc
*CCC(=O)c1ccc(*)cc1,3.6964,egb
*C(C*)C(=O)Oc1ccc(cc1)C(=O)c1ccc(cc1)Cl,78.0,tg
*N=P(*)(Oc1ccc(cc1)F)Oc1ccc(cc1)F,-10.0,tg
*C(C*)NC=O,145.67,tg
*N(c1ccc(cc1)C(c1ccc(cc1)*)c1ccc(cc1)C(=O)OC)c1ccc(cc1)C,222.0,tg
*Oc1ccc(cc1)S(=O)(=O)c1ccc(cc1)Oc1ccc(cc1)C=C1C(=O)C(=Cc2ccc(cc2)Oc2ccc(cc2)S(=O)(=O)c2ccc(cc2)Oc2ccc(cc2)C(c2ccc(cc2)*)(C)C)CCC1,194.0,tg
*c1cc2c(C(=O)N(C2=O)c2cc(cc(c2)OCCCC)N2C(=O)c3c(C2=O)cc(cc3)C(=O)*)cc1,244.0,tg
*Oc1ccc(-c2ccc(-c3ccc(*)cc3)cc2)cc1,3.87,eps
*c1ccc(*)n1CC(=O)NO,2.9276,egc
*c1cc(CCCCC)c(*)s1,2.495,egc
*CCCN(*)C,4.8968,egc
*N1C(=O)c2c(C1=O)c(ccc2)Oc1ccc(cc1)S(=O)(=O)c1ccc(cc1)Oc1c2c(C(=O)N(C2=O)c2cc(ccc2)*)ccc1,266.0,tg
*c1sc(cc1c1ccc(cc1)C(=C1C=C(C(=O)C(=C1)C(C)(C)C)C(C)(C)C)c1cc(c(c(c1)C(C)(C)C)OC(=O)C)C(C)(C)C)*,-4.3,tg
*OC(C)CC(*)=O,6.4371,egc
*c1ccc2N(c3c(Sc2c1)cc(cc3)c1sc2c(c1CCCCC)sc(c2)*)CCCCCCCCCCCC,136.0,tg
*CC1CC(*)C(=O)OC1=O,6.1563,egc
*CCOC(=O)NNC(=O)CCCCCCCCC(=O)NNC(=O)O*,5.8878,egc
*OC(=O)NCCCCCCNC(=O)OCCCCCCC*,55.0,tg
*CNC(=O)ONC(=O)NO*,4.65,eps
*CNC(=S)C(*)=O,2.1003,egb
*C=CC1CC(*)C2C(=O)N(CCC)C(=O)C12,5.2391,egc
*C(C*)c1c(ccc(c1)Br)OCCCCC,49.0,tg
*Nc1ccc(cc1)NC(=O)c1c(cc(c(c1)C(=O)*)C(=O)O)C(=O)O,283.4,tg
*C(C*)(C(=O)Oc1ccc(cc1)C=Cc1ccccc1)C,143.0,tg
*C(C*)(C(=O)Oc1ccc(cc1)C(=O)c1ccccc1)C,118.0,tg
*c1ccc(cc1)c1c(cc(c(c1c1ccccc1)c1ccccc1)c1cc(ccc1)c1c(c(c(c(c1)c1ccccc1)c1ccc(cc1)CCCCCC*)c1ccccc1)c1ccccc1)c1ccccc1,215.0,tg
*c1cc2c(C(=O)N(C2=O)c2ccc(cc2)Oc2ccc(cc2)N2C(=O)c3c(C2=O)cc(cc3)C(=O)c2ccc(cc2)Oc2ccc(cc2)Oc2ccc(cc2)C(=O)*)cc1,220.0,tg
*CC(=S)C(C=C1)=CC=C1O*,2.734,egc
*NC(=O)CCCCCCCCCCCCCCCCC(=O)NCCCCCCCCCCCCCCCCCC*,50.0,tg
*c1cc(Br)c(Oc2c(Br)cc(N3C(=O)c4ccc(-c5ccc6c(c5)C(=O)N(*)C6=O)cc4C3=O)cc2Br)c(Br)c1,2.9494,egc
*CCC(C)(C)CC(C)COC(=O)CCCCC(=O)O*,6.7293,egc
*c1cc2c(oc(n2)c2ccc(cc2)c2oc3c(n2)cc(cc3)C(*)(c2ccccc2)C(F)(F)F)cc1,369.0,tg
*CCCCCCCC(=O)OC1COC(*)OC1,6.6422,egc
*c1cc2c(C(=O)N(C2=O)c2ccc(cc2)C(=O)c2ccc(cc2)Cc2ccc(cc2)C(=O)c2ccc(cc2)N2C(=O)c3c(C2=O)cc(cc3)C(=O)*)cc1,285.5,tg
*Cc1ccc(NO*)cc1,0.7333,eea
*NC(C(*)=O)C(Cc1ccccc1)c1c[nH]cn1,4.764,egc
*C(C*)(C(=O)OCCOCCOc1ccc(cc1)N=Nc1ccc(cc1)C#N)C,57.0,tg
*c1ccc(*)c2nc(-c3ccccc3)c(-c3ccccc3)nc12,3.1914,egc
*OC(C*)CCl,-21.5,tg
*OC(=S)Oc1ccc(*)cc1,1.8722,eea
*c1c2C(=O)N(C(=O)c2c(c2ccccc12)c1ccc(cc1)Oc1c(cc(cc1)c1nc(ccc1)c1cc(c(cc1)Oc1ccc(cc1)*)C(F)(F)F)C(F)(F)F)c1ccccc1,298.0,tg
*C(C(*)(C(=C([2H])[2H])[2H])[2H])([2H])[2H],1.0,tg
*OC1(F)C(C)C(C)(C2(Cl)CNCNC2*)CC1(C)C,5.4515,egc
*CNc1ccc(C(*)=O)s1,5.29,eps
*NC1CCC(CC2CCC(NC(=O)CCCCCCCCCCC(*)=O)CC2)CC1,5.7012,egc
*CC(F)(F)C(F)(F)C(F)(F)COC(=O)CCCCC(=O)O*,6.6433,egc
*OC(=O)c1ccc(cc1)C(=O)OCCOC(=O)CCCCCCC(=O)OCC*,-1.33,tg
*Oc1ccc(cc1)N=CC=Nc1ccc(cc1)OC(=O)NC1CC(CC(C1)(CNC(=O)*)C)(C)C,62.0,tg
*CCC(F)(F)C(*)(F)F,9.1316,egb
*OC(=O)NCCCCCCNC(=O)OCCCC*,38.12,tg
*C(=O)NCCCCCCNC(=O)c1cncc(*)c1,4.9388,egc
*CCCCCCCCCCCCCCCCC(=O)N*,6.0239,egc
*c1sc(cc1)c1cc(c(cc1)Oc1ccc(cc1)Sc1ccc(cc1)Oc1c(cc(cc1)*)C(F)(F)F)C(F)(F)F,142.0,tg
*c1ccc(C(F)(F)CC(*)(F)F)cc1,1.9565,eea
*c1cc2c(C(=O)N(C2=O)c2cc(ccc2)C=CC(=O)Nc2cc(ccc2)NC(=O)*)cc1,245.0,tg
*N1C(=O)c2c(C1=O)cc(cc2)Oc1cc2c(C(=O)N(C2=O)c2cc(c(cc2)Oc2ccc(cc2)C(=O)c2cc(ccc2)*)C(F)(F)F)cc1,224.0,tg
*c1nc(nc(n1)N(CCCCCCN(*)c1ccccc1)c1ccccc1)C,67.0,tg
*CNC(=O)c1ccc(*)s1,6.3237,ei
*c1[nH]c(nc1c1ccc(cc1)Oc1ccc(cc1)C(=O)c1ccc(cc1)C(=O)c1ccc(cc1)C(=O)c1ccc(cc1)Oc1ccc(cc1)*)c1ccccc1,239.0,tg
*Oc1ccc(cc1)N1ON1c1ccc(cc1)OCCCCCCOC(=O)CC(=O)OCCCCCC*,16.0,tg
*C(C*)C1CCC(CC1)C,132.0,tg
*CS*,5.3464,egc
*c1cc2c(C(=O)N(C2=O)c2c(ccc(c2)N2C(=O)c3c(C2=O)cc(cc3)C(*)(C(F)(F)F)C(F)(F)F)OCCCCCCOc2ccc(cc2)c2ccc(cc2)OCC)cc1,150.3,tg
*Nc1ccc(cc1)NC(=O)c1cc(cc(c1)NC(=O)c1ccncc1)C(=O)*,327.0,tg
*C(C(CC*)[2H])([2H])C,-47.5,tg
*NC(F)(F)CC(*)(F)F,1.6205,nc
*CNC(=O)CCCCCC(=O)N*,5.7012,egc
*Oc1ccc(cc1)CC(NC(=O)CCc1ccc(cc1)OC(=O)COCC(=O)*)C(=O)OCCOCCOCC,27.0,tg
*N1C(=O)C2CCC3C(C2C1=O)C(=O)N(C3=O)c1ccc(cc1)Oc1ccc(cc1)Oc1ccc(cc1)*,274.0,tg
*O[Si](*)(CCCCCCOc1ccc(cc1)C(=O)Oc1ccc(cc1)C(=O)OCC(CC)C)C,-10.9,tg
*OC(=O)NCCCCCCNC(=O)OCCN(CC*)CCCCCCOc1ccc(cc1)C=Cc1ccc(cc1)[N+](=O)[O-],29.05,tg
*c1cc2c(C(=O)N(C2=O)c2c(ccc(c2)C(=O)Nc2c3c(ccc2)c(ccc3)NC(=O)c2cc(c(cc2)C)N2C(=O)c3c(C2=O)cc(cc3)C(*)(C(F)(F)F)C(F)(F)F)C)cc1,250.0,tg
*Nc1ccc(cc1)C(=O)c1ccc(cc1)NC(=O)c1cc(ccc1)C(=O)*,253.2,tg
*Oc1ccc(cc1)OCCOC(=O)Nc1ccc(cc1)Cc1ccc(cc1)NC(=O)OCC*,98.0,tg
*C(C*)OCCOCCOCCOC,-71.3,tg
*NC(=O)CC(=O)NCCCCC*,65.0,tg
*Cc1ccc(-c2ccc(-c3ccc(*)cc3)s2)cc1,5.3092,ei
*c1ccc2c3n(c4ccc(cc4n3)Oc3cc4n5c(nc4cc3)c3cccc4c(ccc(c5=O)c34)Oc3ccc(cc3)Sc3ccc(cc3)O*)c(=O)c3cccc1c23,346.0,tg
*Nc1ccc(cc1)CC(NC(=O)CCC(=O)*)(C)C,158.0,tg
*NNC(=O)c1c(cccc1)C(=O)Nc1cc(ccc1)C=C1C(=O)C(=Cc2cc(ccc2)NC(=O)c2c(cccc2)C(=O)*)CCC1,195.0,tg
*N1C(=O)c2c(C1=O)cc(cc2)S(=O)(=O)c1cc2c(C(=O)N(C2=O)c2ccc(cc2)N(c2ccc(cc2)*)c2ccccc2)cc1,306.0,tg
*c1cc2c(C(=O)N(C2=O)c2cc(ccc2)Oc2ccc(cc2)Oc2cc(ccc2)N2C(=O)c3c(C2=O)cc(cc3)C(*)(C(F)(F)F)C(F)(F)F)cc1,230.0,tg
*C(C*)(C(=O)C)F,142.0,tg
*Oc1cc(ccc1)Oc1cc(ccc1)NC(=O)c1c(ccc(c1)Oc1cc(c(cc1)C(=O)O)C(=O)Nc1cc(ccc1)*)C(=O)O,176.4,tg
*N1C(=O)c2c(C1=O)cc(cc2)Oc1ccc(cc1)S(=O)(=O)c1ccc(cc1)Oc1cc2c(C(=O)N(C2=O)c2cc(ccc2)*)cc1,265.0,tg
*N1C(=O)c2c(C1=O)cc(cc2)c1cc2c(C(=O)N(C2=O)c2ccc(cc2)C(c2ccc(cc2)*)(C(F)(F)F)C(F)(F)F)cc1,333.67,tg
*C(C*)(CCC)C,27.0,tg
*Oc1ccc(cc1)CC(NC(=O)Cc1ccc(cc1)OC(=O)CCCCCCC(=O)*)C(=O)OCC,54.0,tg
*Nc1ccc(cc1)C(c1ccc(cc1)NC(=O)c1cc(cc(c1)S(=O)(=O)c1ccccc1)C(=O)*)(C)C,287.0,tg
*CCCCCCCCCCC(=O)NCC(=O)N*,6.0226,egc
*NC(=S)C(=O)O*,2.4947,egc
*CCCCCOC(=O)Nc1ccc(C)c(NC(=O)O*)c1,5.1674,ei
*C1COC2C1OCC2OC(=O)C(NC(=O)CCCCC(=O)NC(C(=O)O*)C)C,56.0,tg
*c1ccc(Oc2ccc(P(=O)(c3ccccc3)c3ccc(Oc4ccc(-c5cc(*)[nH]n5)cc4)cc3)cc2)cc1,4.1018,egc
*Oc1c(cc(cc1)Oc1ccc(cc1)C(=O)c1ccc(cc1)*)c1cc(ccc1)C(F)(F)F,134.0,tg
*OC1CCC(C2CCC(OC(=O)CCCCCCCCCCC(*)=O)CC2)CC1,6.4832,egc
*c1ccc(Oc2ccc(-n3c(=O)c4cc5c(=O)n(*)c(=O)c5cc4c3=O)cc2Br)c(Br)c1,2.4917,egc
*CCCCCCCCCCNC(=O)CCP(C)(=O)CCC(=O)N*,5.8056,egc
*c1ccc(C(F)(F)c2ccc(C(*)(F)F)cc2)cc1,1.8364,nc
*c1cccc(-c2cc(*)cc3c2NC(C)(C)OC3(C)C)c1,3.618,egc
*C(C*)c1c(cccc1)COCCc1ccccc1,63.0,tg
*C(=O)c1ccc(C(=S)c2ccc(*)cc2)cc1,5.8604,ei
*CCCCCCCC(=O)N(*)C,5.5443,egc
*CC(=S)c1ccc(O*)cc1,4.45,eps
*c1oc(nn1)c1nc(ccc1)c1oc(nn1)c1ccc(cc1)[Si](c1ccc(cc1)*)(c1ccccc1)c1ccccc1,265.0,tg
*N1C(=O)c2c(C1=O)cc(cc2)Oc1cc2c(C(=O)N(C2=O)c2ccc(cc2)c2cc(c(cc2)Oc2cc3c(C(CC3(c3ccc(cc3)Oc3c(cc(cc3)c3ccc(cc3)*)C(F)(F)F)C)(C)C)cc2)C(F)(F)F)cc1,249.0,tg
*c1cc2c(C(=O)N(C2=O)c2ccc(cc2)OCC(COc2ccc(cc2)N2C(=O)c3c(C2=O)cc(cc3)C(=O)*)(C)C)cc1,233.7,tg
*c1cc2c(C(=O)N(C2=O)c2cc(ccc2)N2C(=O)c3c(C2=O)cc(cc3)C(=O)Nc2ccc(cc2)C2(c3ccccc3c3ccccc23)c2ccc(cc2)NC(=O)*)cc1,209.0,tg
*Oc1c(cc(cc1)C=C1C(=O)C(=Cc2cc(c(cc2)OCCCCCCCCCC*)OC)CCC1)OC,60.0,tg
*NC(C)C(=O)NCC(=O)NCC(=O)NCC(*)=O,5.9084,egc
*C(C*)(C(=O)OCCCCCCCCOc1cc2c(cc1)cc(cc2)C(=O)Oc1ccccc1)C,34.0,tg
*c1ccc(-c2ccc(-c3cc(*)c4cccccc3-4)s2)s1,2.0762,egc
*N1C(=O)c2c(C1=O)cc(cc2)Oc1cc2c(C(=O)N(C2=O)c2cc(ccc2)OCCOCCOc2ccc(cc2)*)cc1,146.5,tg
*OC(=O)CCSCCSCCC(*)=O,4.6742,egc
*CC(*)CCc1ccc(C)cc1,5.1686,egc
*Oc1ccc(cc1)NC(=O)c1cc(cc(c1)NC(=O)c1ccc(cc1)OC(=O)C)C(=O)Nc1ccc(cc1)Oc1ccc(cc1)c1ccc(cc1)*,252.0,tg
*CCCCCCCc1nnc(*)n1N,5.5167,egc
*N(C(=O)CCC(=O)N(CCCCCC*)C)C,7.5,tg
*c1nc2c(c(c1c1ccccc1)c1ccc(cc1)Oc1ccc(cc1)c1c(c(nc3c1cccc3)c1ccc(cc1)c1ccc(cc1)*)c1ccccc1)cccc2,345.0,tg
*CC(=O)NCCCCCCNC(=O)COC(=O)CCCCC(=O)O*,6.0986,egc
*Oc1ccc(cc1)C(c1ccc(cc1)C(c1ccc(cc1)Oc1ccc(cc1)C(=O)Nc1ccc(cc1)NC(=O)c1ccc(cc1)*)(C)C)(C)C,163.0,tg
*CCCCCCNC(=O)C(CC)CC(CC)C(=O)N*,5.6687,egc
*Oc1cc(C)cc(OC(=O)c2cccc(C(*)=O)c2)c1,4.2911,egc
*CC1CC1COC(=O)c1cccc(C(=O)O*)c1,5.0466,egc
*c1nc2c(nc1)cc(cc2)S(=O)(=O)c1cc2c(nc(cn2)c2ccc(cc2)*)cc1,342.0,tg
*Oc1cc2c(cc1)ccc(c2)Oc1ccc(cc1)C(=O)Nc1ccc(cc1)C(c1ccc(cc1)C(c1ccc(cc1)NC(=O)c1ccc(cc1)*)(C)C)(C)C,155.0,tg
*c1ccc2oc(-c3ccc4nc(*)oc4c3)nc2c1,2.5367,egb
*Oc1ccc(cc1)Oc1ccc(cc1)NC(=O)c1ccc(cc1)Oc1c(cc(cc1)Oc1ccc(cc1)C(=O)Nc1ccc(cc1)*)c1ccccc1,209.0,tg
*C(F)(F)NC(F)(F)O*,8.2061,egc
*C(=O)c1ccc2nc(-c3ccc(-c4cnc5cc(*)ccc5n4)cc3)cnc2c1,3.0578,egc
*CC(C)(C)COC(=O)CCCCC(=O)O*,6.692,egc
*Cc1ccc(CO*)cc1,1.6106,eea
*CC(=S)C(=O)C(*)=S,0.725,egb
*NC(=O)CCCCCCCCC(=O)NCCCCCCCC*,54.0,tg
*C=CCCC*,4.6373,egc
*OC(=S)c1ccc(-c2ccc(*)cc2)cc1,4.56,eps
*OCCCCOc1ncnc(n1)*,-11.0,tg
*N(Cc1c(c(cc(c1)C12CC3CC(CC(C1)C3)C2)C*)O)C,188.8,tg
*Oc1c(cc(cc1)C(=O)c1cc(ccc1)C(=O)c1cc(c(cc1)*)C(C)C)CC,136.0,tg
*OC1CCC(CC1)OC(=O)OCCCCCCCOC(=O)*,-5.0,tg
*Oc1ccc(cc1)c1ccc(cc1)OCCCCCCCCCCCOC(=O)c1cc(cc(c1)OCCCCCCCCCCOc1ccc(cc1)N=Nc1ccc(cc1)OC)C(=O)OCCCCCCCCCCC*,53.0,tg
*N(CC*)C(=O)C(C)C,30.0,tg
*CCCCNC(=O)CCCCCCC(=O)NCCCCNC(=O)C(=O)N*,4.7855,egc
*NC(S1)=CC=C1C(=O)C(=S)*,2.1167,egc
*N1C(=O)c2c(C1=O)cc(cc2)Oc1c(cccc1)Oc1cc2c(C(=O)N(C2=O)c2ccc(cc2)Oc2cc3c(cc2Oc2ccc(cc2)*)cccc3)cc1,216.0,tg
*c1ccc(Cc2ccc(N3C(=O)c4ccc(-c5ccc6c(c5)C(=O)N(*)C6=O)cc4C3=O)cc2)cc1,2.9129,egc
*c1cc2c(C(=O)N(C2=O)c2c(ccc(c2)C(c2cc(c(cc2)O)N2C(=O)c3c(C2=O)cc(cc3)C(=O)*)(C(F)(F)F)C(F)(F)F)O)cc1,315.0,tg
*N1C(=O)c2c(C1=O)cc(cc2)c1cc2c(C(=O)N(C2=O)c2cc(cc(c2)C(=O)NCCCCCCCCCC)*)cc1,245.1,tg
*NC(=O)OC(*)=S,3.7701,eea
*CC(=S)c1ccc(O*)s1,2.1619,nc
*c1oc(nn1)c1ccc(cc1)C(=O)OCCCCCCCCOc1ccc(cc1)C=C1C(=O)C(=Cc2ccc(cc2)OCCCCCCCCOC(=O)c2ccc(cc2)*)CCCC1,98.0,tg
*N1C(=O)c2c(C1=O)cc(cc2)Oc1cc2c(C(=O)N(C2=O)Cc2oc(cc2)C(c2oc(cc2)C*)(C)C)cc1,116.0,tg
*CCOC(=O)NCCOCCOCCNC(=O)O*,1.6526,nc
*C(C*)(CC(=O)Oc1ccc(cc1)OC)C(=O)Oc1ccc(cc1)OC,119.5,tg
*Oc1ccc(OC(*)=O)s1,1.7594,eea
*C1OC(C(C(C1OC(=O)Nc1ccccc1)OC(=O)Nc1ccccc1)O*)COC(=O)Nc1ccccc1,217.0,tg
*CC(C)(C)COC(=O)CCCCC(=O)O*,6.5878,egb
*CCCN*,6.381,egb
*c1cc2c(C(=O)N(C2=O)c2cc(ccc2)Cc2ccc(cc2)Cc2ccc(cc2)Cc2cc(ccc2)N2C(=O)c3c(C2=O)cc(cc3)C(=O)*)cc1,235.5,tg
*Nc1ccc(OC(*)=S)cc1,5.9088,ei
*c1cc2c(C(=O)N(C2=O)c2c(ccc(c2)N2C(=O)c3c(C2=O)cc(cc3)C(=O)*)C)cc1,313.5,tg
*C(C*)(C(=O)OCCCl)C,62.0,tg
*OC(=O)NCCCCCCNC(=O)OCCC*,55.0,tg
*CCCCOC(=O)NNC(=O)CCCCCCCCC(=O)NNC(=O)O*,6.1019,egc
*NC(=O)NCCCCCCCCC*,125.0,tg
*Oc1c(c(c(c(c1F)C#N)Oc1ccc(cc1)C(c1cc(ccc1)C(c1ccc(cc1)*)(C)C)(C)C)F)C#N,131.5,tg
*C(C*)(C(=O)OCC(=O)Nc1noc(c1)C)C,128.0,tg
*OC(=O)CCCCC(=O)OCC(C*)CCCCCCOc1ccc(cc1)N=Nc1ccc(cc1)OC,22.0,tg
*c1cc(CCCC(F)(F)C(F)(F)C(F)(F)C(F)(F)F)c(*)s1,2.4769,egc
*C([2H])([2H])C(*)([2H])C([2H])=C([2H])[2H],5.9833,egc
*Oc1ccc(cc1)C(c1ccc(cc1)OCC(C*)OC(=O)C=Cc1ccccc1)(C)C,100.6,tg
*N1C(=O)c2c(C1=O)cc(cc2)Oc1c(cc(cc1C)Cc1cc(c(c(c1)C)Oc1cc2c(C(=O)N(C2=O)c2c(cc(cc2C)Cc2cc(c(c(c2)C)*)C)C)cc1)C)C,264.0,tg
*CC(=O)c1ccc(-c2ccc(*)s2)cc1,2.4129,eea
*Oc1cc(ccc1)OC(=O)CCC(=O)*,38.2,tg
*c1ccc2c(nc([nH]2)c2cc(ccc2)c2nc3c([nH]2)ccc(c3)C(=O)Nc2ccc(cc2)NC(=O)c2ccc(cc2)NC(=O)*)c1,322.0,tg
*Oc1ccc(cc1)N(c1ccc(cc1)c1ccc(cc1)N(c1ccc(cc1)*)c1ccccc1)c1ccccc1,218.0,tg
*OCCC(=O)NCc1c(cc(c(c1)C)CNC(=O)CC*)C,80.0,tg
*C1(OC(C(O1)(F)F)(F)C(F)(F)F)C(*)(F)F,135.0,tg
*c1ccc(*)n1CCC(=O)NO,2.8742,egc
*c1ccc(cc1)c1ccc(cc1)C(=Nc1ccccc1)*,225.0,tg
*CCCCOC(=O)NC1CCC(CC2CCC(NC(=O)O*)CC2)CC1,6.1232,egc
*C(=O)C(S1)=CC=C1C(C=C2)=CC=C2O*,2.8763,egc
*c1ccc(C(F)(F)CC(*)(F)F)cc1,4.3368,egb
*Oc1c(cc(cc1OC)c1cc(c(c(c1)OC)OC(=O)CCCCCCCCC(=O)*)OC)OC,94.0,tg
*c1ccc(-c2csc(-c3cc(*)cs3)c2)cc1,3.4782,egc
*Oc1cc(c(cc1)S(=O)(=O)c1c(cc(cc1)Oc1ccc(cc1)C(c1ccc(cc1)*)(C(F)(F)F)C(F)(F)F)C(O)(C(F)(F)F)C(F)(F)F)C(O)(C(F)(F)F)C(F)(F)F,148.0,tg
*CCN(*)C(=O)c1c(F)cc(F)c(F)c1F,4.9884,egc
*N1C(=O)c2c(C1=O)c(ccc2)Oc1c(cc(cc1C)c1cc(c(c(c1)C)Oc1c2c(C(=O)N(C2=O)c2ccc(cc2)Oc2ccc(cc2)c2ccc(cc2)Oc2ccc(cc2)*)ccc1)C)C,290.0,tg
*Oc1ccc(cc1)CC(NC(=O)CCc1ccc(cc1)OC(=O)CCC(=O)*)C(=O)OC(CC)C,75.0,tg
*Oc1ccc(cc1)C(=O)Nc1ccc(cc1)S(=O)(=O)c1ccc(cc1)NC(=O)c1ccc(cc1)Oc1ccc(cc1)C(=O)c1ccc(cc1)S(=O)(=O)c1ccc(cc1)C(=O)c1ccc(cc1)*,260.0,tg
*C(C*)C(=O)c1ccc(cc1)C(C)C,62.5,tg
*OC(=O)CCC#CC#CCCC(=O)OCCN(CC*)c1ccc(cc1)[N+](=O)[O-],30.0,tg
*OC(=O)CCCCCCCC(=O)OCC*,-45.0,tg
*C(C*)(C(=O)OCc1ccc(cc1)C=CC(=O)Oc1cc2c(cc1)oc(=O)cc2)C,140.0,tg
*CCSSSSCCO*,4.5753,egc
*N1C(=O)c2c(C1=O)cc(cc2)Oc1cc2c(C(=O)N(C2=O)c2ccc(cc2)Oc2ccc(cc2)c2ccc(cc2)Oc2ccc(cc2)*)cc1,245.0,tg
*CNOc1ccc(*)cc1,4.1647,egb
*OCC(C*)(COC(=O)C(=C)C)CC,72.5,tg
*Nc1ccc(cc1)NC(=O)c1c(cc(cc1)C(=O)c1cc(c(cc1)C(=O)*)C(=O)OCC)C(=O)OCC,275.0,tg
*c1nc2c(nc1c1ccc(cc1)OC(=O)c1cc(ccc1)C(=O)Oc1ccc(cc1)*)cccc2,245.0,tg
*NC(=O)NO*,7.4857,ei
*Cc1ccc(-c2ccc(-c3ccc(*)s3)cc2)s1,1.9244,eea
*c1n(c(nn1)c1cc(ccc1)c1n(c(nn1)c1ccc(cc1)*)c1ccccc1)c1ccccc1,265.0,tg
*Oc1c(cc(cc1)C1(C2CCC(C1)C2)c1cc(c(cc1)OC(=O)*)Cl)Cl,200.0,tg
*Nc1cc(cc(c1)C(=O)OC)NC(=O)c1cc(cc(c1)OCCN(c1ccc(cc1)[N+](=O)[O-])C)C(=O)*,177.0,tg
*Nc1ccc(cc1)Cc1ccc(cc1)NC(=O)NCCCCCCCCCCCCCCCCCCNC(=O)*,48.0,tg
*CC(*)(C)C(=O)OCC(=O)N1CCCC1,5.0881,egc
*OC(=S)OC(*)=O,3.1486,eea
*CCO*,5.5372,egc
*OC1CCCCC1*,5.1513,egc
*c1ccc(Cc2ccc(N3C(=O)N(*)C3=O)cc2)cc1,4.1662,egc
*CCCCCCCCCCCNC(=O)c1ccc(C(=O)N*)cc1,4.214,egb
*[Si]([Si]([Si]([Si](C*)(C)C)(C)C)(C)C)(C)C,-68.0,tg
*Oc1c(cc(cc1c1ccccc1)c1cc(c(c(c1)c1ccccc1)OC(=O)CCCCCCCCC(=O)*)c1ccccc1)c1ccccc1,98.0,tg
*Oc1ccc(C(=O)c2ccc(C(=O)NOC(*)=O)s2)cc1,1.8941,nc
*OC(=S)OC(*)=O,3.9378,egb
*c1sc(c(c1c1ccccc1)c1ccccc1)c1ccc(cc1)CC(=O)Nc1ccc(cc1)c1ccc(cc1)NC(=O)Cc1ccc(cc1)*,272.0,tg
*CCOC(=O)CCCCC(=O)O*,7.8277,ei
*Nc1ccc(Nc2ccc(*)s2)cc1,2.8374,egb
*c1ccc(Oc2ccc(-c3nc4cc(-c5ccc6nc(*)c(-c7ccccc7)nc6c5)ccc4nc3-c3ccccc3)cc2)cc1,2.9993,egc
*c1cc2c(C(=O)N(C2=O)c2ccc(cc2)Oc2ccc(cc2)c2ccc(cc2)Oc2ccc(cc2)N2C(=O)c3c(C2=O)cc(cc3)c2ccc(cc2)c2ccc(cc2)c2ccc(cc2)c2ccc(cc2)*)cc1,232.0,tg
*NC(C=C1)=CC=C1C(C=C2)=CC=C2C(S3)=CC=C3*,2.8401,egc
*O[Si](*)(CC)CC,-105.5,tg
*Nc1ccc(cc1)CC(NC(=O)CCCCCCCCC(=O)*)(C)C,92.0,tg
*c1oc(nn1)c1ccc(cc1)[Si](c1ccc(cc1)c1oc(nn1)c1ccc(cc1)c1ccc(cc1)*)(c1ccccc1)c1ccccc1,278.0,tg
*c1ccc(-c2nc3cc4nc(*)oc4cc3o2)cc1,5.6689,ei
*Oc1ccc(C(=O)c2ccc(*)cc2)cc1,2.4594,eea
*C1C2C(C(=O)N(C2=O)c2cc(ccc2)F)C(C1)C=C*,207.8,tg
*CCCCCCCCCCCCOC(=O)CCCCCCCCCCCCC(=O)O*,6.4766,egc
*c1ccc(-c2ccc(-c3ccc(*)s3)s2)o1,1.6557,egc
*C(C*)c1ccc(cc1)OC,101.33,tg
*Oc1ccc(cc1)C1(CC(CCC1)c1ccc(cc1)OCC(C*)OC(=O)C)CC,107.0,tg
*NC(=O)c1c(cccc1)c1c(cccc1)C(=O)NCCCCCC*,122.5,tg
*NOC(=S)O*,2.7178,eea
*NC(C)(C)C(C)(C)C(*)=O,5.4856,egc
*O[Si](O[Si](O[Si](O[Si](c1cc(ccc1)[Si](*)(C)C)(C)C)(C)C)(C)C)(C)C,-75.0,tg
*OC(=O)Nc1ccc(cc1)CCc1ccc(cc1)NC(=O)OCC*,116.9,tg
*Oc1ccc(cc1)C1(c2cc(ccc2c2ccc(cc12)[N+](=O)[O-])N(C)C)c1ccc(cc1)OC(=O)CCCC(=O)*,181.0,tg
*SC(C*)c1ccccc1,-2.5,tg
*C(C*)C(=O)Oc1ccc(cc1)C(C)(C)C,71.0,tg
*C(C*)c1c(c(c(c(c1[2H])[2H])[2H])[2H])[2H],100.0,tg
*Oc1ccc(C(F)(F)C(*)(F)F)s1,4.0762,egb
*c1cc2c(C(=O)N(C2=O)c2c(ccc(c2)C(c2cc(c(cc2)O)N2C(=O)c3c(C2=O)cc(cc3)C(*)(C(F)(F)F)C(F)(F)F)(C(F)(F)F)C(F)(F)F)O)cc1,310.33,tg
*Oc1c2c(c(cc1)c1c3c(c(cc1)OCCCC*)cccc3)cccc2,130.0,tg
*C(C*)c1ccc(cc1)B(Oc1c2ncccc2c(cc1)c1c(c(c(c(c1F)F)F)F)F)c1ccc(cc1)C(C)(C)C,245.0,tg
*OC(=O)c1ccc(cc1)c1ccc(cc1)c1ccc(cc1)C(=O)OCCOCCOCCOCC*,20.0,tg
*CC(=S)c1ccc(N*)cc1,3.0309,eea
*Oc1ccc(cc1)CC(NC(=O)CCc1ccc(cc1)OC(=O)CCCCC(=O)*)C(=O)OCC,58.8,tg
*OC(=O)CCCCC(=O)OCCCCCCCCCC*,-68.0,tg
*C1COC2C1OCC2OC(=O)OCCOCCOCCOC(=O)O*,17.0,tg
*N1C(=O)c2c(C1=O)c(c(c(c2c1ccccc1)c1ccccc1)c1ccc(cc1)Oc1ccc(cc1)c1c(c2c(C(=O)N(C2=O)c2cc(ccc2)Oc2cc(ccc2)Oc2cc(ccc2)*)c(c1c1ccccc1)c1ccccc1)c1ccccc1)c1ccccc1,261.0,tg
*c1cc2c(C(=O)N(C2=O)c2c(cc(c(c2)N2C(=O)c3c(C2=O)cc(cc3)C(=O)*)O)O)cc1,324.0,tg
*CCCCCCOC(=O)NCCCCNC(=O)O*,6.3921,egc
*CC(*)OC(=O)c1ccc(OC(C)=O)cc1,4.6237,egc
*C(Br)=C(c1ccccc1)c1ccc(*)cc1,3.469,egc
*C(C*)(c1nc(nc(n1)N(CCOCCOCCOC)CCOCCOCCOC)N(CCOCCOCCOC)c1ccccc1)C,-75.0,tg
*Oc1ccc(cc1)C1(c2ccccc2c2ccccc12)c1ccc(cc1)Oc1ccc(cc1)C(=O)c1c(cccc1)c1c(cccc1)C(=O)c1ccc(cc1)*,229.0,tg
*C1C(C(C(C1)C*)OC(=O)CCCCCCCCCCOc1ccc(cc1)c1ccc(cc1)C#N)OC(=O)CCCCCCCCCCOc1ccc(cc1)c1ccc(cc1)C#N,14.5,tg
*C(C*)(C(=O)Oc1cc2c(CCC2)cc1)C,104.25,tg
*C=C(*)CO,4.3592,egc
*C(C*)(C(=O)OC12CC3(CC(CC(C1)C3)(C2)C)C)C,193.0,tg
*CNCNC(=O)NC(=O)N*,5.4,egb
*Nc1ccc(cc1)c1ccc(cc1)NC(=O)Cc1c(cc(c(c1)C)CC(=O)*)C,171.0,tg
*c1cc2c(C(=O)N(C2=O)c2cc(ccc2)N2C(=O)c3c(C2=O)cc(cc3)C(=O)c2cc(cc(c2)c2ccccc2)C(=O)*)cc1,266.5,tg
*NC(=O)CCCCCCCCCCCCCCCCCCC(=O)NCCCCC*,52.0,tg
*Cc1ccc(C(=S)O*)s1,6.4155,ei
*c1cc2c(C(=O)N(C2=O)c2ccc(cc2)Cc2ccc(cc2)N2C(=O)c3c(C2=O)cc(cc3)C(=O)Nc2ccc(cc2)Oc2ccc(cc2)NC(=O)*)cc1,251.0,tg
*OP(=O)(OCCCCOc1c(cc(cc1)C=C1C(=O)C(=Cc2cc(c(cc2)OCCCC*)OC)CC1)OC)OC,75.0,tg
*N1C(=O)c2c(C1=O)c(ccc2)Oc1ccc(cc1)Oc1c2c(C(=O)N(C2=O)c2cc(ccc2)*)ccc1,259.0,tg
*CCCCCCCCCCCCCCCCCCCCOC(=O)CCCCCCCC(=O)O*,6.5108,egc
*CC1CCC(CNC(=O)CCCCCCC(=O)N*)CC1,5.8707,egc
*CC(=O)N*,7.2525,ei
*C(C*)(C(=O)OCC)Cl,85.31,tg
*N1C(=O)c2c(C1=O)cc(cc2)c1cc2c(C(=O)N(C2=O)c2cc(ccc2)Oc2c(ccc(c2)Oc2cc(ccc2)*)P(=O)(c2ccccc2)c2ccccc2)cc1,234.0,tg
*Oc1ccc(cc1)S(=O)(=O)c1ccc(cc1)Oc1c(cc(cc1C)c1cc(c(c(c1)C)*)C)C,268.07,tg
*c1ccc(*)n1CCC(=O)OCC,2.8986,egc
*Cc1ccc(C(=S)c2ccc(*)cc2)cc1,2.874,eea
*c1ccc2c3n(c4ccc(cc4n3)c3cc4n5c(nc4cc3)c3cccc4c(ccc(c5=O)c34)Oc3cc4c(cc3)cc(cc4)O*)c(=O)c3cccc1c23,413.0,tg
*CCC(=O)O*,3.39,eps
*Oc1ccc(cc1)CC(NC(=O)CCc1ccc(cc1)OC(=O)CCC(=O)*)C(=O)OCC,78.0,tg
*Oc1cccc(NC(=O)c2ccc(*)cc2)c1,4.3679,egc
*O[Si](O[Si](O[Si](*)(c1c(c(c(c(c1F)F)Cl)F)F)C)(C)C)(C)C,-75.0,tg
*CCOCCOC(=O)CCCC(=O)O*,6.4269,egc
*Oc1ccc(cc1)c1ccc(cc1)OCC(CN(S(=O)(=O)c1cc(ccc1)S(=O)(=O)N(CC(C*)O)C)C)O,58.0,tg
*N1C(=O)C(CC1=O)SCCOCCSC1C(=O)N(C(=O)C1)c1ccc(cc1)C(=O)Oc1ccc(cc1)C(c1ccc(cc1)OC(=O)c1ccc(cc1)*)(C)C,143.0,tg
*Nc1cc(ccc1)CCc1ccc(cc1)NC(=O)c1ccc(cc1)C(=O)*,203.0,tg
*CCCCCOC(=O)Nc1ccc(C)c(NC(=O)O*)c1,0.9199,eea
*Cc1ccc(C(=O)O*)cc1,4.03,eps
*c1ncc(cc1)c1sc(c(c1)CCCCCCCC)c1ccc(cc1)c1sc(cc1CCCCCCCC)*,16.2,tg
*NC(=O)C(S1)=CC=C1C(C=C2)=CC=C2*,2.9223,egc
*CCCCCCCCCCNC(=O)C(C)=C(C)C(=O)N*,4.9889,egc
*Oc1ccc(cc1)S(=O)(=O)c1ccc(cc1)Oc1ccc(cc1)C1CC(CCC1)C(c1ccc(cc1)*)C,230.0,tg
*Oc1ccc(cc1)C1(c2ccccc2c2ccccc12)c1ccc(cc1)OC(=O)CCCCCCCCCC(=O)*,136.0,tg
*Cc1cc(C23CC4CC(CC(C4)C2)C3)cc(CN(*)C)c1O,4.5466,egc
*C(C*)c1ccc(cc1)[SiH](C)C,105.0,tg
*Nc1ccc(*)cc1,2.124,nc
*Oc1ccc(cc1)c1ccc(cc1)OCCCCCCOC(=O)OCCCCCCOC(=O)OCCCCCC*,14.95,tg
*Cc1ccc(-c2ccc(O*)s2)s1,4.19,eps
*N1C(=O)c2c(C1=O)cc(cc2)C(=O)Oc1ccc(cc1)c1ccc(cc1)OC(=O)c1cc2c(C(=O)N(C2=O)CCOCCOCC*)cc1,109.0,tg
*C(=O)Oc1ccc(C(*)=S)cc1,2.0099,nc
*Oc1cc(cc(c1)CCCCCCCCCCCCC)OC(=O)c1cc(ccc1)C(=O)*,25.5,tg
*Oc1ccc(cc1)C(c1ccc(cc1)OC(=S)*)(C)C,140.5,tg
*Oc1ccc(C2(c3ccc(OC(*)=O)cc3)CC(C)CC(C)(C)C2)cc1,4.7559,egc
*CC(*)(C)C(=O)Oc1ccccc1,4.8118,egb
*CCON*,1.7034,nc
*c1ccc(C(F)(F)CC(*)(F)F)cc1,7.0413,ei
*c1ccc(-c2ccc(C(F)(F)C(*)(F)F)cc2)cc1,3.2719,egb
*C(C*)C(=O)Nc1ccc(cc1)C(=O)C=Cc1ccc(cc1)Br,64.0,tg
*N1C(=O)c2c(C1=O)cc(cc2)Oc1cc2c(C(=O)N(C2=O)c2cc(cc(c2)C(F)(F)F)Oc2c(cc(cc2C)c2cc(c(c(c2)C)Oc2cc(cc(c2)C(F)(F)F)*)C)C)cc1,252.2,tg
*C=CC1CC(*)C2C(=O)N(c3cc(C(F)(F)F)cc(C(F)(F)F)c3)C(=O)C12,5.0009,egc
*OCC(C*)(CS(=O)(=O)CCCCC)CS(=O)(=O)CCCCC,56.0,tg
*NC(CC(=O)OCCC)C(*)=O,5.0074,egc
*C1C(=O)N(C(=O)C1*)c1c(cccc1)C(=O)OCCCC,181.0,tg
*C(C*)c1cc(cc(c1)C(F)(F)F)C(F)(F)F,116.0,tg
*c1cc2c(oc(n2)c2ccc(cc2)c2oc3c(n2)cc(cc3)C(*)(C(F)(F)F)C(F)(F)F)cc1,353.5,tg
*C(C*)C(=O)c1cc(c(cc1)Br)OC,44.0,tg
*CCCCCCCC(=O)OCC1COC(*)O1,6.6417,egc
*Oc1c(ccc(c1)OC(=O)c1ccc(cc1)Oc1ccc(cc1)C1(CCC(CC1)C(C)(C)C)c1ccc(cc1)Oc1ccc(cc1)C(=O)*)C12CC3CC(CC(C1)C3)C2,180.0,tg
*NC(=S)c1ccc(C(*)=S)s1,6.57,eps
*Oc1cc(c(cc1)S(=O)(=O)c1c(cc(cc1)Oc1ccc(cc1)C(c1ccc(cc1)*)(C(F)(F)F)C(F)(F)F)[Si](C)(C)C)[Si](C)(C)C,172.0,tg
*C(C=C1)=CC=C1C(S2)=CC=C2C(=S)C(S3)=CC=C3*,2.0866,egc
*NC1CC(C2(C)OC(O)OC(C)NC2=O)C(F)(N(C(*)O)C(F)F)O1,5.6343,egc
*c1cc2c(C(=O)N(C2=O)c2c(cc(cc2C)Cc2cc(c(c(c2)C)N2C(=O)c3c(C2=O)cc(cc3)C(=O)*)C)C)cc1,331.0,tg
*NC(C)(C)C(*)=O,6.1893,egc
*Oc1ccc(cc1)S(=O)(=O)c1ccc(cc1)c1ccc(cc1)c1ccc(cc1)S(=O)(=O)c1ccc(cc1)Oc1ccc(cc1)c1ccc(cc1)*,264.0,tg
*C(=O)OCCCCCCCCCCCCOC(=O)c1ccc(N2C(=O)c3ccc(*)cc3C2=O)cc1,3.2472,egc
*NNC(=O)C1CCC(C(=O)NNC(=O)CCCCC(*)=O)CC1,4.9352,egc
*N1C(=O)c2c(C1=O)cc(cc2)c1ccc(cc1)c1cc2c(C(=O)N(C2=O)CCCCCCCCCCC*)cc1,89.0,tg
*Oc1c(-c2ccccc2)cc(*)cc1-c1ccccc1,3.9085,egc
*c1cc2c(C(=O)N(C2=O)c2ccc(cc2)Oc2ccc(cc2)S(=O)(=O)c2ccc(cc2)Oc2ccc(cc2)N2C(=O)c3c(C2=O)cc(cc3)C(*)(C(F)(F)F)C(F)(F)F)cc1,276.04,tg
*C(=O)c1ccc(C(=O)c2ccc(*)cc2)cc1,2.1866,eea
*Oc1ccc(N=CCCCC=Nc2ccc(OC(=O)Nc3cc(NC(*)=O)ccc3C)cc2)cc1,4.0981,egc
*c1ccc2N(c3c(Sc2c1)cc(cc3)c1sc2c(c1CCCCC)sc(c2)*)CCCCCCCCCC,131.0,tg
*c1cnc(s1)N1C(=O)c2c(C1=O)cc(cc2)Oc1cc2c(C(=O)N(C2=O)c2ccc(cc2)Oc2ccc(cc2)*)cc1,300.0,tg
*CC(C)(C)COC(=O)Nc1ccc(NC(=O)O*)cc1,4.8883,egc
*C(S1)=CC=C1C(S2)=CC=C2OC(=S)*,2.4847,egc
*N1C(=O)c2c(C1=O)cc(cc2)c1cc2c(C(=O)N(C2=O)c2ccc(cc2)Oc2ccc(cc2)C(=O)c2ccc(cc2)C(=O)c2ccc(cc2)Oc2ccc(cc2)*)cc1,245.0,tg
*CC(=O)NC(S1)=CC=C1*,4.4758,egc
*OC(CCCCCC)CC(*)=O,6.7534,egc
*Oc1ccc(Oc2ccc(C(=O)c3ccccc3-c3ccccc3C(=O)c3ccc(*)cc3)cc2)cc1,3.3644,egc
*c1ncc(s1)N*,62.0,tg
*c1cc2c(C(=O)N(C2=O)c2ccc(cc2)Cc2ccc(cc2)N2C(=O)c3c(C2=O)cc(cc3)C(=O)*)cc1,305.69,tg
*OC(=O)NCCCCCCNC(=O)OCC(C(C(C(C*)(F)F)(F)F)(F)F)(F)F,-2.0,tg
*C1C(C(C(C1)C=C*)C(=O)OC)C(=O)OC,77.3,tg
*c1sc(*)c2nc(C)c(C)nc12,2.7771,egc
*OC(=O)Nc1c(ccc(c1)NC(=O)OCCN(CC*)c1ccc(cc1)C=Cc1ccc(cc1)[N+](=O)[O-])C,121.0,tg
*NC(=O)C(C(C(=O)NCCCCC*)OC)OC,113.0,tg
*OC(C*)COC(C)C,-67.0,tg
*C(C*)c1ccc(cc1)C(=O)OCC,94.0,tg
*C(C*)O[N+](=O)[O-],34.5,tg
*Oc1c(cc(cc1)C=C1C(=O)C(=Cc2cc(c(cc2)OC(=O)c2cc(ccc2)C(=O)*)OC)CCC1)OC,57.86,tg
*Oc1ccc(-c2ccc(-c3ccc(*)cc3)cc2)cc1,5.5837,ei
*C(C*)(C(=O)OCCCCCCCCCCOc1ccc(cc1)N=Nc1ccc(cc1)Cl)C,54.0,tg
*Oc1ccc(cc1)OC(=O)c1cc(cc(c1)OCCCCCCCCCCC(C(C(C(C(C(C(C(C(C(F)(F)F)(F)F)(F)F)(F)F)(F)F)(F)F)(F)F)(F)F)(F)F)(F)F)C(=O)*,137.0,tg
*C(=O)c1ccc(C(=S)c2ccc(*)s2)s1,6.205,ei
*Nc1ccc(OC(*)=S)cc1,3.2479,egb
*c1sc(cc1)c1sc(cc1)c1sc(cc1)[Si](*)(CCCC)CCCC,30.0,tg
*CCCCCCOC(=O)NCCCNC(=O)O*,6.5954,egb
*Oc1ccc(cc1)N=Nc1cc(c(cc1)Cc1c(cc(cc1)N=Nc1ccc(cc1)OC(=O)c1ccc(cc1)N=Nc1ccc(cc1)C(=O)*)[N+](=O)[O-])[N+](=O)[O-],160.0,tg
*c1ccc(CC(F)(F)C(*)(F)F)s1,3.59,eps
*OCCCNC(=O)c1ccc(cc1)C(=O)NCCC*,72.0,tg
*OC(C*)COCC=C,-74.0,tg
*C(=O)NCCCCCCCCCCNC(=O)c1ccc(*)nc1,4.5311,egc
*c1ncc(cc1)C(=O)Nc1cc(ccc1)Oc1ccc(cc1)C(=O)c1ccc(cc1)Oc1cc(ccc1)NC(=O)*,154.0,tg
*c1cc2c(C(=O)N(C2=O)c2c3c(ccc2)c(ccc3)N2C(=O)c3c(C2=O)cc(cc3)C(=O)Nc2ccc(cc2)C(c2ccc(cc2)NC(=O)*)(C(F)(F)F)C(F)(F)F)cc1,250.0,tg
*C(C*)(C(=O)OCC(C)(C)C)C,32.67,tg
*Oc1ccc(cc1)OC(=O)c1c(cc(c(c1)OCCCCCCOCC1N(CCC1)c1ccc(cc1)[N+](=O)[O-])C(=O)*)OCCCCCCOCC1N(CCC1)c1ccc(cc1)[N+](=O)[O-],56.0,tg
*O[Si](O[Si](O[Si](O[Si](O[Si](C#Cc1ccc(cc1)C#C[Si](*)(C)C)(C)C)(C)C)(C)C)(C)C)(C)C,78.0,tg
*Oc1ccc(cc1)C(c1ccc(cc1)OCC(COC(=O)CCCCC(=O)OCC(C*)O)O)(C)C,37.33,tg
*[Si](CCC*)(c1ccc(cc1)N(C)C)C,6.5,tg
*c1ccc(N2C(=O)c3ccc(-c4ccc5c(c4)C(=O)N(*)C5=O)cc3C2=O)nc1,3.2895,egc
*CCCc1nc2cc3sc(*)nc3cc2s1,4.1967,egc
*Oc1ccc(cc1)C1(c2ccccc2c2ccccc12)c1ccc(cc1)OCC(COc1ccc(cc1)C(c1ccc(cc1)OCC(C*)O)(C)C)O,161.0,tg
*CC(*)(C)C(=O)OCCC1CCCCC1,6.5132,egc
*c1cccc(-c2nnc(-c3nnc(*)o3)o2)c1,4.3431,egc
*Oc1ccc(cc1)C1(c2ccccc2c2ccccc12)c1ccc(cc1)OC(=O)CCCCCCCCCCC(=O)*,117.0,tg
*OC(=O)CCOCC*,-35.55,tg
*OCCC(=O)CC(=O)Oc1ccc(*)cc1,2.0323,eea
*c1c(nc2c(n1)cc(cc2)Oc1ccc(cc1)NC(=O)CN1C(=O)c2c(C1=O)cc(cc2)C(c1cc2c(C(=O)N(C2=O)CC(=O)Nc2ccc(cc2)Oc2cc3c(nc(c(n3)c3ccc(cc3)Oc3ccc(cc3)*)c3ccccc3)cc2)cc1)(C(F)(F)F)C(F)(F)F)c1ccccc1,260.0,tg
*OC(=O)C(C*)(C)C,-6.17,tg
*Oc1ccc(cc1)C(=O)Nc1c(ccc(c1)C(c1cc(c(cc1)C)NC(=O)c1ccc(cc1)OC(=O)c1cc(ccc1)C(=O)*)(C(F)(F)F)C(F)(F)F)C,214.0,tg
*c1ccc(-c2ccc(-c3ccc(-c4ccc(*)s4)s3)cc2)cc1,2.646,nc
*CC(*)(CF)C(=O)OC,6.854,egc
*c1n(c(nn1)c1ccc(cc1)Oc1ccc(cc1)C(c1ccc(cc1)Oc1ccc(cc1)*)(C(F)(F)F)C(F)(F)F)c1ccc(cc1)C,213.0,tg
*c1cc2c(C(=O)N(C2=O)c2c(cc(cc2C)C(c2cc(c(c(c2)C)N2C(=O)c3c(C2=O)cc(cc3)C(=O)*)C)c2cc(cc(c2)C(F)(F)F)C(F)(F)F)C)cc1,301.1,tg
*Oc1ccc(C(C)=Nc2ccc(N=C(C)c3ccc(*)cc3)cc2)cc1,2.9143,egc
*C(C*)(C(=O)OCc1ccc(cc1)C=CC(=O)C1c2c(C(=O)c3c1cccc3)cccc2)C,163.0,tg
*CNC(=O)ONC(=O)NO*,7.4526,ei
*CC(*)c1ccc2ccccc2c1,3.6351,egc
*N=P(*)(OCCOCCOCC)OCCOCCOCC,-78.0,tg
*OC(=O)NC1CC(CC(C1)(CNC(=O)OCC*)C)(C)C,84.0,tg
*C1COC2C1OCC2Oc1ccc(cc1)NC(=O)CCCCCCC(=O)Nc1ccc(cc1)O*,72.5,tg
*c1cc2C(c3c(c2cc1)ccc(c3)c1ccc(cc1)*)(CCCCCCBr)CCCCCCBr,117.2,tg
*c1cc2c(C(=O)N(C2=O)C2CCC(CC2)N2C(=O)c3c(C2=O)cc(cc3)C(=O)Oc2ccc(cc2)OC(=O)*)cc1,360.0,tg
*c1cc2c(C(=O)N(C2=O)c2cc(ccc2)N2C(=O)c3c(C2=O)cc(cc3)C(=O)Nc2ccc(cc2)NC(=O)*)cc1,341.0,tg
*NC(=O)CCCCC(=O)NCCCP(=O)(CCC*)c1ccccc1,55.0,tg
*CC(=O)C(C=C1)=CC=C1C(=S)*,2.7253,egc
*Oc1ccc(cc1)C(=O)OC(=O)c1ccc(cc1)OCCC*,95.0,tg
*C(C*)c1[nH]nnn1,72.0,tg
*c1cc2c(C(=O)N(C2=O)c2ccc(cc2)N(c2ccc(cc2)N2C(=O)c3c(C2=O)cc(cc3)C(*)(C(F)(F)F)C(F)(F)F)c2ccc(cc2)C=Cc2ccc(cc2)[N+](=O)[O-])cc1,290.0,tg
*S(=O)(=O)c1ccc(cc1)NC(=O)CCCCC(=O)Nc1ccc(cc1)*,194.0,tg
*Cc1ccc(Cc2ccc(*)s2)cc1,1.8173,nc
*CC(*)C(F)(F)C(F)(F)C(F)(F)F,8.6189,egc
*C(C*)OC(=O)C(C(C(F)(F)F)(F)F)(F)F,27.0,tg
*c1c2C(=O)N(C(=O)c2c(c2ccccc12)c1ccc(cc1)Oc1ccc(cc1)C(=O)c1ccc(cc1)Oc1ccc(cc1)*)c1ccccc1,273.5,tg
*C=Cc1ccc(-c2ccc(C=Cc3cc(*)ncn3)cc2)cc1,2.7379,egc
*NC(C=C1)=CC=C1C(C=C2)=CC=C2C(C=C3)=CC=C3*,3.4269,egc
*c1cc2c(C(=O)N(C2=O)c2c(cc(c(c2C)C(=O)c2cc(ccc2)N2C(=O)c3c(C2=O)cc(cc3)C(*)(C(F)(F)F)C(F)(F)F)C)C)cc1,280.0,tg
*CCCNC(=O)CCCCC(=O)NCCCO*,5.8321,egc
*C(C*)(C(=O)OCCCCCCOc1ccc(cc1)c1ccc(cc1)C#N)C,58.6,tg
*c1ccc(Oc2ccc(Oc3ccc(-n4c(=O)c5cc6c(=O)n(*)c(=O)c6cc5c4=O)cc3)cc2C(C)(C)C)cc1,1.9644,egc
*C(C*)(C(=O)OCC1OCCOCCOCCOC1)C,35.0,tg
*NC(C(=O)*)CCC(=O)OCC,-27.33,tg
*c1ccc(-c2nc3cc(Oc4ccc5nc(*)c(-c6ccccc6)nc5c4)ccc3nc2-c2ccccc2)cc1,3.1353,egc
*Oc1ccc(cc1)C(=O)c1ccc(cc1)OCCCCCCOC(=O)OCCCCCOC(=O)OCCCCCC*,-0.2,tg
*CCCCc1nc(-c2ccc(-c3csc(*)n3)cc2)cs1,3.7312,egc
*N1C(=O)c2c(C1=O)cc(cc2)Oc1cc2c(cc1Oc1cc3c(C(=O)N(C3=O)c3cc(cc(c3)C(F)(F)F)*)cc1)cccc2,250.0,tg
*N=P(*)(OCCOC)OCCOC,-75.0,tg
*c1nc(ccc1)Oc1ccc(cc1)Oc1ccc(cc1)C(=Nc1ccccc1)c1ccc(cc1)Oc1ccc(cc1)O*,135.0,tg
*N(c1ccc(cc1)C(=O)*)CCCCCCCC,30.0,tg
*N(CCC*)C(=O)CC,8.0,tg
*Oc1ccc(cc1)CC(NC(=O)CCc1ccc(cc1)OC(=O)COCCOCC(=O)*)C(=O)OCCCC,45.0,tg
*CCCCCC(=O)NCc1ccc(CNC(=O)CCCCO*)cc1,5.142,egc
*N1C(=O)c2c(C1=O)cc(cc2)c1cc2c(C(=O)N(C2=O)c2cc(cc(c2)C(=O)NCCCCCCCCCCCC)*)cc1,243.1,tg
*OC(=O)NC(=O)c1cc(ccc1)C(=O)NC(=O)OCC(C*)(C)C,66.0,tg
*N1C(=O)c2c(C1=O)cc(cc2)Oc1ccc(cc1)C(=O)c1ccc(cc1)Oc1cc2c(C(=O)N(C2=O)c2ccc(cc2)Oc2ccc(cc2)*)cc1,210.0,tg
*c1sc2c(n1)ccc(c2)c1ccc2c(sc(n2)c2cc(ccc2)*)c1,495.0,tg
*c1nc2cc3c(cc2nc1)nc(cn3)c1ccc(cc1)*,392.0,tg
*NNC(=O)c1cc(cc(c1)NC(=O)c1cc2c(C(=O)N(C2=O)c2ncccc2C)cc1)C(=O)NNC(=O)c1ccc(cc1)C(=O)*,130.3,tg
*C1C(=O)N(C(=O)C1CC*)CCCCNC(=O)C(C(C(C(C(C(C(F)(F)F)(F)F)(F)F)(F)F)(F)F)(F)F)(F)F,100.0,tg
*C(C*)(C(=O)OCCCCCCN(c1ccc(cc1)N(C)C)C)C,8.5,tg
*N=P(*)(Cl)Cl,3.9556,egc
*Oc1ccc(cc1)C(=O)c1ccc(cc1)OCCCCCCOC(=O)OCCCCCCCCCCCCOC(=O)OCCCCCC*,-8.0,tg
*Oc1cc(ccc1)NC(=O)CCCCCCCC(=O)Nc1ccc(cc1)*,120.0,tg
*Nc1c2c(ccc1)c(ccc2)NC(=O)c1cc(cc(c1)NC(=O)C(CCSC)N1C(=O)c2c(C1=O)cccc2)C(=O)*,198.0,tg
*NC(=O)C(=O)NCCCC*,120.0,tg
*CC(C)C1C(=O)N(CCC)C(=O)C1*,5.8295,egc
*C(CC*)(c1ccccc1)C,93.0,tg
*Nc1ccc(cc1)[Si](c1ccc(cc1)NC(=O)c1cc2Cc3c(c2cc1)ccc(c3)C(=O)*)(c1ccccc1)c1ccccc1,54.45,tg
*Oc1ccc(C(C)=Cc2ccc(OC(=O)OCCCCOC(*)=O)cc2)cc1,4.0366,egc
*c1ccc(-c2ccc(Oc3ccc(*)s3)s2)cc1,5.22,eps
*C(C*)(C(=O)OCC(Oc1ccc(cc1)c1ccc(cc1)c1ccc(cc1)C#N)C)C,140.0,tg
*c1c2c(c(nn1)c1ccc(cc1)Oc1ccc(cc1)C1(c3ccccc3c3ccccc13)c1ccc(cc1)Oc1ccc(cc1)*)c(c(c(c2c1ccccc1)c1cc2c(cc1)cccc2)c1cc2c(cc1)cccc2)c1ccccc1,327.33,tg
*c1cc2c(C(=O)N(C2=O)c2ccc(cc2)Sc2ccc(cc2)Sc2ccc(cc2)N2C(=O)c3c(C2=O)cc(cc3)C(*)(C(F)(F)F)C(F)(F)F)cc1,257.0,tg
*c1ccc(-c2ccc(N(c3ccccc3)c3ccc4ccc(N(*)c5ccccc5)cc4c3)cc2)cc1,3.0933,egc
*C(F)(F)CC(F)(F)C(C=C1)=CC=C1*,4.7291,egc
*CC(S1)=CC=C1C(=O)C(S2)=CC=C2*,3.4685,egc
*OC(=O)CCCCCCCCC(=O)OCC#CC(=Cc1ccc(cc1)C#Cc1ccc(cc1)[N+](=O)[O-])C#CC*,60.0,tg
*c1cc2c(C(=O)N(C2=O)c2cc(c(cc2)Oc2c(cc(cc2)N2C(=O)c3c(C2=O)cc(cc3)C(=O)Nc2cc(c(cc2)Oc2c(cc(cc2)NC(=O)*)c2ccccc2)c2ccccc2)c2ccccc2)c2ccccc2)cc1,369.0,tg
*C1OC(OC1COC(=O)OC*)OCC,51.38,tg
*N1C(=O)c2c(C1=O)c(ccc2)Oc1c(cc(cc1C)Cc1cc(c(c(c1)C)Oc1c2c(C(=O)N(C2=O)c2c(cc(cc2C)c2cc(c(c(c2)C)*)C)C)ccc1)C)C,276.0,tg
*CCCCCOC(=O)O*,3.09,eps
*Oc1ccc(cc1)C(c1ccc(cc1)OC(=O)*)(CCC)CCC,140.8,tg
*Nc1cc(ccc1)NC(=O)CCCCC(=O)Nc1cc(ccc1)NC(=S)NC(=O)c1ccc(cc1)C(=O)NC(=S)*,241.0,tg
*Oc1ccc(cc1)C(c1ccc(cc1)OC(=O)CCCCC(=O)*)(C)C,54.0,tg
*c1oc(nn1)c1ccc(cc1)NC(=O)c1c(cc(cc1)C(=O)Nc1ccc(cc1)*)Oc1ccccc1,272.0,tg
*OC(=O)NCc1ccc(cc1)CNC(=O)OCCCCCCCCCC*,49.0,tg
*N1C(=O)c2c(C1=O)cc(cc2)c1cc2c(C(=O)N(C2=O)c2ccc(cc2)Oc2c(cc(cc2C(C)(C)C)c2ccc(cc2)*)C(C)(C)C)cc1,381.5,tg
*C(C*)c1ccc(cc1)OCC,86.0,tg
*CCCO*,6.2459,egc
*C1COC2C1OCC2Oc1ccc(cc1)NC(=O)c1ccc(cc1)C(=O)Nc1ccc(cc1)O*,132.67,tg
*C1(C(=O)OC(=O)C1(C(C*)OC)C)C,170.2,tg
*C(=O)Nc1ccc(Oc2ccc(N3C(=O)c4ccc(*)cc4C3=O)cc2)cc1,2.7025,egc
*Oc1ccc(cc1)CC(NC(=O)CCc1ccc(cc1)OC(=O)CCCCC(=O)*)C(=O)OCCOCCOCC,15.0,tg
*Oc1ccc(C(C)(C)c2ccc(OC(*)=O)c(Cl)c2)cc1,5.0408,egc
*C1C(=O)N(C(=O)C1C(C*)(C)C)c1c(cccc1)C,207.0,tg
*CNC(=S)N*,5.6855,ei
*OC(C)COC(=O)CCCCS(=O)(=O)CCCCC(*)=O,6.649,egc
*OC(COC(=O)*)COCC,-5.0,tg
*Cc1ccc(C(=O)C(*)=S)cc1,1.9454,nc
*c1cc2c(C(=O)N(C2=O)c2c(ccc(c2)N2C(=O)c3c(C2=O)cc(cc3)C(=O)OCCN(CCOC(=O)*)c2ccccc2)N=Nc2ccccc2)cc1,156.0,tg
*CC(*)c1cc(C)ccc1C,4.9137,egc
*C1COC2C1OCC2OC(=O)C(NC(=O)CCCCCCCCC(=O)NC(C(=O)O*)CC(C)C)CC(C)C,89.0,tg
*C(=S)OC(=S)c1ccc(*)s1,6.22,eps
*Nc1ccc(*)cc1CCCCCCCCCCCCCCC,3.3286,egc
*Oc1c(F)c(F)c(S(=O)(=O)c2c(F)c(F)c(Oc3ccc(C(c4ccc(*)cc4)(C(F)(F)F)C(F)(F)F)cc3)c(F)c2F)c(F)c1F,3.7366,egc
*c1ccc(OC(=S)c2ccc(*)s2)cc1,3.1094,eea
*c1cc2c(C(=O)N(C2=O)c2c(cc(cc2C(C)C)Cc2cc(c(c(c2)C(C)C)N2C(=O)c3c(C2=O)cc(cc3)C(*)(C(F)(F)F)C(F)(F)F)C(C)C)C(C)C)cc1,278.5,tg
*OC(*)CC,6.1349,egc
*OC(=O)c1ccc(cc1)c1ccc(cc1)C(=O)OCCCOCCC*,16.25,tg
*C1=CC=C(c2sc(-c3sc(*)c4c3OCCO4)c3c2OCCO3)S1(=O)=O,1.7929,egc
*C(C*)c1cc(ccc1)C,74.83,tg
*NC(F)(F)NC(*)(F)F,1.6576,eea
*CC(=S)c1ccc(C(*)=S)s1,1.6797,egb
*c1oc(nn1)c1ccc(cc1)NC(=O)c1c(cc(cc1)*)Oc1ccccc1,235.0,tg
*c1ccc(S(=O)(=O)c2ccc(-n3c(=O)c4cc5c(=O)n(*)c(=O)c5cc4c3=O)cc2)cc1,2.8028,egc
*OC(=O)OCC(OC)C(COC(=O)OC1COC2C(*)COC12)OC,6.3606,egc
*Oc1ccc(cc1)C=NN=Cc1ccc(cc1)Oc1ccc(cc1)C(c1ccc(cc1)*)(C(F)(F)F)C(F)(F)F,162.0,tg
*N=P(*)(Oc1cc(ccc1)C(F)(F)F)Oc1cc(ccc1)C(F)(F)F,-35.0,tg
*c1nc2c(nc1c1ccccc1)cc(cc2)Oc1cc2c(nc(c(n2)c2ccccc2)c2ccc(cc2)OCCN(CCOc2ccc(cc2)*)c2ccc(cc2)N=Nc2ccc(cc2)[N+](=O)[O-])cc1,199.0,tg
*c1c([nH]c(n1)c1ccc(cc1)c1[nH]c(c(n1)c1ccc(cc1)Oc1ccc(cc1)C(=O)c1cc2c(cc1)cc(cc2)C(=O)c1ccc(cc1)Oc1ccc(cc1)*)c1ccccc1)c1ccccc1,281.0,tg
*C(=O)Nc1ccc(NC(=O)c2ccc3c(c2)C(=O)N(c2c(C)cc(C)c(N4C(=O)c5ccc(*)cc5C4=O)c2C)C3=O)cc1,3.3589,egc
*C=CC1CC(*)C(C#N)(C[Si](C)(C)C)C1,5.6706,egc
*OP(=O)(Oc1c(cc(cc1Br)C(c1cc(c(c(c1)Br)*)Br)(C(F)(F)F)C(F)(F)F)Br)Oc1ccc(cc1)C,146.0,tg
*OP(=O)(Oc1ccc(-c2ccc(*)cc2)cc1)OC1CCCCC1,4.479,egc
*c1[nH]c(nc1c1ccc(cc1)NC1C(=O)N(C(=O)C1)c1ccc(cc1)Cc1ccc(cc1)N1C(=O)C(CC1=O)Nc1ccc(cc1)*)c1ccc(cc1)C=Cc1ccc(cc1)[N+](=O)[O-],250.0,tg
*Oc1c(cc(cc1)C(c1cc(c(cc1)OC(=O)c1ccc(cc1)C(=O)*)Cl)(C)C)Cl,190.0,tg
*CC(*)C(=O)c1ccc(Br)cc1,1.5897,egc
*N(CC*)C(=O)C(OC)(c1ccccc1)C(F)(F)F,89.0,tg
*Nc1ccccc1NC(=O)c1cccc(C(*)=O)c1,3.6159,egc
*NC(=O)c1ccc(cc1)C(=O)NCCCCC*,177.0,tg
*Nc1ccc(cc1)Cc1ccc(cc1)NC(=O)NCCCCCCCCCCNC(=O)*,46.0,tg
*c1c([nH]c(n1)c1ccc(cc1)c1[nH]c(c(n1)c1ccc(cc1)Oc1ccc(cc1)C(=O)c1ccc(cc1)C(=O)c1ccc(cc1)Oc1ccc(cc1)*)c1ccccc1)c1ccccc1,270.0,tg
*C(=S)NC(F)(F)C(*)(F)F,1.765,nc
*NC(=O)c1cc(cc(c1)C(C)(C)C)C(=O)NCC(CCC(C*)C)C,149.0,tg
*c1cc2c(C(=O)N(C2=O)c2cc(ccc2)NC(=O)c2cc(ccc2)N2C(=O)c3c(C2=O)cc(cc3)C(=O)*)cc1,285.67,tg
*OC(=O)OCC1OC(C)(C)OC1COC(=O)OC1COC2C(*)COC12,6.6226,egc
*c1c([nH]c(n1)c1cc(ccc1)c1[nH]c(c(n1)c1ccc(cc1)Oc1ccc(cc1)C(=O)c1cc(ccc1)c1cc(ccc1)C(=O)c1ccc(cc1)Oc1ccc(cc1)*)c1ccccc1)c1ccccc1,250.0,tg
*C(C(CC*)(C)C)(C)C,87.0,tg
*C(C*)(CC(=O)OCC1CCCCC1)C(=O)OCC1CCCCC1,83.0,tg
*Oc1ccc(cc1)C(c1ccc(cc1)Oc1ccc(cc1)C(=O)c1cc(ccc1)C(=O)c1ccc(cc1)*)(C(F)(F)F)C(F)(F)F,175.0,tg
*C(=S)C(F)(F)NC(*)(F)F,4.49,eps
*C(C*)C(=O)OCCCCCCCCCOC(=O)c1ccc(cc1)OC(=O)c1ccc(cc1)C#N,15.0,tg
*CCCCCOC(=O)NC(=O)C1CC1C(=O)NC(=O)O*,6.0047,egc
*c1sc(*)c(OCCOCCCC)c1C,1.6261,egc
*C(C*)C(=O)OCCCCCCSCC#N,-59.0,tg
*N1C(=O)c2c(C1=O)cc(cc2)Oc1ccc(cc1)C1(CCC(CC1)C(C)(C)C)c1ccc(cc1)Oc1cc2c(C(=O)N(C2=O)c2ccc(cc2)Oc2c(cc(cc2)Oc2ccc(cc2)*)C(C)(C)C)cc1,233.0,tg
*CC(*)CO,7.4192,egb
*CCOC(=O)NCCOCCOCCNC(=O)O*,7.1012,ei
*CCN(CCOC(=O)C=Cc1ccc(C=CC(=O)O*)cc1)c1ccc(N=Nc2ccc([N+](=O)[O-])cc2)cc1,2.3089,egc
*NC(=O)c1cc(cc(c1)C(C)(C)C)C(=O)NCCCCCC*,163.0,tg
*c1ccc(OC(=S)c2ccc(*)s2)cc1,2.2131,nc
*S(=O)(=O)C(C(=CC*)C)C,73.0,tg
*CCCCCCNC(=O)N*,5.7413,egc
*N1C(=O)c2c(C1=O)c(ccc2)Oc1ccc(cc1)C(c1ccc(cc1)Oc1c2c(C(=O)N(C2=O)c2cc(ccc2)*)ccc1)(C)C,222.5,tg
*NC(=S)C(S1)=CC=C1O*,3.2187,egc
*N1C(=O)c2c(C1=O)cc(cc2)S(=O)(=O)c1cc2c(C(=O)N(C2=O)c2ccc(cc2)Oc2c(cc(cc2C(C)(C)C)c2ccc(cc2)*)C(C)(C)C)cc1,354.5,tg
*Oc1ccc2ccccc2c1N=Nc1ccc(C(*)=O)cc1,2.8394,egc
*Cc1ccc(Cc2ccc(*)cc2)cc1,1.0649,eea
*NC(=S)OC(*)=S,6.6502,ei
*C(C*)(C(=O)OCCCCOc1ccc(cc1)OC(=O)c1cc(c(cc1)OC)Br)C,69.0,tg
*c1ccc2n(c3c(c2c1)cc(cc3)C=C(C(=O)OCCCCCCOC(=O)C(=C*)C#N)C#N)CCCCCCCCCCCOc1ccc(cc1)C=Cc1ccc(cc1)[N+](=O)[O-],87.0,tg
*c1sc(*)c(OCCCC)c1C,2.2732,egc
*c1ccc(cc1)c1ccc(cc1)C(=Cc1ccc(cc1)C=C(*)c1ccccc1)c1ccccc1,220.0,tg
*COC(=S)O*,4.8041,egc
*Oc1ccc(cc1)CC(NC(=O)Cc1ccc(cc1)OC(=O)CCC(=O)*)C(=O)OCCCCCCCC,51.0,tg
*Nc1ccc(C(=S)c2ccc(*)s2)s1,5.2424,ei
*CCCCC(=O)O*,6.623,egc
*Oc1ccc(cc1)CC(NC(=O)CCc1ccc(cc1)OC(=O)COCC(=O)*)C(=O)OCc1ccccc1,76.0,tg
*Cc1ccc(C(=O)c2ccc(*)s2)s1,2.0215,nc
*Nc1ccc(NC(=O)CCCCC(*)=O)cc1,4.5219,egc
*c1oc(cc1)C(c1oc(cc1)CNC(=O)OC(COC(=O)NC*)c1occc1)CCC,43.0,tg
*OC(=O)c1ccc(cc1)c1ccc(cc1)C(=O)OCCCCCCCCCC*,46.0,tg
*C(C*)P(=O)(N(C)C)Oc1ccccc1,27.0,tg
*Oc1ccc(cc1)C(=O)c1ccc(cc1)Oc1ccc(cc1)C(=O)c1cc(ccc1)C(=O)c1ccc(cc1)*,152.0,tg
*NC(C=C1)=CC=C1C(S2)=CC=C2C(=S)*,2.4476,egc
*CCCCCOCO*,0.5413,eea
*Oc1ccc(cc1)N=CC=Nc1ccc(cc1)OC(=O)NCCCCCCNC(=O)*,80.0,tg
*C(=S)C(F)(F)NC(*)(F)F,7.8892,ei
*CC(*)(C)C(=O)OC(C(F)(F)F)C(F)(F)F,5.3218,egb
*c1nc2c(nc1c1ccccc1)cc(cc2)c1cc2c(nc(c(n2)c2ccc(cc2)Oc2ccc(cc2)*)c2ccccc2)cc1,292.5,tg
*N1CCN(CC1)C(=O)CCC1(c2ccccc2c2ccccc12)CCC(=O)*,145.0,tg
*OCCOCCOCCCNC(=O)CCCCCCCCC(=O)NCCC*,40.0,tg
*c1cc2c(C(=O)N(C2=O)c2c(ccc(c2)NC(=O)OCCN(CCOC(=O)Nc2c(ccc(c2)N2C(=O)c3c(C2=O)cc(cc3)C(*)(C(F)(F)F)C(F)(F)F)C)c2ccc(cc2)N=Nc2ccc(cc2)[N+](=O)[O-])C)cc1,196.0,tg
*N1C(=O)c2c(C1=O)cc(cc2)c1cc2c(C(=O)N(C2=O)c2ccc(cc2)Oc2c3c(ccc2)c(ccc3)Oc2ccc(cc2)*)cc1,305.0,tg
*CCOC(=O)NCCOCCOCCNC(=O)O*,3.53,eps
*Oc1ccc(Oc2ccc(*)cc2)s1,1.2264,eea
*COC(=O)O*,0.7529,eea
*OP(=O)(Oc1ccccc1)Oc1ccc(-c2ccc(*)cc2)cc1,4.631,egc
*CCOCCOC(=O)Nc1ccc(C)c(NC(=O)O*)c1,1.7289,nc
*c1cc2c(C(=O)N(C2=O)c2cc(c(cc2)Oc2c(cc(cc2)N2C(=O)c3c(C2=O)cc(cc3)C(=O)*)Br)Br)cc1,296.0,tg
*N1C(=O)c2c(C1=O)cc(cc2)C(=O)NCCN(CC*)c1ccc(cc1)C=Cc1ccc(cc1)[N+](=O)[O-],142.0,tg
*C(C*)(C1=NC(C(=O)O1)(C)C)C,165.0,tg
*C(=S)Oc1ccc(-c2ccc(*)cc2)s1,2.3094,egb
*C(C*)(C(=O)OCCO[Si](C)(C)C)C,89.0,tg
*c1[nH]c(*)c(CC(=O)OC)c1CC(=O)OC,3.2776,egc
*C1OC(C(C(C1OCC)OCC)O*)COCC,119.5,tg
*C=Cc1ccc(*)c2ccc(CCCCCCCCCCC)cc12,2.3432,egc
*C(C*)OC(=O)C=Cc1ccccc1,127.0,tg
*c1nc2c(nc1c1ccccc1)cc(cc2)Oc1cc2c(nc(c(n2)c2ccccc2)c2ccc(cc2)OCCOc2c(ccc(c2)OCCOc2ccc(cc2)*)C=Cc2ccc(cc2)[N+](=O)[O-])cc1,187.0,tg
*COC(S1)=CC=C1O*,4.8466,egc
*COc1ccc(O*)cc1,1.7891,nc
*NC(=O)c1cc(ccc1)C(=O)NCC(CCC*)(C)C,153.0,tg
*OC(=O)C(C*)(CC)C,-7.4,tg
*CCC(C)=C(*)C,4.9429,egc
*c1ccc(Oc2ccc(N3C(=O)c4ccc(S(=O)(=O)c5ccc6c(c5)C(=O)N(*)C6=O)cc4C3=O)cc2Br)c(Br)c1,2.7192,egc
*Oc1ccc(cc1)C(c1ccc(cc1)OCC(C*)OC(=O)c1ccccc1)(c1ccccc1)C,126.0,tg
*c1c(nc2c(n1)cc(cc2)Oc1cc2c(nc(c(n2)c2ccc(cc2)*)c2ccccc2)cc1)c1ccccc1,296.43,tg
*Oc1ccc(cc1)C(c1ccc(cc1)OC(=O)c1ccc(cc1)C(c1ccc(cc1)C(=O)*)(C(F)(F)F)C(F)(F)F)(C(F)(F)F)C(F)(F)F,135.0,tg
*CCCCCCCCCCCCCCCCCCCCCC(=O)N*,5.9891,egc
*c1ccc(Oc2ccc(-c3nc4cc5sc(*)nc5cc4s3)cc2)cc1,3.2878,egc
*CCCCCNC(=S)N*,4.4944,egc
*C(C*)C(=O)OCCCCCCCCCCOc1cnc(nc1)c1ccc(cc1)OC(=O)C1OC(OC1)(C)C,29.0,tg
*N1C(=O)c2c(C1=O)cc(cc2)Oc1cc(ccc1)Oc1cc2c(C(=O)N(C2=O)c2cc(ccc2)*)cc1,224.0,tg
*Nc1ccc(NO*)cc1,1.8848,nc
*c1nc2c(nc1c1ccccc1)cc(cc2)Oc1cc2c(nc(c(n2)c2ccc(cc2)Oc2ccc(cc2)*)c2ccccc2)cc1,340.0,tg
*Cc1ccc(NC(*)=S)s1,4.42,eps
*OC(=O)OCCOCCOCCOC(=O)OC1COC2C(*)COC12,6.4799,egc
*Oc1ccc(Oc2ccc(C=NCCCCCCN=Cc3ccc(*)cc3)cc2)cc1,4.2565,egc
*Oc1ccc(cc1)C1(c2cc(ccc2c2ccc(cc12)[N+](=O)[O-])N(C)C)c1ccc(cc1)OC(=O)*,278.0,tg
*C1C2CCC(C2)C1*,6.1739,egc
*CC(*)OCc1ccccc1,5.0639,egc
*Oc1ccc(cc1)CC(NC(=O)CCc1ccc(cc1)OC(=O)*)C(=O)OCCCCCC,51.5,tg
*c1c(cc(cc1)C=C*)OCc1cc(cc(c1)OCC(CCCC)CC)OCCC(CCCC(C)C)C,227.0,tg
*CC(=O)NC(*)=S,2.9562,eea
*c1cc(CCCCCCCCCCCC)c(-c2sc(*)c3c2OCCO3)s1,2.3785,egc
*C(F)(F)C(S1)=CC=C1C(F)(F)C(S2)=CC=C2*,3.3802,egc
*OC(=O)OCCCCC*,-40.0,tg
*CNCc1ccc(*)s1,3.53,eps
*CC(C)(C)COC(=O)Nc1ccc(Cc2ccc(NC(=O)O*)c(C)c2)cc1C,4.5157,egc
*c1cc2c(C(=O)N(C2=O)c2cc(ccc2)C(=O)Nc2ccc(cc2)C(c2ccc(cc2)NC(=O)c2cc(ccc2)N2C(=O)c3c(C2=O)cc(cc3)C(*)(C(F)(F)F)C(F)(F)F)(C(F)(F)F)C(F)(F)F)cc1,273.5,tg
*Oc1ccc(-c2ccc(Oc3cccc(*)n3)cc2)cc1,4.055,egc
*OC1CCC(OC(=O)OCCCCOC(*)=O)CC1,7.0064,egc
*CC(*)c1ccc2c(c1)OCO2,4.4057,egc
*OC(=O)NC1CCC(CC2CCC(NC(=O)OC3CC4CC(*)CC(C3)O4)CC2)CC1,5.8672,egc
*Oc1cc(c(cc1)CCc1ccc(cc1)OCCCCCCCC*)C,-12.1,tg
*c1cc2c(C(=O)N(C2=O)c2ccc(cc2)N(C(=O)c2cc(ccc2)N2C(=O)c3c(C2=O)cc(cc3)C(=O)*)C)cc1,260.5,tg
*CC(*)(F)C(=O)OCC(F)(F)C(F)(F)C(F)(F)F,6.2862,egb
*Oc1ccc(cc1)CCNC(=O)c1cc(ccc1)C(=O)NCCc1ccc(cc1)OC(=O)c1cc(ccc1)C(=O)*,147.0,tg
*CCCCNC(=O)NCCCCCCNC(=O)O*,5.9887,egc
*N1C(=O)c2c(C1=O)c(ccc2)Oc1ccc(cc1)C(c1ccc(cc1)Oc1c2c(C(=O)N(C2=O)c2c(cc(cc2)Oc2ccc(cc2)Oc2cc(c(cc2)*)C)C)ccc1)(C)C,222.0,tg
*Oc1ccc(cc1)Oc1ccc(cc1)NC(=O)c1c(cc(cc1)c1cc(c(cc1)C(=O)Nc1ccc(cc1)*)C)C,219.0,tg
*C(C*)(C(=O)Oc1ccc(cc1)N=Nc1ccc(cc1)[N+](=O)[O-])C,145.0,tg
*CC(*)(C#N)C(=O)OCCCCCCC,6.3455,egc
*OC(=O)c1ccc(cc1)SCCCCSc1ccc(cc1)C(=O)*,62.0,tg
*c1nc2c(c(c1)c1ccccc1)cc(cc2)C1(c2ccccc2C(=O)c2ccccc12)c1cc2c(nc(cc2c2ccccc2)c2ccc(cc2)C2(c3ccccc3c3ccccc23)c2ccc(cc2)*)cc1,405.0,tg
*CCC(*)=O,5.3275,egc
*c1ccc(-c2ccc(C(=S)c3ccc(*)s3)s2)cc1,9.09,eps
*OC(C(*)(F)F)(C(F)(F)F)F,-76.93,tg
*CCCCCCCCCCOc1cccc(OC(=O)c2ccc(C(=O)Oc3cccc(O*)c3)cc2)c1,3.4495,egc
*c1ccc(-c2ccc(-c3ccc(*)s3)s2)cn1,2.3342,egc
*Nc1cccc(C(*)=O)c1,4.43,eps
*OC(C(=O)*)Cc1ccccc1,35.05,tg
*c1oc(nn1)c1c(cc(cc1)c1oc(nn1)CN1C(=O)c2c(C1=O)cc(cc2)C(c1cc2c(C(=O)N(C2=O)C*)cc1)(C(F)(F)F)C(F)(F)F)Oc1ccccc1,208.0,tg
*C(C*)c1sccc1,71.0,tg
*Cc1nc(-c2ccc(-c3csc(*)n3)cc2)cs1,3.8894,egc
*c1oc(nc1)c1cc(c(cc1)Oc1ccc(cc1)C(c1ccc(cc1)Oc1c(cc(cc1)*)C(F)(F)F)(C(F)(F)F)C(F)(F)F)C(F)(F)F,205.0,tg
*OC(C)C(=O)NC(C)C(*)=O,5.6199,egc
*C(C*)c1ccc(cc1)I,155.0,tg
*c1oc(nn1)c1ccc(cc1)Oc1ccc(cc1)NC(=O)c1cc(cc(c1)NC(=O)c1ccc(cc1)OC(=O)C)C(=O)Nc1ccc(cc1)Oc1ccc(cc1)*,270.0,tg
*N1C(=O)c2c(C1=O)cc(cc2)c1cc2c(C(=O)N(C2=O)c2cc(cc(c2)C(=O)NCCCCCCCC)*)cc1,245.5,tg
*C(=O)Oc1ccc(C(*)=S)s1,6.6347,ei
*Oc1ccc(C(F)(F)C(*)(F)F)cc1,4.7894,egb
*c1ccc2N(c3c(Sc2c1)cc(cc3)c1sc(cc1)c1sc(cc1)c1ccc2N(c3c(Sc2c1)cc(cc3)C=C*)c1ccc(cc1)OCCCCCCCCCCCC)c1ccc(cc1)OCCCCCCCCCCCC,115.8,tg
*c1nc(c(c(c1C#N)C=Cc1ccc(cc1)N(c1ccccc1)c1ccccc1)C#N)C=Cc1c(cc(c(c1)CCCCCCCCCCCCCCCC)C=C*)CCCCCCCCCCCCCCCC,165.0,tg
*C(C*)c1ccc(cc1)C(C(C(C(C(C(C(F)(F)F)(F)F)(F)F)(F)F)(F)F)(F)F)(F)F,42.0,tg
*c1cc2C(c3c(c2cc1)ccc(c3)c1c(cc(c(c1)OCc1ccccc1)*)OCc1ccccc1)(CCCCCC)CCCCCC,73.0,tg
*CC1CC1COC(=O)Nc1ccc(C)c(NC(=O)O*)c1,4.7181,egb
*C1C(=O)N(C(=O)C1C(C*)c1ccccc1)C(C)(C)C,178.0,tg
*CC(*)(C)C(=O)OC(CC)OCC,6.3891,egc
*OC(F)(F)C(=O)C(*)(F)F,5.2263,egb
*N=Cc1ccc(-c2ccc(C=Nc3ccc4c(c3)c3cc(*)ccc3n4CCCC)s2)s1,2.8673,egc
*C(=O)c1ccc(-c2ccc(-c3ccc(*)s3)s2)cc1,2.1519,nc
*N1C(=O)c2c(C1=O)cc(cc2)Oc1cc2c(C(=O)N(C2=O)c2ccc(cc2)C(c2ccc(cc2)*)(C(F)(F)F)C(F)(F)F)cc1,305.0,tg
*N1C(=O)c2c(C1=O)cc(cc2)Oc1cc2c(cc1Oc1cc3c(C(=O)N(C3=O)c3ccc(cc3)Oc3ccc(cc3)c3ccc(cc3)Oc3ccc(cc3)*)cc1)cccc2,222.5,tg
*C(C*)(C(=O)OCCCCCC)C,-7.25,tg
*N1C(=O)c2c(C1=O)cc(cc2)S(=O)(=O)c1cc2c(C(=O)N(C2=O)c2ccc(cc2)Oc2c3c(ccc2)c(ccc3)Oc2ccc(cc2)*)cc1,306.0,tg
*c1ccc(C(F)(F)c2ccc(C(*)(F)F)cc2)s1,6.4074,ei
*Oc1ccc(OC(*)=O)cc1,6.5915,ei
*CCC(=O)C(=S)*,3.2378,egc
*C(C*)c1c(cccc1)O,172.0,tg
*NC1NN(C(C(*)O)(C(F)(F)F)C(O)(Cl)C2(F)OC(O)C(O)C2O)O1,5.0077,egc
*NCNC(=O)OC(=O)NC(*)=O,1.6859,eea
*CCN[Si](C)(C)N*,4.8016,egc
*CC(F)(F)C(F)(F)C(F)(F)COC(=O)CC(CC(=O)O*)C(F)(F)C(F)(F)C(F)(F)F,6.6602,egc
*c1nc(c(c(c1C#N)C=Cc1ccc(cc1)N(c1ccccc1)c1ccccc1)C#N)C=Cc1cc2C(c3c(c2cc1)ccc(c3)C=C*)(CCCCCC)CCCCCC,178.0,tg
*c1cc2c(C(=O)N(C2=O)c2cc(c(cc2)c2c(cc(cc2)N2C(=O)c3c(C2=O)cc(cc3)C(=O)Oc2c(ccc(c2)OC(=O)*)C23CC4CC(CC(C2)C4)C3)C)C)cc1,225.0,tg
*NC(=O)CCCCCCCCC(=O)NCCCC1(c2ccccc2c2ccccc12)CCC*,85.0,tg
*Oc1cc(c(cc1)S(=O)(=O)c1ccc(cc1)Oc1c(cc(cc1)C(c1cc(c(cc1)*)N)(C)C)N)N,237.1,tg
*Nc1c(cc(c(c1)[N+](=O)[O-])NC(=O)CCCCCCC(=O)*)C=Cc1ccc(cc1)N(C)C,177.6,tg
*CCCCCCC(=O)NCCCCCCNC(=O)CCCO*,5.9827,egc
*OC(=O)Nc1ccc(cc1)Cc1ccc(cc1)NC(=O)OCCC*,119.0,tg
*N1C(=O)C(=C(C1=O)Cl)Oc1ccc(cc1)C(c1ccc(cc1)OC1=C(C(=O)N(C1=O)c1ccc(cc1)Oc1ccc(cc1)*)Cl)(C)C,175.0,tg
*Oc1ccc(cc1)CC(NC(=O)CCc1ccc(cc1)OC(=O)CCC(=O)*)C(=O)OCCCCCCCC,46.75,tg
*OC(=O)NC(=O)c1ccc(cc1)C(=O)NC(=O)OCC(C*)(C)C,102.0,tg
*C(C*)C(=O)Oc1ccc(cc1)C(=O)OCc1ccccc1,16.25,tg
*N1C(=O)c2c(C1=O)cc(cc2)Oc1ccc(cc1)C1(CCCCCCCCCCC1)c1ccc(cc1)Oc1cc2c(C(=O)N(C2=O)c2ccc(cc2)Oc2ccc(cc2)C2(C3CC4CC(CC2C4)C3)c2ccc(cc2)Oc2ccc(cc2)*)cc1,262.0,tg
*OC(C)CCOC(=O)CCCCCCCC(*)=O,6.6793,egc
*N1C(=O)c2c(C1=O)cc(cc2)C(=O)Nc1ccc(cc1)S(=O)(=O)c1ccc(cc1)NC(=O)c1cc2c(C(=O)N(C2=O)CCCCCC*)cc1,198.0,tg
*C(=S)C(=O)CCNc1ccc(C(=S)c2ccc(*)cc2)cc1,2.3328,nc
*Nc1ccc(C(=O)c2ccc(*)s2)cc1,2.4618,eea
*SSCc1c(cccc1)C*,39.0,tg
*c1oc2c(n1)cc(cc2)NC(=O)CCCCCCC(=O)Nc1cc2c(oc(n2)CCCCCC*)cc1,77.0,tg
*CC(C)(C)COC(=O)C(=O)O*,4.957,egc
*C(=S)C(F)(F)CC(*)(F)F,3.78,eps
*N(CC*)C(=O)c1c(c(cc(c1)F)F)F,110.0,tg
*N1C(=O)c2c(C1=O)cc(cc2)Oc1c2c(ccc1)c(ccc2)Oc1cc2c(C(=O)N(C2=O)c2c(cc(cc2C)Cc2cc(c(c(c2)C)*)C)C)cc1,281.0,tg
*CCOCCOC(=O)Nc1ccc(C)c(NC(=O)O*)c1,4.5558,egb
*N1C(=S)N(C(=O)CC1=O)c1ccc(cc1)Oc1cc(ccc1)Oc1ccc(cc1)*,128.0,tg
*Oc1ccc(C(=S)c2ccc(*)s2)s1,2.3041,egb
*c1ccc2c(c1)C(=O)N(c1ccc(Oc3ccc(N4C(=O)c5ccc(C(F)(F)C(F)(F)C(F)(F)C(F)(F)C(F)(F)C(F)(F)C(F)(F)C(*)(F)F)cc5C4=O)cc3)cc1)C2=O,2.6011,egc
*Oc1ccc(cc1)C(c1ccc(cc1)OCC(COC(=O)CCCCCCCCC(=O)OCC(C*)O)O)(C)C,30.0,tg
*Oc1ccc(cc1)CC(NC(=O)CCc1ccc(cc1)OC(=O)CCCCC(=O)*)C(=O)OCCCCCCCCCCCC,22.0,tg
*N1C(=O)c2c(C1=O)cc(c(c2)c1ccc(cc1)C(C)(C)C)c1cc2c(C(=O)N(C2=O)c2ccc(cc2)Oc2ccc(cc2)*)cc1c1ccc(cc1)C(C)(C)C,370.0,tg
*C=Cc1cc(OC)c(*)cc1Br,1.9302,egc
*c1ccc(-c2ccc(-c3ccc(*)n3C)o2)o1,2.825,egc
*OC(C)(CC(*)=O)C(F)(F)F,6.2535,egc
*CC(=O)C(C=C1)=CC=C1C(S2)=CC=C2*,3.5141,egc
*C(=O)c1ccc(-c2ccc(C(*)=S)s2)cc1,5.75,eps
*C(=O)Nc1ccc(C2(c3ccc(N4C(=O)c5ccc(*)cc5C4=O)cc3)CCC(C(C)(C)C)CC2)cc1,2.7711,egc
*N1C(=O)c2c(C1=O)cc(cc2)Oc1cc(ccc1)C(=O)Nc1ccc(cc1)Oc1ccc(cc1)*,231.0,tg
*Oc1cc(c(c(c1)Br)C(c1c(cc(cc1Br)OC(=O)*)Br)(C)C)Br,267.0,tg
*c1sc(-c2sc(-c3sc(*)c4nccnc34)c3c2OC(CCCCCC)CO3)c2c1OCC(CCCCCC)O2,1.6167,egc
*CCC(=O)C(*)=S,1.9627,nc
*C(C*)(C(=O)OCCOCCO)C,18.12,tg
*C=Cc1ccc(*)n1CCCCCCCCCCCC,1.2671,egc
*C(=O)N1CC(=O)N(C(=O)c2ccc(N3C(=O)c4ccc(*)cc4C3=O)cc2)C1=O,3.533,egc
*c1cc2c(C(=O)N(C2=O)c2ccc(cc2)Oc2c(cc(c(c2)C(C)(C)C)Oc2ccc(cc2)N2C(=O)c3c(C2=O)cc(cc3)C(*)(C(F)(F)F)C(F)(F)F)C(C)(C)C)cc1,277.0,tg
*c1cc2c(C(=O)N(C2=O)c2ccc(cc2)Cc2ccc(cc2)N2C(=O)c3c(C2=O)cc(cc3)C(=O)c2ccc(cc2)c2ccc(cc2)C(c2ccc(cc2)c2ccc(cc2)C(=O)*)(C)C)cc1,216.0,tg
*CC(*)C(=O)OCCOCC1(CC)COC1,5.6941,egc
*c1ccc(C(F)(F)CC(*)(F)F)s1,1.7568,nc
*CCCCCCCCCCOC(=O)O*,7.22,egc
*c1cc2c(C(=O)N(C2=O)c2cc(ccc2)Cc2cc(ccc2)N2C(=O)c3c(C2=O)cc(cc3)C(=O)*)cc1,241.33,tg
*Oc1ccc(cc1)OC(=O)Oc1ccc(cc1)C(c1ccc(cc1)OC(=O)*)(C)C,97.0,tg
*CCOC(=O)CCCCCCC(=O)O*,1.6577,nc
*c1cc2c(C(=O)N(C2=O)c2ccc(cc2)OCCCCOc2ccc(cc2)N2C(=O)c3c(C2=O)cc(cc3)C(*)(C(F)(F)F)C(F)(F)F)cc1,169.0,tg
*Oc1c(cc(cc1)c1ccc(cc1)c1cc(c(cc1)Oc1ccc(cc1)C(c1ccc(cc1)*)(C)C)C(F)(F)F)C(F)(F)F,192.0,tg
*Oc1ccc(-c2ccc(C(*)=O)cc2)s1,6.028,ei
*CCC(=O)C(*)=S,3.1911,eea
*C(=O)c1ccc2c(c1)C(=O)N(c1ccc(N(c3ccc(C#N)cc3)c3ccc(N4C(=O)c5ccc(*)cc5C4=O)cc3)cc1)C2=O,1.8778,egc
*Oc1ccc(cc1)S(=O)(=O)c1ccc(cc1)Oc1ccc(cc1)S(=O)(=O)c1ccc(cc1)c1ccc(cc1)S(=O)(=O)c1ccc(cc1)*,234.0,tg
*Oc1c(cc(cc1C)*)C(CCCC)C,85.0,tg
*C(C*)(C(=O)OCCCCCCOc1ccc(cc1)OC(=O)c1ccc(cc1)OCCCCCC)C,16.0,tg
*OC(=O)OCCOCCOC(=O)OC1COC2C(*)COC12,6.7329,egc
*Nc1ccc(-c2ccc(-c3ccc(*)cc3)cc2)cc1,4.7817,ei
*N(C(=O)c1cc(ccc1)C(=O)*)c1ccccc1,148.0,tg
*c1ccc(C(F)(F)c2ccc(C(*)(F)F)s2)s1,6.7826,ei
*C(C(CC*)C)(C(=O)OC)C,41.29,tg
*CCN(*)Cc1ccccc1,3.8139,egc
*N1C(=O)c2c(C1=O)cc(cc2)c1cc2c(C(=O)N(C2=O)c2cc(c(c(c2)C(=O)OCCCCCCCCCCCCCCCCCC)c2c(cc(cc2Br)*)C(=O)OCCCCCCCCCCCCCCCCCC)Br)cc1,83.5,tg
*CC(C#N)(C#N)C(C#N)C(*)(C#N)C#N,6.2447,egb
*c1cc2c(C(=O)N(C2=O)c2cc(ccc2)P(=O)(c2cc(ccc2)N2C(=O)c3c(C2=O)cc(cc3)C(=O)*)c2ccc(cc2)Oc2ccc(cc2)C23CC4CC(CC(C2)C4)C3)cc1,305.0,tg
*c1cc2c(C(=O)N(C2=O)c2ccc(cc2)OCCOCCOCCOCCOc2ccc(cc2)N2C(=O)c3c(C2=O)cc(cc3)C(*)(C(F)(F)F)C(F)(F)F)cc1,140.0,tg
*C(C*)(C(=O)OCC(O)C)C,72.67,tg
*O[Si](O[Si](O[Si](O[Si](O[Si](OC(CCCCC(*)C)C)(C)C)(C)C)(C)C)(C)C)(C)C,-104.0,tg
*OC(=O)OCC(C*)OCCCCOc1ccc(cc1)C=Cc1ccc(cc1)[N+](=O)[O-],42.0,tg
*c1cc2c(C(=O)N(C2=O)c2cc(ccc2)N2C(=O)c3c(C2=O)cc(cc3)C(=O)OCCN(CCOC(=O)*)c2ccc(cc2)N=Nc2ccc(cc2)F)cc1,168.0,tg
*C(=S)c1ccc(-c2ccc(-c3ccc(*)cc3)cc2)cc1,1.6353,egb
*Nc1ccc(-c2ccc(C(*)=S)cc2)cc1,2.5787,eea
*C(C*)C(=O)OCCCCCCCCOC(=O)c1ccc(cc1)OC(=O)c1ccc(cc1)C#N,15.0,tg
*C(=O)NNC(=O)c1cccc(C(=O)NNC(=O)c2cccc(*)n2)c1,4.479,egc
*Nc1ccc(cc1)CC(NC(=O)CCCCC(=O)*)(C)C,130.0,tg
*COC(=O)NCCCCCCNC(=O)OCc1cccc(*)n1,5.1146,egc
*OC(OC(=O)c1c2c(c(cc1)C(=O)OC(OCC1CCC(CC1)C*)C)cccc2)C,60.0,tg
*c1n(c(nn1)c1ccc(cc1)Oc1ccc(cc1)C(c1ccc(cc1)Oc1ccc(cc1)*)(C(F)(F)F)C(F)(F)F)c1ccc(cc1)S(=O)(=O)C,226.0,tg
*CC(*)(CO)C(=O)OCC,5.8505,egc
*Nc1ccc(*)cc1,0.9827,eea
*C(=O)Oc1ccc(C(*)=S)cc1,6.6755,ei
*C(C*)(C(=O)OCCC#N)C,79.0,tg
*SC(C*)C,-45.29,tg
*Oc1ccc(Cc2ccc(*)cc2)cc1,6.1428,ei
*Oc1ccc(Oc2ccc(*)s2)s1,1.3443,eea
*[Si](CCC*)(O[Si](CCCOc1ccc(cc1)C#N)(C)C)C,-45.5,tg
*NCNC(=O)OC(=O)NC(*)=O,4.67,eps
*Oc1c(cc(cc1C)S(=O)(=O)c1cc(c(c(c1)C)OCC(C*)O)C)C,152.5,tg
*C(C*)C(=O)Oc1ccc(cc1)C,42.5,tg
*CCC(F)(F)C(*)(F)Cl,7.4828,egb
*O[Si](*)(CCCOc1ccc(cc1)C(=O)Oc1ccc(cc1)c1ccc(cc1)OC(=O)c1cc(c(c(c1)OCC(CC)C)OCC(CC)C)OCC(CC)C)C,57.67,tg
*OP(=O)(N=Nc1ccc(cc1)CCOC(=O)c1cc(cc(c1)C(C)(C)C)C(=O)OCCc1ccc(cc1)N=NP(=O)(OCC*)OC)OC,84.0,tg
*OC(=O)c1ccc(CCCCCCc2ccc(C(*)=O)cc2)cc1,4.5994,egc
*c1c2C(=O)N(C(=O)c2c(c2ccccc12)c1ccc(cc1)Oc1c(cc(cc1)c1cc(ccc1)c1cc(c(cc1)Oc1ccc(cc1)*)C(F)(F)F)C(F)(F)F)c1ccccc1,271.0,tg
*Oc1ccc(cc1)c1c(c(c(c(c1)c1ccccc1)c1ccc(cc1)OC(=O)c1c(cc(cc1)C(=O)*)c1ccccc1)c1ccccc1)c1ccccc1,225.0,tg
*c1c2c(c(nn1)c1ccc(cc1)Oc1ccc(cc1)C(c1ccc(cc1)Oc1ccc(cc1)*)(C(F)(F)F)C(F)(F)F)c(c(c(c2c1ccccc1)c1cc2c(cc1)cccc2)c1cc2c(cc1)cccc2)c1ccccc1,286.0,tg
*CCc1ccc(-c2ccc(*)s2)cc1,2.9495,egb
*c1cc(ccc1)*,104.93,tg
*OC(=O)Nc1ccc(cc1)Cc1ccc(cc1)NC(=O)OCC1CCC(CC1)C*,134.0,tg
*Cc1ccc(-c2ccc(C(*)=S)s2)s1,5.34,eps
*C(=C(CC*)c1ccccc1)c1ccccc1,120.5,tg
*Oc1c(cc(c(c1)C(c1ccccc1)(C)C)OC(=O)c1cc(ccc1)C(=O)*)C(c1ccccc1)(C)C,180.0,tg
*Oc1ccc(C2(c3ccc(OC(*)=O)cc3)c3ccccc3-c3ccccc32)cc1,4.4035,egc
*N(CC*)C(=O)CC12CC3CC(CC(C1)C3)C2,139.0,tg
*CCOCCOCCOC(=O)CC(=O)O*,5.6203,egc
*C(=O)NCCCCCCNC(=O)C1=COC=C(*)O1,4.4645,egc
*OC(=S)c1ccc(C(*)=O)cc1,6.7625,ei
*CNc1ccc(-c2ccc(*)cc2)s1,1.9424,nc
*c1cc(N=Nc2ccc(C#N)cc2)cc(*)c1O,2.4223,egc
*C(C*)C(=O)OCCCCOC(=O)c1ccc(cc1)OC(=O)c1ccc(cc1)C#N,40.0,tg
*OC(=O)c1c(cc(cc1)C(=O)OCCN(CC*)c1ccc(cc1)N=Nc1ccc(cc1)c1nc2c([nH]1)ccc(c2)[N+](=O)[O-])OCCC,152.0,tg
*N=P(*)(Oc1cc2c(cc1)cccc2)Oc1cc2c(cc1)cccc2,47.0,tg
*c1cc(-c2sc(-c3cc(C)c(*)s3)cc2C)c2cccccc1-2,1.8668,egc
*C(C*)c1ccc(cc1)C(=O)CCN1CCOCC1,41.0,tg
*c1cc2c(C(=O)N(C2=O)c2ccc(cc2)Oc2cc3c(cc2)ccc(c3)Oc2ccc(cc2)N2C(=O)c3c(C2=O)cc(cc3)C(=O)Nc2cc(ccc2)NC(=O)*)cc1,286.0,tg
*CC(=O)CC(*)=S,3.82,eps
*CCOC(=O)C1C2C=CC(C2)C1C(=O)O*,5.3661,egb
*CC(=O)Nc1ccc(*)s1,3.9328,egb
*C(F)(F)CC(F)(F)O*,9.1417,egc
*NC(=O)c1ccc(cc1)C(=O)NCCCCCCC*,138.25,tg
*c1nc2c(nc1c1ccccc1)cc(cc2)c1cc2c(nc(c(n2)c2ccccc2)c2ccc(cc2)Oc2ccc(cc2)*)cc1,335.33,tg
*c1ccc(NC(F)(F)C(*)(F)F)s1,1.862,nc
*OP(=O)(N=Nc1ccc(cc1)C(=O)c1ccc(cc1)N=NP(=O)(OCC1CCC(CC1)C*)OC)OC,52.0,tg
*NC(C=C1)=CC=C1OC(S2)=CC=C2*,4.2211,egc
*c1ccc2c(c1)c1cc(*)ccc1n2CCC(=O)OCC,3.5811,egc
*CNc1ccc(N*)s1,4.18,eps
*c1ccc2nc(*)oc2c1,3.8571,egc
*Oc1ccc(cc1)OC(=O)c1ccc(cc1)C(=O)*,267.0,tg
*c1cc(-c2nc3ccccc3o2)cc(-n2c(=O)c3cc4c(=O)n(*)c(=O)c4cc3c2=O)c1,2.4745,egc
*Oc1ccc(cc1)OC(=O)c1c(cc(cc1)C(=O)Oc1ccc(cc1)OCCCC*)C(=O)OCC=C,56.0,tg
*C(C*)C1CC(CCC1)C,141.0,tg
*Oc1ccc(C(=O)NCC(C)(C)CCCNC(=O)c2ccc(*)cc2)cc1,4.7683,egc
*OP(=O)(OCCCCCCCCCCOc1c(cc(cc1)C=C1C(=O)C(=Cc2cc(c(cc2)OCCCCCCCCCC*)OC)CC1)OC)OCC,47.0,tg
*CCOCCOCCOC(=O)c1ccccc1C(=O)O*,4.8493,egc
*C(C*)(C(=O)OCCCCCCOc1ccc(cc1)C(=O)Oc1c2c(c(cc1)N=Nc1ccccc1)cccc2)C,46.0,tg
*C(C*)C(=O)OCC(CC)C,-32.0,tg
*c1ccc(*)n1Cc1ccc[n+](C)c1,0.2844,egc
*CC(S1)=CC=C1C(=S)C(S2)=CC=C2*,2.5715,egc
*N1C(=O)c2c(C1=O)cc(cc2)[Si](c1ccc(cc1)c1ccc(cc1)[Si](c1cc2c(C(=O)N(C2=O)c2cc(ccc2)Cc2cc(ccc2)*)cc1)(C)C)(C)C,285.0,tg
*OC(=O)c1ccc(cc1)C=Cc1ccc(cc1)C(=O)OCC(C*)(C)C,80.0,tg
*C(C*)C(=O)OCCOC(C(F)F)(F)F,-22.0,tg
*Oc1ccc(cc1)NC(=O)c1cc(ccc1)C(=O)Nc1ccc(cc1)Oc1ccc(cc1)C1(C2CCC(C1)C2)c1ccc(cc1)*,256.0,tg
*c1cc2c(C(=O)N(C2=O)c2cc(cc(c2)C(C)(C)C)N2C(=O)c3c(C2=O)cc(c(c3)Cl)C(=O)*)cc1Cl,290.0,tg
*C(C*)(C(=O)OCCCCCCCCCCOc1ccc(cc1)N=Nc1ccc(cc1)[N+](=O)[O-])C,55.0,tg
*c1ccc(C(F)(F)c2ccc(C(*)(F)F)cc2)cc1,4.1742,egb
*c1nc(Oc2ccccc2)nc(N(*)c2ccccc2)n1,4.4124,egc
*OC1CCCCCC1*,5.6512,egc
*C1(CCN(CC1)C(=O)CCC(=O)N1CCC(CC1)(CCC*)C)C,99.0,tg
*Oc1ccc(cc1)NC(=O)c1ccc(cc1)C(=O)Nc1ccc(cc1)Oc1ccc(cc1)C1(C2CC3CC(CC1C3)C2)c1ccc(cc1)*,264.0,tg
*Oc1ccc(cc1)c1ccc(cc1)Oc1ccc(cc1)C(=O)c1cc(ccc1)C(=O)c1ccc(cc1)*,159.0,tg
*CCO*,0.3936,eea
*O[Si](Oc1ccc(cc1)C1(c2ccccc2c2ccccc12)c1ccc(cc1)*)(c1ccccc1)c1ccccc1,166.0,tg
*N=P(*)(OCC(F)(F)F)OCC(F)(F)F,-66.57,tg
*Cc1ccc(-c2ccc(-c3ccc(*)s3)s2)cc1,1.9768,nc
*CCC(=O)OC(=O)Cc1ccc(-c2ccc(*)cc2)cc1,1.5387,eea
*N1C(=O)c2c(C1=O)cc(cc2)Oc1cc2c(C(=O)N(C2=O)c2c(ccc(c2)C(c2cc(c(cc2)OCCN(c2ccc(cc2)C=CC2=CC(=C(S(=O)(=O)C)C#N)CC(C2)(C)C)C)*)(C(F)(F)F)C(F)(F)F)OCCN(c2ccc(cc2)C=CC2=CC(=C(S(=O)(=O)C)C#N)CC(C2)(C)C)C)cc1,225.0,tg
*C1COC2C1OCC2Oc1ccc(cc1)CNC(=O)CCCCC(=O)NCc1ccc(cc1)O*,116.0,tg
*CC(=O)OC(S1)=CC=C1*,4.6247,egc
*C1C(=O)N(C(=O)C1)c1ccc(cc1)Cc1ccc(cc1)N1C(=O)C(CC1=O)CC=Cc1c(ccc(c1)C(c1cc(c(cc1)O)C=CC*)(C)C)O,215.0,tg
*c1nc(nc(n1)NCCCCCCN*)c1ccccc1,95.0,tg
*Nc1ccc(Nc2ccc(*)s2)cc1,1.0698,eea
*CNC(=O)C(*)=S,1.9972,nc
*N1C(=O)c2c(C1=O)c(ccc2)c1cc2c(C(=O)N(C2=O)c2cc(c(cc2)c2c(cc(cc2)*)C)C)cc1,372.0,tg
*CCOC(=O)NCCSCCCCSCCNC(=O)O*,5.1396,egc
*Oc1c(cc(cc1)OCCCCCC(=O)NNC(=O)c1ccc(cc1)C(=O)NNC(=O)CCCCC*)C,110.5,tg
*CCCCCC(=O)NCCCCCCNC(=O)CCCCCOC(=O)CCCCC(=O)O*,5.9182,egc
*C(=O)c1ccc(Oc2ccc(*)s2)s1,2.4838,egb
*O[Si](CC(COC(=O)c1cc(ccc1)C(=O)OCC(C[Si](*)(C)C)(C)C)(C)C)(C)C,-52.0,tg
*c1c2C(=O)N(C(=O)c2c(c2ccccc12)c1ccc(cc1)Oc1ccc(cc1)C(=O)c1ccc(cc1)Oc1ccc(cc1)*)C,283.0,tg
*Nc1ccc(-c2ccc(C(=S)c3ccc(-c4ccc(Nc5ccc(*)cc5)s4)s3)s2)s1,2.4299,nc
*O[Si](c1ccc(cc1)[Si](*)(c1ccccc1)c1ccccc1)(c1ccccc1)c1ccccc1,114.13,tg
*Oc1cc(ccc1)Oc1ccc(cc1)Oc1cc(ccc1)OC(=O)c1ccc(cc1)C(=O)*,103.0,tg
*Cc1ccc(C(=O)c2ccc(*)cc2)cc1,3.96,eps
*C(C*)C(=O)OC(C(Cl)(Cl)Cl)Cl,70.5,tg
*c1cc(-c2ccccc2)c(*)s1,2.7439,egc
*OC(=O)c1ccc(cc1)C(=O)OCC(C(C*)CCCC)CCCC,16.0,tg
*C(C#N)=C(c1ccccc1)c1ccc(*)cc1,2.5883,egb
*Oc1ccc(cc1)NC(=O)c1cc(cc(c1)C(C(C(C(F)(F)F)(F)F)(F)F)(F)F)C(=O)Nc1ccc(cc1)*,257.0,tg
*CC(*)C(=O)OC1CCCCC1,6.0771,egc
*Oc1c(cc(cc1OC)/C=C/c1ccc(cc1)/C=C/c1cc(c(c(c1)OC)OCCCCCCCCCC*)OC)OC,68.5,tg
*NOc1ccc(O*)cc1,1.8691,nc
*C(=C(*)c1ccccc1)c1ccc(cc1)[Si](C)(C)C,200.0,tg
*Nc1ccc(-c2ccc(C(*)=S)cc2)s1,5.47,eps
*OC(=O)Nc1c(c(ccc1)NC(=O)OCCN(CC*)c1ccc(cc1)C=Cc1ccc(cc1)[N+](=O)[O-])C,123.0,tg
*C(=O)OCCOC(=O)N1CCN(*)CC1,5.8752,egc
*c1cc2c(C(=O)N(C2=O)c2cc(ccc2)C(=O)c2ccc(cc2)Cc2ccc(cc2)C(=O)c2cc(ccc2)N2C(=O)c3c(C2=O)cc(cc3)C(=O)*)cc1,260.5,tg
*OC(=O)c1cc2c(cc1)cc(cc2)C(=O)OCCCCCCCC*,53.0,tg
*OC(=O)C(C(=O)OCCOCC*)CCCCC,-47.0,tg
*Nc1ccc(-c2ccc(-c3ccc(*)s3)s2)cc1,4.896,ei
*C(C*)(C(=O)OCC(C(C(F)(F)F)(F)F)(F)F)F,75.0,tg
*OC(=O)Nc1ccc(cc1)Cc1ccc(cc1)NC(=O)OCc1cc(cc(c1)C(C)(C)C)C*,114.0,tg
C(=O)(*)C1=CC=C(C=C1)S(=O)(=O)C1=CC=C(C=C1)C(=O)OC1=CC=C(C=C1)C(C1=CC=CC=C1)(C1=CC=CC=C1)C1=CC=C(C=C1)O(*),3.2146,egc
*OC*,-53.97,tg
*NC(=S)C(=O)O*,4.0646,eea
*Oc1cccc2c(OC(=O)Oc3ccc(OC(*)=O)cc3C)cccc12,4.1043,egc
*OC(=O)NNC(=O)CCCCCCCCC(=O)NNC(=O)OCCCC*,56.0,tg
*CC(=O)c1ccc(-c2ccc(*)s2)cc1,2.0511,nc
*Cc1ccc(C(=S)O*)s1,2.9654,eea
*NC(CCC(=O)OCCCC)C(*)=O,5.5734,egc
*CCNC(=O)CCCCC(=O)N*,5.8254,egc
*C(*)C(=O)OC(C)C,70.0,tg
*Nc1ccc(Oc2ccc(*)s2)s1,1.9001,nc
*c1nc2c(nc1c1ccccc1)cc(cc2)c1cc2c(nc(c(n2)c2ccc(cc2)*)c2ccccc2)cc1,367.45,tg
*NC(=O)NC(*)=S,3.7029,eea
*c1ccc(Cc2ccc(N3C(=O)c4ccc([Si](C)(C)c5ccc6c(c5)C(=O)N(*)C6=O)cc4C3=O)cc2)cc1,2.9801,egc
*Oc1ccc(C=CC(*)=O)cc1,3.6422,egc
*CCOC(=O)Nc1ccc(-c2ccc(NC(=O)O*)c(C)c2)cc1C,4.3385,egc
*OC(C(OC(=O)Nc1ccc(cc1)Cc1ccc(cc1)NC(=O)*)c1occc1)c1occc1,74.0,tg
*c1cc2c(C(=O)N(C2=O)c2cc(cc(c2)c2sc3c(n2)cccc3)N2C(=O)c3c(C2=O)cc(cc3)C(=O)Nc2cc(cc(c2)c2nc3c([nH]2)cccc3)NC(=O)*)cc1,368.0,tg
*CC(*)(F)F,3.37,eps
*C(=S)c1ccc(C(=S)c2ccc(*)cc2)s1,1.1979,egb
*CC(*)(C)C(=O)Oc1ccccc1,5.2323,egc
*Oc1ccc(cc1)C(=O)OCCN(CCOC(=O)c1ccc(cc1)OCC#CC#CC*)c1ccc(cc1)N=Nc1ccc(cc1)C#N,121.0,tg
*Oc1ccc(OC(=O)c2ccc(OC(=O)CCCCCCC(*)=O)cc2)cc1,4.1613,egc
*C=CC1CCC(*)C1,5.4117,egc
*OC(=O)c1cc2c(cc1)cc(cc2)C(=O)OCCCCCCCCCC*,43.75,tg
*c1ccc(-c2ccc(C(=S)c3ccc(*)s3)s2)cc1,5.7103,ei
*NC(=O)CC(c1ccc(cc1)CCC(=O)NCCCCCC*)C,77.0,tg
*C=CCCCCC*,5.8026,egc
*c1cccc(-c2ccc(-c3ccc(*)s3)s2)n1,2.0464,egb
*CC(C=C1)=CC=C1CC(C=C2)=CC=C2*,5.1689,egc
*Oc1ccc(cc1)Oc1ccc(cc1)C=NCCCCN=Cc1ccc(cc1)*,105.0,tg
*Oc1ccc(cc1)S(=O)(=O)c1ccc(cc1)Oc1ccc(cc1)C(c1ccc(cc1)Oc1ccc(cc1)C(=O)c1ccc(cc1)*)(C)C,175.0,tg
*C(C*)OC(=O)c1ccc(cc1)OC(=O)C,76.0,tg
*C=CCCCC*,5.7962,egb
*c1sc2cc3c(cc2n1)sc(n3)c1ccc(cc1)Oc1cc(ccc1)n1c(=O)c2cc3c(cc2c1=O)c(=O)n(c3=O)c1cc(ccc1)Oc1ccc(cc1)*,400.0,tg
*c1ccc2n(c3c(c2c1)cc(cc3)C=Cc1ccc(cc1)c1n(c(nn1)c1ccc(cc1)C=C*)c1ccccc1)CCCCCCCC,147.0,tg
*c1ccc(C(F)(F)c2ccc(C(*)(F)F)cc2)s1,2.9023,eea
*CCNC(=O)CCP(C)(=O)CCC(=O)N*,6.0568,egc
*CC(CBr)(CBr)COC(=O)CCCCC(=O)O*,6.0899,egc
*c1c(cc(cc1)CC*)CCCC,20.0,tg
*c1nc(nc(c1c1ccc(cc1)OC)OCCOC(=O)CCCCC(=O)OCCO*)c1ccc(cc1)OCCCC,34.0,tg
*N=NNc1ccc(NN=Nc2ccc(*)cc2)cc1,1.9731,egc
*Oc1ccc(cc1)c1ccc(cc1)OC(=O)Nc1cc(ccc1)P(=O)(c1cc(ccc1)NC(=O)*)c1ccccc1,72.0,tg
*CCCCCCNC(=O)CCCCCC(=O)N*,5.936,egc
*C(C*)(C(=O)OC1(CC(=O)OCC1)C)C,110.0,tg
*Oc1ccc(cc1)Oc1ccc(cc1)OCCCCCCOC(=O)OCCCCCCCCCOC(=O)OCCCCCC*,-20.0,tg
*Oc1ccc(cc1)C(c1ccc(cc1)OC(=O)OC1C(C(C1(C)C)OC(=O)*)(C)C)(c1ccccc1)c1ccccc1,161.0,tg
*c1ccc(-c2ccc(-c3ccc(-c4cc(-c5ccccc5)c5cc(Oc6ccc7nc(*)cc(-c8ccccc8)c7c6)ccc5n4)cc3)cc2)cc1,3.1875,egc
*CCOCCOC(=O)O*,3.32,eps
*Cc1ccc(CC(*)=S)cc1,2.6743,eea
*Nc1ccc(NC(=O)CCCCCCCC(*)=O)cc1,4.5152,egc
*Oc1ccc(cc1)C1(c2ccccc2c2ccccc12)c1ccc(cc1)Oc1ccc(cc1)C(=O)c1ccc(cc1)C(=O)c1ccc(cc1)*,243.0,tg
*Oc1c(cc(cc1C)*)c1ccccc1,171.67,tg
*Oc1ccc(C(=O)c2ccc(C(=O)NOC(*)=O)s2)cc1,7.1656,ei
*c1cc2c(C(=O)N(C2=O)c2ccc(cc2)C(=O)c2ccc(cc2)N2C(=O)c3c(C2=O)cc(cc3)C(=O)*)cc1,286.33,tg
*c1cc2c(C(=O)N(C2=O)c2cc(c(cc2)c2c(cc(cc2)N2C(=O)c3c(C2=O)cc(cc3)C(=O)Oc2cc(c(cc2)c2c(cc(cc2)OC(=O)*)C)C)C)C)cc1,177.0,tg
*Nc1cc(cc(c1)C(=O)OC(c1ccccc1)c1ccccc1)NC(=O)c1ccc(cc1)C(=O)*,217.0,tg
*NOC(=O)O*,1.6985,eea
*C(=O)Nc1ccc(C(=O)Nc2ccc(NC(=O)c3ccc4[nH]c(-c5cccc(-c6nc7cc(*)ccc7[nH]6)c5)nc4c3)cc2)cc1,2.9934,egc
*O[Si](O[Si](OC(CCC(*)C)C)(C)C)(C)C,-83.0,tg
*Oc1ccc(cc1)C=Cc1c(cc(c(c1)OCCCCCCCC)C=Cc1ccc(cc1)OCCCCCCCC*)OCCCCCCCC,130.0,tg
*C(=O)c1ccc(C(=S)c2ccc(*)s2)s1,2.2975,nc
*Oc1ccc(cc1)C(c1ccc(cc1)OC(=O)c1ccc(cc1)OCCCCCCCCCCOc1ccc(cc1)C(=O)*)(C)C,77.0,tg
*c1cc2c(C(=O)N(C2=O)c2c(cc(c(c2C)N2C(=O)c3c(C2=O)cc(cc3)C(=O)Nc2cc(c(cc2)c2c(cc(cc2)NC(=O)*)C)C)C)C)cc1,259.0,tg
*OC(=O)CCCCCCCCCCCC(*)=O,6.2745,egc
*CCCCCCCc1nnc(CCCCc2nnc(*)o2)o1,6.3226,egc
*OC(=O)c1ccc(CCCCc2ccc(C(*)=O)cc2)cc1,4.8401,egc
*Oc1ccc(-c2ccc(C(*)=O)cc2)cc1,3.8635,egc
*C(C*)c1c(cccc1)COCCC,97.0,tg
*NC(=S)c1ccc(O*)cc1,2.6021,egb
*C(=O)c1ccc2c(c1)C(=O)N(c1ccc(OCCOCCOCCOc3ccc(N4C(=O)c5ccc(*)cc5C4=O)cc3)cc1)C2=O,2.5902,egc
*c1cc2c(C(=O)N(C2=O)c2ccc(cc2)Oc2ccc(cc2)NC(=O)*)cc1,290.17,tg
*N1C(=O)c2c(C1=O)cc(cc2)Oc1c(cccc1)Oc1cc2c(C(=O)N(C2=O)c2cc(ccc2)*)cc1,224.0,tg
*c1ccc(C(F)(F)CC(*)(F)F)s1,2.025,eea
*CCCCCCCCCO*,6.1351,egc
*c1cc2c(C(=O)N(C2=O)c2ccc(cc2)c2sc(c(c2c2ccccc2)c2ccccc2)c2ccc(cc2)N2C(=O)c3c(C2=O)cc(cc3)C(=O)Nc2ccc(cc2)Oc2ccc(cc2)Oc2ccc(cc2)NC(=O)*)cc1,303.0,tg
*OC(F)(F)C(=O)C(*)(F)F,1.5807,nc
*C(C*)(C(=O)OCCCCCCCCCCOc1ccc(cc1)N=Nc1ccc(cc1)C#N)C,51.0,tg
*C(C*)c1ccc(cc1)C([Si](C)(C)C)[Si](C)(C)C,156.0,tg
*CNc1ccc(C(*)=O)s1,5.431,ei
*Nc1cccc(NC(=O)c2cc(NC(=O)c3ccncc3)cc(C(*)=O)c2)c1,3.2998,egc
*Oc1ccc(cc1)C(=O)OCC*,77.67,tg
*c1c(nc2c(c1c1ccccc1)cc(cc2)Oc1cc2c(nc(c(c2c2ccccc2)c2ccc(cc2)Oc2ccc(cc2)*)c2ccccc2)cc1)c1ccccc1,252.5,tg
*COc1ccc(O*)cc1,5.8209,ei
*N1C(=O)c2c(C1=O)cc(cc2)S(=O)(=O)c1cc2c(C(=O)N(C2=O)c2cc(c(cc2)Oc2c(cccc2)Oc2c(cc(cc2)*)C(F)(F)F)C(F)(F)F)cc1,255.0,tg
*Oc1ccc(cc1)CC(NC(=O)CCc1ccc(cc1)OC(=O)CCCCCCC(=O)*)C(=O)OCCCC,37.0,tg
*CCCCOC(=O)C1CCC(C(=O)O*)CC1,6.5835,egb
*CCCCCCCCCCCCCC(=O)O*,6.7839,egc
*CNOC(*)=S,3.5947,egb
*CCOC(=O)c1ccc(C(=O)O*)cc1,2.2723,eea
*Oc1ccc(cc1)N=CCCCC=Nc1ccc(cc1)OC(=O)NCCCCCCNC(=O)*,72.0,tg
*C=C1CCC(=Cc2ccc(*)cc2)C1=O,2.5147,egc
*C(C*)(C(=O)OCCC1CCN(CC1)CCCCCCOc1ccc(cc1)N=Nc1ccc(cc1)[N+](=O)[O-])C,27.0,tg
*Nc1ccc(Cc2ccc(NC(=O)c3ccc(P(=O)(c4ccccc4)c4ccc(C(*)=O)cc4)cc3)cc2)cc1,3.0916,egc
*c1nc2c([nH]1)ccc(c2)NC(=O)c1ccc(cc1)OCCOCCOCCOCCOc1ccc(cc1)C(=O)Nc1ccc(cc1)*,140.0,tg
*NC(=O)c1ccc(cc1)C(=O)NCC(CC(CC*)(C)C)C,148.0,tg
*C(C*)c1c(cccc1)COCCCCC,47.0,tg
*Oc1ccc(cc1)NC(=O)CCCC(=O)Nc1ccc(cc1)OCC(COc1ccc(cc1)C(c1ccc(cc1)OCC(C*)O)(C)C)O,105.0,tg
*C1=C(C(=O)N(C1=O)CCCC)c1ccc(cc1)c1cc2C(c3c(c2cc1)ccc(c3)c1ccc(cc1)*)(CCCCCC)CCCCCC,155.0,tg
*C1C(=O)OC(=O)C1C1C2CC(C(C1*)C2)C(=O)OC1CCCCC1,195.0,tg
*Cc1ccc(-c2ccc(-c3ccc(*)s3)cc2)s1,2.512,egb
*[Si](c1c(cccc1)C*)(c1ccccc1)c1ccccc1,122.0,tg
*Oc1cccc(Oc2ccc(S(=O)(=O)c3ccc(*)cc3)cc2)c1,4.2737,egc
*N(CC*)C(=O)c1cc(ccc1)F,97.0,tg
*CCCOC(=O)CCCCCCCCOC(=O)CCCOC(=O)CCCCCCCCOC(*)=O,7.4162,ei
*c1cc2c(C(=O)N(C2=O)c2ccc(cc2)Oc2ccc(cc2)Oc2ccc(cc2)N2C(=O)c3c(C2=O)cc(cc3)C(=O)Oc2ccc(cc2)OC(=O)*)cc1,230.0,tg
*C(C=C1)=CC=C1C(C=C2)=CC=C2C(C=C3)=CC=C3C(S4)=CC=C4*,2.8936,egc
*C(=S)C(F)(F)c1ccc(C(*)(F)F)cc1,4.0037,eea
*c1cc2c(C(=O)N(C2=O)c2cc(ccc2)C(C(C(c2cc(ccc2)N2C(=O)c3c(C2=O)cc(cc3)C(C(C(*)(F)F)(F)F)(F)F)(F)F)(F)F)(F)F)cc1,151.0,tg
*C(C#N)C(*)(C#N)C#N,5.8992,egb
*c1cc2c(C(=O)N(C2=O)C2C(=O)N(C(=O)C2)c2ccc(cc2)NC(=O)*)cc1,120.0,tg
*Nc1cc(cc(c1)C(=O)Oc1ccc(cc1)c1ccccc1)NC(=O)c1ccc(cc1)C(=O)*,178.0,tg
*NC(=O)C(=S)c1ccc(*)s1,6.6147,ei
*N1C(=O)c2c(C1=O)c(ccc2)Oc1ccc(cc1)Oc1ccc(cc1)Oc1c2c(C(=O)N(C2=O)c2cc(ccc2)*)ccc1,238.0,tg
*N(CC*)C(=O)CC(C)C,30.0,tg
*CCCCCCCCCCCCCCCCCCCCOC(=O)CCC(C)CC(=O)O*,6.748,egc
*N1C(=O)c2c(C1=O)c(ccc2)c1cc2c(C(=O)N(C2=O)c2cc(ccc2)OCCCCCCOc2cc(ccc2)*)cc1,157.0,tg
*C1(c2c(C(=O)N1)cccc2)c1ccc(cc1)OC(=O)c1ccc(cc1)C(=O)Oc1ccc(cc1)*,327.0,tg
*OC1C(CO)OC(*)C(O)C1O,3.78,eps
*N1C(=O)c2c(C1=O)cc(cc2)Oc1ccc(cc1)C1(CCC(CC1)c1ccccc1)c1ccc(cc1)Oc1cc2c(C(=O)N(C2=O)c2ccc(cc2)Oc2ccc(cc2)C2(C3CCC(C2)C3)c2ccc(cc2)Oc2ccc(cc2)*)cc1,245.0,tg
*Oc1ccc(-c2ccc(C(*)=O)cc2)cc1Br,3.8867,egc
*Oc1ccc(-c2ccc(C(*)=O)cc2)cc1,6.2671,ei
*Nc1ccc(Oc2ccc(*)s2)cc1,5.3817,ei
*CCOC(=O)c1ccc2ccc(C(=O)O*)cc2c1,3.9507,egc
*OCC(C*)(CO)C,62.0,tg
*C1(C(=O)N(C(=O)C(C1)(*)C)C)C,170.0,tg
*c1cc(CCCCCCCCCC2COC(=O)O2)c(*)s1,2.5293,egc
*[Si](C*)(CCCCCC)C,-77.6,tg
*Oc1ccc(cc1)OC(=O)c1c(cc(cc1)C(=O)*)Oc1ccc(cc1)Cl,107.0,tg
*NC(F)(F)CC(*)(F)F,3.9,eps
*c1cc2c(C(=O)N(C2=O)c2ccc(cc2)C(=O)NCCNC(=O)*)cc1,235.0,tg
*c1ccc(-c2ccc(-c3ccc4nc(Oc5cc(-c6ccccc6)c6cc(*)ccc6n5)cc(-c5ccccc5)c4c3)cc2)cc1,3.3775,egc
*C(C*)C(=O)OCCCCCOC(=O)c1ccc(cc1)OC(=O)c1ccc(cc1)C#N,30.0,tg
*CCCCCCCCCCCCc1nc2cc3sc(*)nc3cc2s1,4.2887,egc
*c1[nH]c(nc1c1ccc(cc1)OC(=O)Nc1cc(c(cc1)c1c(cc(cc1)NC(=O)Oc1ccc(cc1)*)OC)OC)c1ccc(cc1)c1[nH]c(c(n1)c1ccc(cc1)[N+](=O)[O-])c1ccc(cc1)[N+](=O)[O-],223.0,tg
*c1cc2c(C(=O)N(C2=O)c2ccc(cc2)Oc2cc3c(cc2)ccc(c3)Oc2ccc(cc2)N2C(=O)c3c(C2=O)cc(cc3)C(=O)Nc2cc(ccc2)Oc2ccc(cc2)NC(=O)*)cc1,263.0,tg
*Nc1ccc(cc1)Cc1ccc(cc1)NC(=O)c1cc(cc(c1)NC(=O)CCN1C(=O)c2c(C1=O)cccc2)C(=O)*,235.0,tg
*c1[nH]c(nc1c1ccc(cc1)NC(=O)Nc1ccc(cc1)NC(=O)Nc1ccc(cc1)*)c1ccc(cc1)c1[nH]c(c(n1)c1ccc(cc1)[N+](=O)[O-])c1ccc(cc1)[N+](=O)[O-],272.0,tg
*Nc1cc(cc(c1)C(=O)OCCCN(c1ccc(cc1)N=Nc1ccc(cc1)S(=O)(=O)C)C)NC(=O)c1cc(cc(c1)OCCCS(=O)(=O)c1ccc(cc1)N=Nc1ccc(cc1)N(C)C)C(=O)*,166.0,tg
*Oc1ccc(cc1)S(=O)(=O)c1ccc(cc1)Oc1ccc(cc1)C1(CCCCCC1)c1ccc(cc1)Oc1ccc(cc1)S(=O)(=O)c1ccc(cc1)Oc1ccc(cc1)C=C1C(=O)C(=Cc2ccc(cc2)*)CCCC1,196.0,tg
*CC(O*)C(F)(F)F,7.4158,egb
*c1cc(C)c(*)cn1,5.1074,egc
*c1cc(C=Nc2ccc(C)cc2)c(*)c(OC)c1,3.3765,egc
*Nc1c(cccc1)CCc1ccc(cc1)NC(=O)*,197.0,tg
*CCOCCOCCOC(=O)CCCCCCC(=O)O*,6.184,egb
*C1C(=O)N(C(=O)C1*)C1CCCCC1,205.0,tg
*NC(=O)c1cc(cc(c1)NC(=O)c1ccc(cc1)NC(=O)C(CC(C)C)N1C(=O)c2c(C1=O)cccc2)C(=O)NCCCCCC*,200.0,tg
*OC(=O)CCCCC(=O)OCC(C*)O,-20.0,tg
*C(C*)(C(=O)OCCc1ccc(cc1)N=Nc1ccc(cc1)OC(F)(F)F)C,209.5,tg
*CCOC(=O)CCCCCCC(=O)O*,3.16,eps
*O[Si](CCCC(=O)Oc1ccc(cc1)C=Nc1ccc(cc1)Oc1ccc(cc1)N=Cc1ccc(cc1)OC(=O)CCC[Si](*)(C)C)(C)C,52.0,tg
*C(C*)(C(=O)OCCCCCCCCCCOc1ccc(cc1)C#Cc1c(cc(c(c1)OC)C=Cc1ccncc1)OC)C,62.0,tg
*C#CC(=C(*)COS(=O)(=O)c1ccc(cc1)C)COS(=O)(=O)c1ccc(cc1)C,-73.0,tg
*C(=O)c1ccc(C(=O)c2ccc(*)cc2)cc1,6.4709,ei
*Sc1ccc(cc1)C(=O)CNCCCCCCCCNCC(=O)c1ccc(cc1)*,231.0,tg
*c1ccc(*)s1,4.5257,ei
*OC(=O)CS(=O)(=O)CCS(=O)(=O)CC(*)=O,5.7619,egc
*CNc1ccc(C(*)=O)s1,2.0195,nc
*c1ccc(cc1)c1c(cc(c(c1c1ccccc1)c1ccccc1)c1ccc(cc1)c1c(c(c(c(c1)c1ccccc1)c1ccc(cc1)CCCCCCCCCC*)c1ccccc1)c1ccccc1)c1ccccc1,235.0,tg
*NC1CCC(CC1)CCC1CCC(CC1)NC(=O)CCCCCCCCCCC(=O)*,105.0,tg
*NC(CCCNC(=O)c1ccc(Br)cc1)C(*)=O,4.6803,egc
*N1C(=O)c2c(C1=O)cc(cc2)S(=O)(=O)c1cc2c(C(=O)N(C2=O)c2cc(c(cc2)Oc2c(cc(cc2)*)Br)Br)cc1,281.0,tg
*Oc1ccc(cc1)CC(NC(=O)CCc1ccc(cc1)OC(=O)CCCCCCC(=O)*)C(=O)OCCCCCCCC,21.33,tg
*Oc1cc(c(cc1)C(=O)c1ccccc1)c1c(ccc(c1)Oc1ccc(cc1)C(c1ccc(cc1)*)(C)C)C(=O)c1ccccc1,156.0,tg
*c1cc2c(C(=O)N(C2=O)c2c3c(ccc2)c(ccc3)Oc2ccc(cc2)N2C(=O)c3c(C2=O)cc(cc3)C(=O)Nc2ccc(cc2)c2ccc(cc2)NC(=O)*)cc1,301.0,tg
*C(C*)C(=O)NCCC[N+](CCCS(=O)(=O)O)(C)C,141.5,tg
*Oc1c(cc(cc1)OC(=O)c1ccc(cc1)OCCCCCCCCOc1ccc(cc1)C(=O)*)C(=O)CC,70.0,tg
*NC(=S)NC(*)=S,4.2115,eea
*N(CCNC(=O)c1ccc(cc1)[Si](c1ccc(cc1)C(=O)NCC*)(c1ccccc1)c1ccccc1)c1ccc(cc1)/C=C/c1ccc(cc1)[N+](=O)[O-],157.5,tg
*N1C(=O)c2c(C1=O)cc(cc2)S(=O)(=O)c1cc2c(C(=O)N(C2=O)c2c(cc(c(c2C)*)C)C)cc1,418.0,tg
*C(C*)C(=O)Nc1ccccc1,160.0,tg
*OP(=O)(Oc1ccc(cc1)C(c1ccc(cc1)*)(C)C)Oc1c(cccc1Cl)Cl,96.0,tg
*NC(=O)c1ccc(cc1)C(=O)NCCCC(CCC*)(C)C,152.0,tg
*C1COC2C1OCC2OC(=O)C(NC(=O)CCCCC(=O)NC(C(=O)O*)C(CC)C)C(CC)C,102.0,tg
*C(C(*)(Cl)[2H])([2H])[2H],85.0,tg
*C=Nc1ccc(N=Cc2ccc(Sc3ccc(*)o3)o2)cc1,2.5795,egc
*N1C(=O)c2ccc(N3C(=O)C4CCC(C5CCC6C(=O)N(*)C(=O)C6C5)CC4C3=O)cc2C1=O,4.0715,egc
*c1cc2c(cc1)oc(=O)c(c2)C(=O)Nc1ccc(cc1)Oc1ccc(cc1)NC(=O)c1c(=O)oc2c(cc(cc2)C*)c1,312.0,tg
*Oc1ccc(cc1)c1ccc(cc1)Oc1c(cc(cc1)C(=O)c1ccc(cc1)C(=O)c1cc(c(cc1)*)C(F)(F)F)C(F)(F)F,187.0,tg
*C(C*)N1C(=O)CCC1,143.16,tg
*N1C(=O)c2c(C1=O)cc(cc2)Oc1ccc(cc1)Oc1cc2c(C(=O)N(C2=O)c2c(cc(cc2)Cc2cc(c(cc2)*)C)C)cc1,268.0,tg
*OC(=O)c1cccc(C(*)=O)c1,4.6197,egc
*OC(=O)c1ccc(cc1)c1ccc(cc1)c1ccc(cc1)C(=O)OCC(C*)(C)C,100.0,tg
*CC(=O)CO*,1.6922,nc
*C=C(*)c1cc(C(F)(F)F)oc1C(F)(F)F,1.9958,egc
*C(C*)(C(=O)OCCCCCCOc1c(cc(cc1)C=CC1=C(C(=C(C#N)C#N)OC1(C)C)C#N)OCCCCCC)C,80.0,tg
*c1cccc(N2C(=O)c3ccc(P(=O)(c4ccccc4)c4ccc5c(c4)C(=O)N(*)C5=O)cc3C2=O)c1,3.2222,egc
*C(C*)C(=O)OCc1c(c(c(c(c1Br)Br)Br)Br)Br,181.0,tg
*c1sc(cc1CCCCCCCCCC)c1sc(c(c1)CCCCCCCCCC)c1c2c(ccccc2)c(c1)*,22.5,tg
*CCCCCOC(=O)NCCSCCCCSCCNC(=O)O*,5.2673,egc
*CS(=O)(=O)C1CC(*)C[N+](C)(C)C1,0.1093,egc
*c1cc2c(C(=O)N(C2=O)c2ccc(cc2)C(c2ccc(cc2)C(c2ccc(cc2)N2C(=O)c3c(C2=O)cc(cc3)C(*)(C(F)(F)F)C(F)(F)F)(C)C)(C)C)cc1,235.4,tg
*c1sc(cc1CCOC(=O)NCCCC)*,67.5,tg
*NC1CCCC1C(*)=O,6.4002,egb
*OC(=O)C*,55.86,tg
*OP(=O)(Oc1ccc(*)cc1)OC1CCCCC1,5.2577,egc
*C(C*)(CC(=O)OC1CCC1)C(=O)OC1CCC1,60.0,tg
*Nc1c2c(ccc1)c(ccc2)NC(=O)c1ccc(cc1)C(=O)*,305.0,tg
*CCCC(*)C,7.1052,egc
*N=Nc1ccc(cc1)NC(=O)CCC(=O)Nc1ccc(cc1)*,220.0,tg
*C(=O)c1ccc(C(=O)c2ccc(*)cc2)cc1,2.9556,egb
*N1C(=O)c2c(C1=O)cc(cc2)Oc1cc2c(C(=O)N(C2=O)c2cc(ccc2)P(=O)(c2cc(ccc2)*)c2cc(cc(c2)C(F)(F)F)C(F)(F)F)cc1,228.0,tg
*Nc1cc(NC(=O)c2ccc(-c3ccc(C(*)=O)cc3)cc2)cc(C(=O)OCCOc2ccc(C=CC(=O)c3ccccc3)cc2)c1,3.5149,egc
*c1nnc(cc1)Oc1ccc(cc1)C(c1ccc(cc1)O*)(C)C,180.0,tg
*CC(CO*)(CSC)CSC,4.984,egc
*c1nc(C)nc(N(CCCCCCN(*)c2ccccc2)c2ccccc2)n1,3.751,egc
*C(=O)c1ccc2c(c1)C(=O)N(c1ccc(Oc3ccccc3Oc3ccc(N4C(=O)c5ccc(*)cc5C4=O)cc3)cc1)C2=O,2.3823,egc
*Cc1ccc(-c2ccc(C(*)=S)cc2)s1,4.8,eps
*c1nc(ccc1)Oc1cc(ccc1)O*,82.0,tg
*C1CCN(CC1)C(=C(c1ccc(cc1)C(=O)OCC*)C#N)c1ccc(cc1)OC,171.5,tg
*NC(=O)Oc1ccc(*)cc1,1.8802,nc
*Oc1ccc(-c2ccc(C(*)=O)cc2)cc1,3.0847,egb
*CCCCOC(=O)c1ccc(C(=O)O*)cc1,3.59,eps
*CC(=O)OCCCCCCOC(=O)Cn1c(=O)c2cc3c(=O)n(*)c(=O)c3cc2c1=O,3.6832,egc
*Oc1c(cc(cc1OC)/C=C/c1ccc(cc1)/C=C/c1cc(c(c(c1)OC)OCCCCCC*)OC)OC,90.0,tg
*CCOCCOc1ccc(NC=Nc2ccc(O*)cc2)cc1,3.9725,egc
*OC(=O)Nc1c(ccc(c1)NC(=O)OCCN(CC*)c1cc(c(cc1)N=Nc1c(cc(cc1)[N+](=O)[O-])C)C)C,135.0,tg
*SSCC*,-27.0,tg
*N1C(=O)c2c(C1=O)cc(cc2)Oc1c(cccc1)Oc1cc2c(C(=O)N(C2=O)c2cc(c(cc2)Oc2ccc(cc2)C2(c3ccccc3c3ccccc23)c2ccc(cc2)Oc2c(cc(cc2)*)C(F)(F)F)C(F)(F)F)cc1,241.0,tg
*c1cc2c(C(=O)N(C2=O)c2cc(c(cc2)Oc2ccc(cc2)C(=O)c2cc(ccc2)N2C(=O)c3c(C2=O)cc(cc3)C(=O)*)C(F)(F)F)cc1,242.0,tg
*c1sc(cc1)c1sc(cc1)[Si]([Si](*)(CCCC)CCCC)(CCCC)CCCC,-20.0,tg
*C(C*)(C(=O)OCc1ccc2n(c3c(c2c1)cccc3)CCCCCCCCCCCC)C,25.0,tg
*OC(=O)Nc1c(ccc(c1)NC(=O)OCCN(CC*)c1ccc(cc1)N=Nc1ccc(cc1)B(c1c(cc(cc1C)C)C)c1c(cc(cc1C)C)C)C,159.0,tg
*OC(=O)c1ccc(C(*)=O)s1,1.8811,nc
*C(=O)Nc1ccc(NC(=O)c2ccc3c(c2)C(=O)N(c2ccc(Oc4cccc5c(N6C(=O)c7ccc(*)cc7C6=O)cccc45)cc2)C3=O)cc1,2.8645,egc
*NCCCNC(=O)NC(*)=O,0.6578,eea
*Oc1ccc(OC(*)=O)cc1,1.4499,eea
*c1ccc(C(=O)C(F)(F)C(*)(F)F)s1,3.7613,eea
*c1ccc(*)n1CCC(=O)OC,2.7978,egc
*c1n(c(cc1)Oc1ccc(cc1)C(c1ccc(cc1)OC*)(C)C)c1ccc(cc1)[N+](=O)[O-],76.75,tg
*c1c2C(=O)N(C(=O)c2c(c2ccccc12)c1ccc(cc1)Oc1ccc(cc1)S(=O)(=O)c1ccc(cc1)Oc1ccc(cc1)*)CCCCCCCCCCCC,167.0,tg
*CO*,3.72,eps
*C(C*)OC(C)C,-7.5,tg
*CCOCCOCCOC(=O)CCCCCCCCC(=O)O*,6.1436,egc
*Nc1c2c(ccc1)c(ccc2)N[Se]*,53.0,tg
*NC(=O)CCP(=O)(CCC(=O)NCCCCCC*)c1ccccc1,29.0,tg
*C(=O)N(*)C(C)C(C)=O,4.4468,egc
*Oc1c(c(c(c(c1C)C)Oc1ccc(cc1)NC(=O)c1ccc(cc1)C(=O)Nc1ccc(cc1)*)C)C,310.0,tg
*N1C(=O)c2c(C1=O)cc(cc2)Oc1ccc(cc1)C(c1ccc(cc1)Oc1cc2c(C(=O)N(C2=O)c2c(cc(cc2C)Cc2cc(c(c(c2)C)*)C)C)cc1)(C)C,249.0,tg
*Oc1c(cc(cc1)Oc1ccc(cc1)C(=O)c1ccc(cc1)*)C(C)(C)C,176.25,tg
*c1cc2c(C(=O)N(C2=O)c2cc(c(cc2)c2c(cc(cc2)N2C(=O)c3c(C2=O)cc(cc3)C(=O)*)C)C)cc1,385.0,tg
*CCCCCCOC(=O)CCCCCNC(=O)CCCCC(=O)NCCCCCC(=O)O*,5.8108,egc
*c1n(c(nn1)c1ccc(cc1)Oc1ccc(cc1)C(c1ccc(cc1)Oc1ccc(cc1)*)(C)C)c1ccc(cc1)C,205.0,tg
*OC(=O)c1ccc(cc1)c1ccc(cc1)C(=O)OCCOCCOCC*,20.0,tg
*c1cc2c(C(=O)N(C2=O)c2ccc(cc2)Oc2ccc(cc2)N2C(=O)c3c(C2=O)cc(cc3)C(=O)Nc2ccc(cc2)Oc2c(cccc2)c2c(cccc2)Oc2ccc(cc2)NC(=O)*)cc1,244.0,tg
*Oc1c(cc(cc1)Oc1ccc(cc1)C(=O)Nc1ccc(cc1)Oc1ccc(cc1)c1ccc(cc1)Oc1ccc(cc1)NC(=O)c1ccc(cc1)*)C,220.0,tg
*C(C*)c1ccc(cc1)C(=O)C,115.5,tg
*CCCCCCCCCCCCOC(=O)CCCCC(=O)O*,6.8209,egc
*C(C*)Cc1cc(ccc1)C,38.75,tg
*c1cc2C(c3c(c2cc1)ccc(c3)*)(CC(CCCC)CC)CC(CCCC)CC,27.64,tg
*Oc1ccc(cc1)NC(=O)c1c2c(c(cc1)C(=O)Nc1ccc(cc1)Oc1ccc(cc1)C1(C3CC4CC(CC1C4)C3)c1ccc(cc1)*)cccc2,269.0,tg
*N1CCC(CC1)OC(=O)c1ccc(cc1)C(=C(*)c1ccc(cc1)OC)C#N,183.0,tg
*c1cc2c(C(=O)N(C2=O)c2cc(cc(c2)c2nc3c([nH]2)cccc3)N2C(=O)c3c(C2=O)cc(cc3)C(=O)*)cc1,197.0,tg
*C=CC(=O)C(C)=Cc1ccc(Sc2ccc(*)o2)o1,2.9229,egc
*C1c2c(OC1*)cccc2,65.2,tg
*C(=O)c1ccc(NC(=S)Oc2ccc(Nc3ccc(*)s3)s2)s1,2.0222,nc
*c1cc2c(s1)-c1sc(-c3sc(-c4sc(*)c5c4OCCO5)c4c3OCCO4)cc1C2=C(C#N)C#N,0.9952,egc
*c1sc(*)c([2H])c1[2H],1.6361,egc
*C(=S)C(F)(F)c1ccc(C(*)(F)F)cc1,1.8005,nc
*Oc1c(cc(cc1OC)C=Cc1c(cc(c(c1)C(C)C)C=Cc1cc(c(c(c1)OC)OCCCCCCCC*)OC)C(C)C)OC,85.0,tg
*Oc1c(cc(cc1)C1(c2ccccc2c2ccccc12)c1cc(c(cc1)Oc1ccc(cc1)C(=O)c1cc(ccc1)C(=O)c1ccc(cc1)*)C)C,217.0,tg
*CCC(C(=O)OC)C(*)C(=O)OC,6.6384,egc
*CCCCCOC(=O)NCC(F)(F)C(F)(F)C(F)(F)C(F)(F)CNC(=O)O*,6.5795,egc
*N1C(=O)c2c(C1=O)cc(cc2)Oc1ccc(cc1)C(c1ccc(cc1)Oc1cc2c(C(=O)N(C2=O)c2ccc(cc2)S(=O)(=O)c2ccc(cc2)*)cc1)(C)C,240.0,tg
*c1cc(COCCCCCCCCOc2ccc(-c3ccc(C#N)cc3)cc2)c(*)s1,2.9654,egc
*Cc1ccc(-c2ccc(O*)s2)s1,5.2494,ei
*c1nc(nc(n1)Oc1cc(ccc1)C(=O)Nc1ccc(cc1)c1ccc(cc1)NC(=O)c1cc(ccc1)O*)Sc1ccccc1,279.0,tg
*Oc1c(cc(cc1C)C(c1cc(c(c(c1)C)OC(=O)CCCCC(=O)*)C)(C)C)C,93.0,tg
*C1COC2C1OCC2OC(=O)C(NC(=O)CCCCCCCCCCC(=O)NC(C(=O)O*)Cc1ccccc1)Cc1ccccc1,76.0,tg
*CCCCCCCCCC(=O)N*,6.1321,egc
*Cc1ccc(C(=O)N*)cc1,1.8171,nc
*Oc1ccc2c(c1)C(=O)N(Oc1ccc(C(N3C(=O)CC(*)C3=O)(C(F)(F)F)C(F)(F)F)cc1)C2=O,3.5205,egc
*c1c(cc(c(c1)OC)C(=Cc1c(cc(c(c1)OC)C=C(*)C#N)OCCCCCCCCCC)C#N)OCCCCCCCCCC,198.0,tg
*CC(=O)C(S1)=CC=C1C(C=C2)=CC=C2*,3.4067,egc
*O[Si](O[Si](O[Si](OC(CCCCC(*)C)C)(C)C)(C)C)(C)C,-94.0,tg
*c1ccc2n(c3c(c2c1)cc(cc3)Nc1ccc(cc1)C(=O)c1ccc(cc1)N*)CC(CCCC)CC,236.06,tg
*Oc1ccc(cc1)CC(NC(=O)CCc1ccc(cc1)OC(=O)CCCC(=O)*)C(=O)OCc1ccccc1,66.0,tg
*OC(=O)CCCCCC(=O)OCC*,-54.0,tg
*CC(*)C,1.6081,nc
*C(=O)NCCCCCCNC(=O)C1COC(*)CO1,5.8235,egc
*C(=O)Nc1ccc(S(=O)(=O)c2ccc(NC(=O)c3ccc4[nH]c(-c5cccc(-c6nc7cc(*)ccc7[nH]6)c5)nc4c3)cc2)cc1,3.6016,egc
*N1C(=O)c2c(C1=O)cc(cc2)c1cc2c(C(=O)N(C2=O)CC2CC(CCC2)C*)cc1,234.0,tg
*Nc1cc(cc(c1)C(=O)Nc1c2C(=O)c3c(C(=O)c2ccc1)cccc3)NC(=O)Nc1ccc(cc1)NC(=O)*,190.0,tg
*N1C(=O)c2c(C1=O)cc(cc2)C(=O)Oc1ccc(cc1)c1ccc(cc1)OC(=O)CCC*,132.0,tg
*C1OC(C(C(C1NC(=O)C)O)O*)CO,236.5,tg
*C(=O)c1ccc2c(c1)C(=O)N(c1ccc(Cc3ccc(N4C(=O)c5ccc(*)cc5C4=O)cc3)cc1)C2=O,2.7406,egc
*NC(=O)c1c(c(c(c(c1Cl)Cl)C(=O)NCCCCCC*)Cl)Cl,268.83,tg
*O[Si](CCCCCCOC(=O)C(Oc1ccc(cc1)OC(=O)c1ccc(cc1)c1ccc(cc1)OCCCCCCCCCC[Si](*)(C)C)C)(C)C,35.0,tg
*c1cc2c(C(=O)N(C2=O)c2ccc(cc2)N(c2ccc(cc2)N2C(=O)c3c(C2=O)cc(cc3)C(=O)*)c2ccc(cc2)C#N)cc1,315.0,tg
*C(C*)(C(=O)OC(C(C)(C)C)C)C,108.0,tg
*OC(=O)c1cc(ccc1)C(=O)OCc1ccc(cc1)C*,143.0,tg
*O[Si](O[Si](O[Si](c1ccc(cc1)Oc1ccc(cc1)[Si](*)(C)C)(C)C)(C)C)(C)C,-37.0,tg
*c1ccc(-c2ccc(C(F)(F)C(*)(F)F)s2)s1,2.7568,eea
*C(=S)C(=O)C(F)(F)C(*)(F)F,5.1438,eea
*Nc1ccc(-c2ccc(C(*)=S)s2)cc1,2.4805,nc
*OC(=S)OC(*)=O,1.7396,nc
*Nc1ccc(C(=O)c2ccc(*)s2)cc1,2.186,nc
*Oc1ccc(OC(=O)c2ccc(C(*)=O)cc2Oc2ccc(F)cc2)cc1,3.4967,egc
*CNC(=S)O*,6.2178,ei
*CC(*)n1cc2ccccc2n1,3.7572,egc
*CC(*)OC(=O)c1cccnc1,4.7397,egc
*c1cc2c(C(=O)N(C2=O)c2c(ccc(c2)C(c2cc(c(cc2)OC(=O)C)N2C(=O)c3c(C2=O)cc(cc3)C(*)(C(F)(F)F)C(F)(F)F)(C(F)(F)F)C(F)(F)F)OC(=O)C)cc1,266.5,tg
*c1nc2c(c(c1)c1ccccc1)cc(cc2)c1cc2c(nc(cc2c2ccccc2)c2ccc(cc2)C2(c3ccccc3C(=O)c3ccccc23)c2ccc(cc2)*)cc1,417.0,tg
*OC1C(CO)OC(*)C(O)C1O,0.8344,eea
*CCCCOC(=O)CCCCCCCCC(=O)O*,6.818,egc
*Cc1ccc(C(=O)O*)cc1,4.9209,egc
*C(C*)c1ccc(cc1)Cl,119.38,tg
*OC(=O)Nc1ccc(cc1)Cc1ccc(cc1)NC(=O)OCCN(CC*)c1ccccc1,31.9,tg
*C1C2C(C(=O)N(C2=O)c2cc(ccc2)Cl)C(C1)C=C*,204.8,tg
*c1oc(nn1)c1c(cc(cc1)*)OCC,231.0,tg
*OC(=O)c1ccc(cc1)C(=O)OCCOC(=O)CCCCC(=O)OCC*,6.0,tg
*N1C(=O)c2c(C1=O)cc(cc2)c1cc2c(C(=O)N(C2=O)c2cc(ccc2)OCCCCCCCCCOc2cc(ccc2)*)cc1,132.0,tg
C13C(C=*)OC(C=*)C1C(=O)N(C2=CC=CC(C(F)(F)F)=C2)C3=O,5.0879,egc
*Cc1ccc(Cc2ccc(*)cc2)cc1,4.2049,egb
*Oc1ccc(cc1)CC(NC(=O)CCc1ccc(cc1)OC(=O)CCCC(=O)*)C(=O)OC(C)C,68.0,tg
*Nc1ccc(cc1)Cc1ccc(cc1)NC(=O)NCCCCCCNC(=O)*,78.0,tg
*Nc1cc(cc(c1)C(=O)Nc1ccc2C(=O)c3c(C(=O)c2c1)cccc3)NC(=O)Nc1ccc(cc1)Cc1ccc(cc1)NC(=O)*,168.0,tg
*Oc1ccc(cc1)C(=O)N(C(=O)c1ccc(cc1)OCCCCCC*)c1ccc(cc1)Oc1ccccc1,78.0,tg
*c1ccc(C(F)(F)NC(*)(F)F)cc1,4.2709,egb
*Oc1ccc(cc1)CC(NC(=O)Cc1ccc(cc1)OC(=O)CCCCCCCCC(=O)*)C(=O)OCC,43.0,tg
*C1C(C(C(C1)C=C*)C(=O)Oc1ccccc1)C(=O)Oc1ccccc1,96.5,tg
*CCCOC(=O)COCC(=O)O*,6.0368,egc
*[Si](C=C[Ge](C=C*)(c1ccccc1)c1ccccc1)(c1ccccc1)c1ccccc1,28.0,tg
*Oc1ccc(CC(NC(=O)CCc2ccc(OC(=O)CCCCCCC(*)=O)cc2)C(=O)OCC(C)C)cc1,5.1444,egc
*Oc1cc(c(cc1)S(=O)(=O)c1c(cc(cc1)Oc1ccc(cc1)C(c1ccc(cc1)*)(C)C)N)N,210.5,tg
*=CC2OC(C=*)C3C(=O)N(c1cc(C(F)(F)F)cc(C(F)(F)F)c1)C(=O)C23,5.0857,egc
*c1ccc(-c2ccc(-c3cc(-c4ccc(Oc5ccc(-c6cc(*)nc7ccccc67)cc5)cc4)c4ccccc4n3)cc2)cc1,3.4086,egc
*Oc1ccc(cc1)S(=O)(=O)c1ccc(cc1)OC1(C(C(C1(F)F)(F)F)(*)F)F,159.47,tg
*c1n(c(nn1)c1ccc(cc1)Oc1ccc(cc1)C(c1ccc(cc1)Oc1ccc(cc1)*)(C)C)c1ccc(cc1)S(=O)(=O)c1ccccc1,198.0,tg
*CCOC(=O)c1ccc(C(=O)O*)cc1,3.82,eps
*Oc1ccc(cc1)C(=O)OCCOC(=O)c1ccc(cc1)OCCCC*,53.0,tg
*CC(CC(CC(*)c1ccccn1)c1ccccn1)c1ccccn1,6.2005,ei
*NC(=O)CCCCCCCCCCC(=O)NCC1CCC(CC1)C*,85.0,tg
*OC(=O)OCCCCCC*,-54.25,tg
*N1C(=O)c2c(C1=O)cc(cc2)Oc1cc2c(C(CC32CC(c2ccc(cc32)Oc2cc3c(C(=O)N(C3=O)c3cc(ccc3)*)cc2)(C)C)(C)C)cc1,253.0,tg
*C1C2C(C(=O)N(C2=O)CCCCCCCCC)C(C1)C=C*,52.0,tg
*c1cccc(-c2nc3ccc(-c4ccc5nc(*)oc5c4)cc3o2)c1,3.2965,egc
*C(C*)C(=O)OCCCCCCCOC(=O)c1ccc(cc1)OC(=O)c1ccc(cc1)C#N,20.0,tg
*N(c1ccc(cc1)C(c1ccc(cc1)*)c1ccc(cc1)[N+](=O)[O-])c1ccc(cc1)C,215.0,tg
*c1cc(CCCCCCCCCCCCCCCCCCCCCC)c(*)s1,2.9666,egc
*c1cc2c(C(=O)N(C2=O)c2ccc(cc2)c2nc(cc(c2)c2ccc(cc2)OCCCC#N)c2ccc(cc2)N2C(=O)c3c(C2=O)cc(cc3)C(*)(C(F)(F)F)C(F)(F)F)cc1,339.0,tg
*c1nc2c(c(c1)c1ccccc1)cc(cc2)C1(c2ccccc2c2ccccc12)c1cc2c(nc(cc2c2ccccc2)c2ccc(cc2)Oc2ccc(cc2)*)cc1,315.0,tg
*c1cc2c(C(=O)N(C2=O)c2ccc(cc2)C2(CCC(CC2)C(C)(C)C)c2ccc(cc2)NC(=O)*)cc1,331.0,tg
*CCC(=S)O*,6.2041,ei
*Oc1ccc(cc1)C(c1ccc(cc1)OC(=O)*)CC,128.0,tg
*c1cc2c(C(=O)N(C2=O)c2cc(cc(c2)c2sc3c(n2)cccc3)N2C(=O)c3c(C2=O)cc(cc3)C(=O)Nc2ccc(cc2)NC(=O)*)cc1,356.0,tg
*Oc1ccc(C2(c3ccc(OC(=O)c4ccc(C(*)=O)cc4)cc3)CCc3ccccc32)cc1,3.2587,egc
*c1ccc(-c2ccc(-n3c(=O)c4cc5c(=O)n(*)c(=O)c5cc4c3=O)cc2OC(F)(F)F)c(OC(F)(F)F)c1,2.7837,egc
*OP(=O)(Oc1c2c(ccc1)c(ccc2)*)OC1CCCCC1,134.0,tg
*NC(=O)CCCCCCCCCCC(=O)NCCCCCCCCCCC*,39.0,tg
*C=Cc1ccc(*)s1,2.7814,egc
*N=P(*)(OCCCCCCC)OCCCCCCC,-94.0,tg
*CC(=O)OC(*)=O,8.5901,ei
*Oc1ccc(cc1)OC(=O)Oc1ccc(cc1)C(=O)*,74.0,tg
*c1nc2c(c(c1)c1ccccc1)cc(cc2)*,415.0,tg
*CNCCNC(=O)OC*,0.5903,eea
*CNc1ccc(-c2ccc(*)s2)cc1,4.42,eps
*Oc1ccc(cc1)S(=O)(=O)c1ccc(cc1)Oc1ccc(cc1)NC(=O)c1cc(cc(c1)NC(=O)c1ccc(cc1)OC(=O)C)C(=O)Nc1ccc(cc1)*,263.0,tg
*CCCOC(=O)CCC(=O)O*,6.805,egc
*C1C2C=CC(C1C(=O)*)C2,85.5,tg
*NC(=O)CCCCCCCCC(=O)NCC1CCC(CC1)C*,89.0,tg
*c1ccc(C(=S)c2ccc(C(=S)C(=O)Nc3ccc(-c4ccc(*)s4)cc3)s2)s1,5.6233,ei
*OC(F)(F)C(F)(F)C(*)(F)F,9.1214,egb
*c1ccc(C(F)(F)CC(*)(F)F)cc1,1.7249,nc
*OC(=O)CCCCC(=O)OCC(C*)CCCCCCOc1ccc(cc1)N=Nc1ccc(cc1)C(F)(F)F,44.0,tg
*[Si](CCC*)(O[Si](CCCOc1ccc(cc1)c1ccc(cc1)C#N)(C)C)C,-4.6,tg
*Oc1ccc(cc1)C1(c2ccccc2c2ccccc12)c1ccc(cc1)OC(=O)C12CC3(CC(CC(C1)C3)C2)C(=O)*,335.0,tg
*C=c1ccc(=c2ccc(=Cc3ccc(*)s3)s2)s1,1.224,egb
*OC(=O)CCCCC(=O)OCCC*,-52.17,tg
*c1sc(cc1CC(=O)OCCCCCCOc1ccc(cc1)N=Nc1ccc(cc1)C#N)*,64.0,tg
*NC(=O)c1ccc(O*)s1,1.969,nc
*N1C(=O)c2c(C1=O)cc(cc2)c1cc2c(C(=O)N(C2=O)c2cc(ccc2)C(=O)Nc2ccc(cc2)Oc2ccc(cc2)Oc2ccc(cc2)NC(=O)c2cc(ccc2)*)cc1,244.0,tg
*c1sc(*)c2c1OCC(CCCCCC)O2,3.3322,egc
*Oc1ccc(cc1)C(c1ccc(cc1)OC(=O)c1ccc(cc1)C(=O)*)(CC)c1ccccc1,243.0,tg
*C(C*)(C(=O)OCCCCCCCCCCOc1ccc(cc1)OC(=O)c1ccc(cc1)OCCCCCCCC)C,12.0,tg
*OC(C)CCC(C)OC(=O)CCCCC(*)=O,6.4506,egc
*C(C*)(C(=O)O[Si](C)(C)C)C,97.5,tg
*OC(=O)CCCCCCCCCC(*)=O,6.2966,egc
*Nc1nc(*)nc(-c2ccccc2)n1,4.2193,egc
*CCOCO*,6.6358,egc
*C=CC1CC(*)C2C(=O)N(CCCCCCCCC)C(=O)C12,5.104,egb
*Oc1c(cc(cc1Br)C(c1cc(c(c(c1)Br)OC(=O)*)Br)(C)C)Br,206.75,tg
*C(C*)OCCOc1ccc(cc1)C=C(C#N)C#N,38.0,tg
*[Si](C*)(CCC)CCC,-41.0,tg
*N1C(=O)c2c(C1=O)cc(cc2)C(=O)c1cc2c(C(=O)N(C2=O)CCCC(=O)Nc2ccc(cc2)Cc2ccc(cc2)NC(=O)CCC*)cc1,195.0,tg
*N1C(=O)C(CC1=O)Nc1ccc(cc1)Cc1ccc(cc1)NC1C(=O)N(C(=O)C1)c1ccc(cc1)C(=O)Oc1c(cc(cc1C)C(c1cc(c(c(c1)C)OC(=O)c1ccc(cc1)*)C)c1cnccc1)C,186.0,tg
*Oc1ccc(cc1)N=Nc1cc(c(cc1)S(=O)(=O)c1c(cc(cc1)N=Nc1ccc(cc1)OC(=O)c1ccc(cc1)N=Nc1ccc(cc1)C(=O)*)[N+](=O)[O-])[N+](=O)[O-],150.0,tg
*CCCOC(=O)CCCCCCCCC(=O)O*,6.8385,egc
*c1cc(cc(c1)c1oc2c(n1)cccc2)*,250.0,tg
*CCCCCCOC(=O)Nc1ccc(C)c(NC(=O)O*)c1,5.2905,egc
*Oc1ccc(cc1)C(=Cc1c(cc(c(c1)OC)C=C(c1ccc(cc1)*)c1ccc(cc1)C(F)(F)F)OC)c1ccc(cc1)C(F)(F)F,194.0,tg
*Oc1ccc(C(C)(C)c2ccc(OC(*)=O)c(Cl)c2)cc1Cl,4.9898,egc
*c1sc(cc1)c1ccc(cc1)C=Nc1cc(ccc1)N=Cc1ccc(cc1)*,150.0,tg
*OC1CCC(OC(=O)NCCNC(*)=O)CC1,6.0582,egc
*C(OC)=C(OC)c1ccc(*)s1,2.5351,egc
*c1ccc(N2C(=O)c3ccc(C(=O)c4ccc5c(c4)C(=O)N(c4ccc6[nH]c(*)nc6c4)C5=O)cc3C2=O)cc1,2.4444,egc
*OC(=O)c1ccc(cc1)Cc1ccc(cc1)C(=O)*,122.0,tg
*C(C(*)(F)F)(OC(C(C(C(F)(F)F)(F)F)(F)F)(F)F)F,-10.0,tg
*OC(COCCCC)COC(*)=O,6.2375,egc
*Oc1ccc(cc1)C(c1ccc(cc1)Oc1ccc(cc1)C(=O)c1c2c(ccc1)cccc2C(=O)c1ccc(cc1)*)(C(F)(F)F)C(F)(F)F,213.0,tg
*C(=O)c1ccc(C(=O)N2CCN(*)CC2)cc1,4.7036,egb
*Nc1cc(C(c2ccc(O)c(NC(=O)c3ccc4cc(C(*)=O)ccc4c3)c2)(C(F)(F)F)C(F)(F)F)ccc1O,3.7695,egc
*CNOc1ccc(*)cc1,3.65,eps
*CC(=O)NC(*)=O,5.8547,ei
*c1cccc(-c2nnc(*)o2)c1,4.1016,egc
*CCc1c(C)c(C)c(*)c(C)c1C,4.9544,egc
*OC(=O)OCC(C(C*)OC(=O)OCC)OC(=O)OCC,49.8,tg
*Oc1ccc(cc1)C(c1ccc(cc1)OC(=O)OCCN(CCOC(=O)*)c1ccc2[nH]c3c(c2c1)cccc3)(C)C,90.0,tg
*N1C(=O)c2c(C1=O)cc(cc2)Oc1ccc(cc1)C1(CCC(CC1)C(C)(C)C)c1ccc(cc1)Oc1cc2c(C(=O)N(C2=O)c2ccc(cc2)Oc2ccc(cc2)C(c2ccc(cc2)Oc2ccc(cc2)*)(C(F)(F)F)C(F)(F)F)cc1,227.0,tg
*c1ccc(C(F)(F)NC(*)(F)F)s1,2.4083,eea
*Oc1c(cc(cc1Br)S(=O)(=O)c1cc(c(c(c1)Br)OC(=O)*)Br)Br,196.0,tg
*CCCCCCCCCCCCCCCCOC(=O)NCc1ccc(CNC(=O)O*)cc1,5.353,egc
*S(=O)(=O)c1ccc(cc1)Nc1c(cc(cc1)C1(c2ccccc2c2ccccc12)c1cc(c(cc1)Nc1ccc(cc1)*)C)C,269.0,tg
*N1C(=O)c2c(C1=O)cc(cc2)c1cc2c(C(=O)N(C2=O)c2ccc(cc2)OCCCCCCCCCCOc2ccc(cc2)*)cc1,153.0,tg
*c1cc(COCCOCCOC)c(-c2cc(CCCCCCCCCCCC)c(*)s2)s1,1.7176,egc
*OC(=O)c1ccc(cc1)C(=O)OCC(CS(=O)(=O)CC(C*)(C)C)(C)C,105.0,tg
*C1C(CC(C1)C=C*)(CCCC)C#N,87.0,tg
*CNc1ccc(N*)s1,0.5629,eea
*CC(OC)C(C(=O)O)C(*)C(=O)O,6.3287,egc
*c1ccc(NC(=O)c2ccc(C(=O)Nc3ccc(-c4nc5ccc(-c6ccc7nc(*)[nH]c7c6)cc5[nH]4)cc3)cc2)cc1,2.5692,egc
*c1cc2c(C(=O)N(C2=O)c2c(cccc2)C(=O)c2ccc(cc2)N2C(=O)c3c(C2=O)cc(cc3)C(=O)*)cc1,286.0,tg
*C(C*)(c1cc2c(cc1)cccc2)C,208.0,tg
*CC(*)c1ccc(F)cc1,2.0489,egc
*CCCCOC(=O)NCc1ccc(CNC(=O)O*)cc1,5.6759,egc
*C1C2C(C(C(C1*)C2)C(=O)OCC12CC3CC(CC(C1)C3)C2)C(=O)OCC12CC3CC(CC(C1)C3)C2,328.0,tg
*Nc1cc(ccc1)NC(=O)c1cc(cc(c1)NC(=O)c1ccccc1)C(=O)*,300.0,tg
*CC(C1=CC=CC=C1)CC(C2=CC=CC=C2)CC(C3=CC=CC=C3)CC(C4=CC=CC=C4)*,5.2025,egc
*Oc1ccc(cc1)CC(NC(=O)CCc1ccc(cc1)OC(=O)CCCC(=O)*)C(=O)OC,76.0,tg
*C(C*)c1ccc(cc1)C(=O)OCCC,92.0,tg
*C1SC(C=C1CCCCCC)*,23.47,tg
*Oc1ccc(cc1)Nc1ccc(cc1)N=Nc1ccc(cc1)Nc1ccc(cc1)*,169.0,tg
*C(C(C*)C)(C)C,37.0,tg
*c1sc(nn1)c1cc(ccc1)OCCCCCCCCCCCOC(=O)c1ccc(cc1)C(=O)OCCCCCCCCCCCOc1ccc(cc1)*,49.5,tg
*c1oc(nn1)c1cncc(c1)c1oc(nn1)c1ccc(cc1)[Si](c1ccc(cc1)*)(c1ccccc1)c1ccccc1,272.0,tg
*CC(*)(C)C(=O)OCCc1ccccc1,5.7104,egc
*NC(=O)CCCCCCCCCCC*,42.59,tg
*OC(C*)COC(C)(C)C,-24.0,tg
*CC(*)OC(=O)CCC,6.8545,egc
*N(c1ccc(cc1)C(=O)*)CCCCCCC,45.9,tg
*Oc1ccc(cc1)C(c1ccc(cc1)Oc1ccc(cc1)C(=O)c1c(c(c(c(c1c1ccccc1)c1cc2c(cc1)cccc2)c1cc2c(cc1)cccc2)c1ccccc1)C(=O)c1ccc(cc1)*)(C)C,264.0,tg
*COC1CC2CC(O*)C1C2,5.9517,egc
*SC(=O)CCCCC*,19.0,tg
*Oc1ccc(cc1)NC(=O)c1ccc(cc1)C(=O)Nc1ccc(cc1)*,184.75,tg
*C(=C*)c1ccc(cc1)n1c(=O)c2cc3c(cc2c1=O)c(=O)n(c3=O)c1ccc(cc1)C#C,420.0,tg
*c1ccc2c(c1)Cc1cc(*)ccc1-2,3.7772,egc
*C(C*)C(=O)OCCCCCCC,-60.0,tg
*c1sc(*)c(OCCCCCCC)c1C,2.9827,egc
*Oc1ccc(C2(c3ccc(OC(=O)c4cccc(C(*)=O)c4)cc3)CCC3CCCCC3C2)cc1,3.6386,egc
*c1nc2cc3c(cc2nc1c1ccccc1)nc(c(n3)c1ccc(cc1)*)c1ccccc1,395.0,tg
*Oc1c(cc(cc1c1ccccc1)Cc1cc(c(c(c1)c1ccccc1)OC(=O)CCCCC(=O)*)c1ccccc1)c1ccccc1,115.0,tg
*Oc1ccc(cc1)NC(=O)NC1CC(CC(C1)(CNC(=O)Nc1ccc(cc1)*)C)(C)C,274.0,tg
*OC(=O)c1ccc(cc1)C(c1ccc(cc1)C(=O)*)(C)C,100.0,tg
*OC(F)(F)C(F)(F)C(F)(F)C(*)(F)F,9.0549,egc
*CC1CCC(CNC(=O)CCCCCC(=O)N*)CC1,5.2823,egb
*CCCC1CCN(C(=O)Nc2ccc(Cc3ccc(NC(=O)N4CCC(*)CC4)cc3)cc2)CC1,4.6275,egc
*Oc1cc(ccc1)NC(=O)c1cc(cc(c1)NC(=O)c1ccc(cc1)OC(=O)C)C(=O)Nc1ccc(cc1)*,251.0,tg
*CNC(=S)c1ccc(*)cc1,3.1832,egb
*c1ccc(*)c2nc(CCCCCCC)c(CCCCCCC)nc12,3.0414,egc
*CCC(=O)O*,7.7853,ei
*N1C(=O)c2c(C1=O)cc(cc2)Oc1cc2c(C(=O)N(C2=O)c2ccc(cc2)C(c2ccc(cc2)*)(C)C)cc1,265.0,tg
*Oc1ccc(cc1)N1ON1c1ccc(cc1)OCCCCCCOC(=O)C(C(=O)OCCCCCC*)CCCCCP(=O)(O)O,12.0,tg
*NC(=O)c1cc(ccc1)C(=O)NCCCC*,141.0,tg
*c1nc2c(nc1)cc(cc2)c1cc2c(nc(cn2)c2ccc(cc2)*)cc1,350.0,tg
*N1C(=O)c2c(C1=O)cc(cc2)Oc1ccc(cc1)C1(CCCCCCCCCCC1)c1ccc(cc1)Oc1cc2c(C(=O)N(C2=O)c2ccc(cc2)Oc2cc(c(cc2)c2c(cc(cc2)Oc2ccc(cc2)*)C)C)cc1,257.0,tg
*Oc1ccc(cc1)C(c1ccc(cc1)Oc1ccc(cc1)C(=O)c1ccc(cc1)C(c1ccc(cc1)C(=O)c1ccc(cc1)*)(C(F)(F)F)C(F)(F)F)(C(F)(F)F)C(F)(F)F,185.0,tg
*c1nc2cc3c(cc2c(c1)c1ccccc1)c(cc(n3)c1ccc(cc1)c1ccc(cc1)*)c1ccccc1,392.0,tg
*C(C*)C(=O)Oc1ccccc1,101.83,tg
*Oc1ccc(cc1)C(c1ccc(cc1)OC(=O)c1ccc(cc1)[Si](c1ccc(cc1)C(=O)*)(C)C)(C)C,180.0,tg
*N(c1ccc(cc1)C=C(c1c(cc(c(c1)OCCCCCCCC)C(=Cc1ccc(cc1)*)C#N)OCCCCCCCC)C#N)c1ccccc1,78.0,tg
*OC(C*)CCCCCC,-71.67,tg
*C=C(F)C(F)(F)C*,5.7867,egc
*CC(=S)C(C=C1)=CC=C1N*,2.6292,egc
*Oc1ccc(cc1)Oc1ccc(cc1)C(=O)c1c(c(c(c(c1c1ccc(cc1)F)c1ccc(cc1)F)c1ccc(cc1)F)c1ccc(cc1)F)C(=O)c1ccc(cc1)*,266.0,tg
*OS(=O)(=O)c1cc(ccc1)S(=O)(=O)Oc1ccc(cc1)C(c1ccc(cc1)*)(CC)C,136.5,tg
*c1cc2c(C(=O)N(C2=O)c2ccc(cc2)Cc2ccc(cc2)N2C(=O)c3c(C2=O)cc(cc3)C(*)(C(F)(F)F)C(F)(F)F)cc1,296.35,tg
*CC=CCOC(=O)NCCCCCCNC(=O)O*,5.7218,egc
*C(C*)C(=O)Oc1c(cccc1)C(C)(C)C,72.0,tg
*NC(=O)c1ccc(O*)s1,4.85,eps
*C(=O)C(S1)=CC=C1C(=O)C(=S)*,2.2094,egc
*Oc1c(cc(cc1)OC(=O)c1ccc(cc1)OCCCCCCOc1ccc(cc1)C(=O)*)S(=O)(=O)c1ccccc1,112.6,tg
*c1oc2c(n1)cc(cc2)C(c1cc2c(oc(n2)CN2C(=O)c3c(C2=O)cc(cc3)C(c2cc3c(C(=O)N(C3=O)C*)cc2)(C(F)(F)F)C(F)(F)F)cc1)(C(F)(F)F)C(F)(F)F,225.0,tg
*C(C*)OC(=O)c1ccc(cc1)c1ccccc1,84.5,tg
*CCCCOC(=O)SNCCCCCCNSC(=O)O*,5.4377,egc
*C(C*)C(=O)OCCCCCCOc1ccc(cc1)C(=O)Oc1ccc(cc1)C#N,19.5,tg
*CCCCCCCCCCCCCCCCOC(=O)CCCCC(=O)O*,6.7152,egc
*[Si](C/C=C\C*)(CCCOc1ccccc1)c1ccccc1,-5.0,tg
*C(=O)C(F)(F)CC(*)(F)F,1.6107,nc
*NC(=O)CCCCCCCCCCCCCCCCC(=O)NCCCCCCCCCCCCCC*,47.0,tg
*C1C2C(C(C(C1*)C2)C(=O)OCCC12CC3CC(CC(C1)C3)C2)C(=O)OCCC12CC3CC(CC(C1)C3)C2,300.0,tg
*CC#CCOC(=O)CCCCCCC(=O)O*,6.2765,egc
*C(=O)c1ccc2c(c1)C(=O)N(c1ccc(OCCOc3ccc(N4C(=O)c5ccc(*)cc5C4=O)cc3)cc1)C2=O,2.4523,egc
*CCCP(CCCNC(=O)C(=O)N*)c1ccccc1,4.5841,egc
*Oc1ccc(cc1)CC(NC(=O)CCc1ccc(cc1)OC(=O)CCCCCCC(=O)*)C(=O)OCCCCCCCCCCCC,15.0,tg
*Cc1ccc(C(=O)c2ccc(*)s2)cc1,6.578,ei
*Oc1ccc(cc1)C(c1ccc(cc1)OCC(CN(S(=O)(=O)c1ccc(cc1)c1ccc(cc1)S(=O)(=O)N(CC(C*)O)C)C)O)(C)C,101.0,tg
*Oc1ccc(C(=O)NCCCCCCCCCCCCNC(=O)c2ccc(*)cc2)cc1,4.4794,egc
*c1cccc2c(-n3c(=O)c4cc5c(=O)n(*)c(=O)c5cc4c3=O)cccc12,2.5506,egc
*c1oc(nn1)c1sc(c(c1)CCCCCCCCCC)c1sc(cc1CCCCCCCCCC)c1oc(nn1)c1c(cc(c(c1)OCCCCCCCC)*)OCCCCCCCC,53.8,tg
*CC(=O)O*,1.6701,nc
*Oc1ccc(C(=O)Nc2ccc(Cc3ccc(NC(=O)c4ccc(Oc5nc(*)nc(Sc6ccccc6)n5)cc4)cc3)cc2)cc1,3.3904,egc
*C(C*)C(=O)OCCOCCOC(C(F)F)(F)F,-40.0,tg
*C(C*)(C(=O)OCCCCCCCCCOc1cc2c(cc1)cc(cc2)C(=O)Oc1ccccc1)C,18.0,tg
*C(C*)C(=O)OCCCCC,-57.0,tg
*CC(*)C(=O)n1sc2ccccc2c1=O,1.2252,egc
*c1ccc(Oc2ccc(Oc3ccc(-n4c(=O)c5cc6c(=O)n(*)c(=O)c6cc5c4=O)cc3)cc2)cc1,2.0871,egc
*N1C(=O)c2c(C1=O)cc(cc2)Oc1ccc(cc1)C(c1ccc(cc1)Oc1cc2c(C(=O)N(C2=O)c2c(ccc(c2)*)O)cc1)(C)C,246.0,tg
*N1C(=O)C2C(C1=O)C(=CC(C2)C1C(=O)N(C(=O)C1)c1c(ccc(c1)*)OCCCCCCCCCCCCCCCC)C,186.0,tg
*OC1C(COC(C)=O)OC(*)C(OC(C)=O)C1O,5.6034,egc
*c1nc(nc(n1)c1ccc(cc1)Oc1ccc(cc1)Oc1ccc(cc1)*)c1ccccc1,244.0,tg
*Nc1ccc(-c2ccc(-c3ccc(*)cc3)s2)cc1,1.8163,egb
*Oc1ccc(cc1)NC(=O)c1ccc(cc1)Oc1ccc(cc1)C(c1cc(ccc1)C(c1ccc(cc1)Oc1ccc(cc1)C(=O)Nc1ccc(cc1)Oc1ccc(cc1)C(c1ccc(cc1)*)(C(F)(F)F)C(F)(F)F)(C)C)(C)C,154.0,tg
*CCCCCOC(=O)NC1CC1NC(=O)O*,6.2104,egc
*N1C(=O)c2c(C1=O)cc(cc2)c1cc2c(C(=O)N(C2=O)c2cc(ccc2)OCCCCCCOc2cc(ccc2)*)cc1,153.0,tg
*N1C(=O)c2c(C1=O)cc(cc2)c1cc2c(C(=O)N(C2=O)c2ccc(cc2)Oc2c(c(ccc2)Oc2ccc(cc2)*)C#N)cc1,271.0,tg
*O[Si](*)(CCCOCCOCCOCCOCCOC)CCCOCCOCCOCCOCCOC,-69.8,tg
*c1sc(cc1SCCCC)c1ccc(cc1)c1sc(c(c1)SCCCC)c1ccc(cc1)*,26.4,tg
*Oc1ccc(cc1)C(=O)c1ccc(cc1)OCCCCCCOC(=O)OCCCCCCCCCCOC(=O)OCCCCCC*,-13.0,tg
*Oc1c(cc(cc1C)C1(CC2C(CC1)CCCC2)c1cc(c(c(c1)C)Oc1ccc(cc1)C(=O)c1cc(ccc1)C(=O)c1ccc(cc1)*)C)C,224.0,tg
*O[Si](O[Si](OC(CCCCC(*)C)C)(C)C)(C)C,-87.0,tg
*C(=O)OC(=O)O*,5.0987,egc
*c1ccc(Cc2cccc(-n3c(=O)c4cc5c(=O)n(*)c(=O)c5cc4c3=O)c2)cc1,2.6251,egc
*CCCCCCCNC(=O)CCCCCCCC(=O)N*,5.8296,egc
*Oc1ccc(cc1)C=CC(=O)OCCN(CCOC(=O)C=Cc1ccc(cc1)OCCCCC*)c1ccc(cc1)N=Nc1ccc(cc1)[N+](=O)[O-],92.0,tg
*c1c2c(c(cc1)CC*)cccc2,160.0,tg
*NC(=O)C(=S)C(*)=O,1.4363,egb
*C(C*)c1cc(c(cc1)Cl)Cl,128.0,tg
*c1cc2c(C(=O)N(C2=O)c2ccc(cc2)N2C(=O)c3c(C2=O)cc(cc3)C(=O)c2ccc(cc2)Oc2ccc(cc2)Oc2ccc(cc2)C(=O)*)cc1,236.0,tg
*Oc1ccc(cc1)C1(CCCCCCCCCCC1)c1ccc(cc1)OC(=O)c1ccc(cc1)Oc1ccc(cc1)C1(CCC(CC1)C(C)(C)C)c1ccc(cc1)Oc1ccc(cc1)C(=O)*,181.0,tg
*Cc1ccc(NO*)s1,5.1816,ei
*c1cc2c(C(=O)N(C2=O)c2ccc(cc2)Oc2ccc(cc2)C(=O)c2ccc(cc2)C(=O)c2ccc(cc2)Oc2ccc(cc2)N2C(=O)c3c(C2=O)cc(cc3)C(=O)*)cc1,233.0,tg
*N1C(=O)c2c(C1=O)cc(cc2)Oc1ccc(cc1)C1(CCC(CC1)c1ccccc1)c1ccc(cc1)Oc1cc2c(C(=O)N(C2=O)c2ccc(cc2)Oc2ccc(cc2)C2(CCC(CC2)C(C)(C)C)c2ccc(cc2)Oc2ccc(cc2)*)cc1,243.0,tg
*CC(=O)c1ccc(-c2ccc(*)cc2)s1,2.5123,egb
*Cc1ccc(OCOc2ccc(*)c3cccnc23)c2ncccc12,3.5315,egc
*C(C*)(C(=O)Oc1ccc(cc1)C(=O)Oc1ccc(cc1)C(=O)c1ccccc1)C,72.0,tg
*CCc1ccc(C(*)=S)s1,2.295,egb
*C(=C(*)C)[Si](C)(C)C,198.3,tg
*C(=O)CC(F)(F)C(*)(F)F,1.6044,nc
*c1cc2c(C(=O)N(C2=O)c2c(cc(cc2)C(c2cc(c(cc2)N2C(=O)c3c(C2=O)cc(cc3)C(*)(C(F)(F)F)C(F)(F)F)O)(C(F)(F)F)C(F)(F)F)O)cc1,303.0,tg
*N1C(=O)c2c(C1=O)cc(cc2)Oc1cc2c(C(=O)N(C2=O)c2cc(cc(c2)OCCCCCCCC)*)cc1,185.0,tg
*OP(=O)(N=Nc1ccc(cc1)C(=O)c1ccc(cc1)N=NP(=O)(OCCOCC*)OC)OC,33.0,tg
*Oc1ccc(C(=S)c2ccc(*)cc2)cc1,5.7685,ei
*Oc1ccc(cc1)S(=O)(=O)c1cc2c(cc1)cc(cc2)S(=O)(=O)c1ccc(cc1)Oc1c(cc(c(c1C)C)c1c(c(c(c(c1)C)*)C)C)C,300.0,tg
*NC(CCCCNC(=O)NCCCCCNC(*)=O)C(=O)OC,5.5834,egc
*Oc1c(cc(cc1c1ccccc1)Cc1cc(c(c(c1)c1ccccc1)OC(=O)CCCCCC(=O)*)c1ccccc1)c1ccccc1,111.0,tg
*C(=C*)c1c(cccc1)[Ge](C)(C)C,180.0,tg
*Cc1ccc(CNC(=O)CCCCCCCCCCCCCCCC(=O)N*)cc1,5.288,egc
*CCCCCCCCCCOC(=O)CC(C)C(=O)O*,6.5777,egc
*Oc1ccc(cc1)P(=O)(c1ccc(cc1)Oc1ccc(cc1)c1ccc(cc1)*)c1ccccc1,229.17,tg
*OC(C*)COCCCC,-79.0,tg
*CCCCCCCCCCCNC(=O)CCCCCCCCC(=O)N*,5.9682,egc
*OC1CCC(CC1)OC(=O)CCCCCCCCC(=O)*,66.0,tg
*CCOCCOC(=O)CCC(=O)O*,6.5538,egc
*CC(*)n1ccc2ccccc21,1.6204,egc
*OC1C(CO)OC(*)C(NC(C)=O)C1O,5.9496,egc
*OCOCCCC*,-83.2,tg
*C1OCOC(C1)C*,68.0,tg
*Oc1ccc(cc1)NC(=O)c1c(cccc1)OCC(COc1ccc(cc1)C(c1ccc(cc1)OCC(C*)O)(C)C)O,121.0,tg
*Oc1ccc(Oc2cccc(*)n2)c(C)c1,4.4881,egc
*N(CC(C*)O)c1cc(c(c(c1)C)N=Nc1c(cc(cc1)[N+](=O)[O-])C)C,149.0,tg
*C(C*)(C(F)(F)F)F,46.0,tg
*CCCCCCCCNC(=O)CC(=O)N*,6.004,egc
*Nc1ccc(Oc2ccc(*)cc2)cc1,4.38,eps
*c1cc2c(C(=O)N(C2=O)c2ccc(cc2)N(c2ccc(cc2)N2C(=O)c3c(C2=O)cc(cc3)C(*)(C(F)(F)F)C(F)(F)F)c2ccc(cc2)C#N)cc1,321.0,tg
*CC(=O)CC(*)=O,1.7565,nc
*c1cc2c(C(=O)N(C2=O)c2ccc(cc2)C(=O)Nc2ccc(cc2)Oc2cc(ccc2)Oc2ccc(cc2)NC(=O)c2ccc(cc2)N2C(=O)c3c(C2=O)cc(cc3)C(*)(C(F)(F)F)C(F)(F)F)cc1,286.0,tg
*OC(=S)c1ccc(C(*)=O)s1,2.3663,egb
*c1cc(OCCOC)c(*)s1,1.6015,egc
*OC1C(C(C1(C)C)OC(=O)C1CCC(CC1)C(=O)*)(C)C,169.0,tg
*C(F)(F)CC(F)(F)C(=S)*,2.8419,egc
*C(=O)c1ccc2c(c1)C(=O)N(c1ccc(Oc3cc4ccccc4cc3Oc3ccc(N4C(=O)c5ccc(*)cc5C4=O)cc3)cc1)C2=O,2.3398,egc
*CCCCCCCCCCOC(=O)CCCCCCCCCCC(=O)O*,6.8187,egc
*Oc1c2c(c(cc1)C(=O)c1ccc(cc1)Oc1ccc(cc1)C(c1ccc(cc1)*)(C(F)(F)F)C(F)(F)F)cccc2,190.0,tg
*[Si](CCC*)(c1ccc(cc1)C)c1ccc(cc1)C,38.0,tg
*OC(=O)NNC(=O)CCCCCCCCC(=O)NNC(=O)OCCCCC*,20.0,tg
*c1nc(nc(c1c1ccc(cc1)OC)OCCOC(=O)c1c(ccc(c1)N=Nc1ccc(cc1)OCC)c1c(cc(cc1)N=Nc1ccc(cc1)OCC)C(=O)OCCO*)c1ccc(cc1)OCCCC,126.0,tg
*c1ccc(-c2ccc(*)s2)s1,2.9681,eea
*Oc1c(cc(cc1)OC(=O)c1c(cc(cc1)c1ccc(cc1)C(=O)*)c1ccccc1)c1ccccc1,148.0,tg
*S(=O)(=O)c1cc(c(cc1)Sc1ccc(cc1)Sc1ccc(cc1)Sc1c(cc(cc1)*)S(=O)(=O)O)S(=O)(=O)O,202.0,tg
*OC(=O)NC(=O)c1cc(ccc1)C(=O)NC(=O)OCC(C*)CCCCCCCCCCCC,112.0,tg
*OCC(=O)NCCCCCCNC(=O)C*,10.0,tg
*c1cc2c(C(=O)N(C2=O)c2ccc(cc2)Sc2ccc(cc2)Oc2ccc(cc2)Sc2ccc(cc2)N2C(=O)c3c(C2=O)cc(cc3)C(*)(C(F)(F)F)C(F)(F)F)cc1,232.67,tg
*Oc1ccc(cc1)CC(NC(=O)Cc1ccc(cc1)OC(=O)CCCCCCCCC(=O)*)C(=O)OCCCCCC,23.0,tg
*CC1CC1COC(=O)NC1CC1NC(=O)O*,6.5515,egc
*c1cc2c(C(=O)N(C2=O)c2ccc(cc2)NC(=O)c2cc(ccc2)C(=O)Nc2ccc(cc2)N2C(=O)c3c(C2=O)cc(cc3)C(=O)*)cc1,247.0,tg
*CCOCCOCCOC(=O)CCC(=O)O*,6.2323,egc
*C(C*)(C(=O)OCc1cc(c(cc1)Cl)Cl)C,34.45,tg
*C(C*)(C(=O)OCC1N(CC(C1)NC(=O)OC(C)(C)C)C(=O)OC(C)(C)C)C,127.0,tg
*OC(C*)CC(Cl)(Cl)Cl,-36.0,tg
*c1cc(CCOC(=O)C(C)Br)c(*)s1,2.3659,egc
*c1cc2c(C(=O)N(C2=O)c2cc3Cc4c(c3cc2)ccc(c4)N2C(=O)c3c(C2=O)cc(cc3)C(=O)*)cc1,341.5,tg
*N1C(=O)c2c(C1=O)cc(cc2)c1cc2c(C(=O)N(C2=O)c2ccc(cc2)Oc2ccc(cc2)Oc2ccc(cc2)Oc2ccc(cc2)*)cc1,228.51,tg
*CCCCCCCCCCOCCCCCCCCCCOCCCCCO*,5.9245,egc
*N1C(=O)c2c(C1=O)cc(cc2)Oc1ccc(cc1)C1(CCC(CC1)C(C)(C)C)c1ccc(cc1)Oc1cc2c(C(=O)N(C2=O)c2ccc(cc2)Oc2ccc(cc2)C2(C3C4C(CCC4)C(C2)C3)c2ccc(cc2)Oc2ccc(cc2)*)cc1,257.0,tg
*C(=O)c1ccc(-c2ccc(-c3ccc(*)s3)s2)s1,2.705,nc
*Cc1ccc(-c2ccc(-c3ccc(*)s3)s2)cc1,1.9547,eea
*c1cc2c(C(=O)N(C2=O)c2cc(ccc2)N2C(=O)c3c(C2=O)cc(cc3)C(=O)Nc2ccc(cc2)Oc2ccc(cc2)c2ccc(cc2)Oc2ccc(cc2)NC(=O)*)cc1,292.0,tg
*N1C(=O)c2c(C1=O)c(ccc2)c1cc2c(C(=O)N(C2=O)c2ccc(cc2)OCCCOc2ccc(cc2)*)cc1,237.5,tg
*Nc1nc(Nn2c(=O)c3cc4c(=O)n(*)c(=O)c4cc3c2=O)nc(N(CCC)CCC)n1,2.5752,egc
*c1ccc(-c2ccc(-c3nnc(*)n3-c3ccc(OC)cc3)cc2)cc1,3.8442,egc
*Oc1ccc(cc1)CC(NC(=O)Cc1ccc(cc1)OC(=O)CCCC(=O)*)C(=O)OCCCCCC,42.0,tg
*CC(*)c1cccc2c1OCO2,4.5452,egc
*c1ccc(N2C(=O)c3ccc(Oc4ccc5c(c4)C(=O)N(*)C5=O)cc3C2=O)cc1,3.4906,egc
*CCCCCCCc1nc2ccc(-c3ccc4nc(*)[nH]c4c3)cc2[nH]1,4.2077,egc
*c1cc2c(C(=O)N(C2=O)c2cc(cc(c2)C(F)(F)F)N2C(=O)c3c(C2=O)cc(cc3)C(*)(C(F)(F)F)C(F)(F)F)cc1,284.0,tg
*c1cc2c(cc1OC(=O)COc1ccc3c(c1)oc(=O)cc3)oc(=O)c(c2)C(=O)Nc1cc(ccc1)NC(=O)c1c(=O)oc2c(cc(c(c2)OC(=O)COc2ccc3c(c2)oc(=O)cc3)C*)c1,240.0,tg
*Oc1c(c2c(cc1)cccc2)Sc1c2c(ccc1OCC(=O)Nc1ccc(cc1)NC(=O)C*)cccc2,268.0,tg
*N1C(=O)c2c(C1=O)cc(cc2)c1cc2c(C(=O)N(C2=O)c2cc(ccc2)C(c2cc(ccc2)*)(C(F)(F)F)C(F)(F)F)cc1,267.0,tg
*Nc1c(cccc1)CCc1ccc(cc1)NC(=O)NCCCCCCNC(=O)*,150.0,tg
*NNC(=O)c1cc(cc(c1)NC(=O)c1cc2c(C(=O)N(C2=O)c2ncccc2C)cc1)C(=O)NNC(=O)CCCC(=O)*,131.7,tg
*c1cc2c(C(=O)N(C2=O)c2cc(c(cc2)c2c(cc(cc2)N2C(=O)c3c(C2=O)cc(cc3)C(*)(C(F)(F)F)C(F)(F)F)C(F)(F)F)C(F)(F)F)cc1,321.5,tg
*N1C(=O)c2c(C1=O)c(ccc2)Oc1ccc(cc1)C(=O)Nc1ccc(cc1)Oc1ccc(cc1)*,253.0,tg
*Oc1c(cc(c(c1)C(c1ccccc1)(C)C)OC(=O)c1ccc(cc1)C(=O)*)C(c1ccccc1)(C)C,170.0,tg
*CNc1ccc(O*)s1,0.8203,eea
*CCCCCCNC(=O)CCCCCCCCCCC(=O)N*,6.3994,egb
*c1nc2c(nc1)cc(cc2)c1cc2c(nc(cn2)c2ccc(cc2)Oc2ccc(cc2)Oc2ccc(cc2)*)cc1,195.0,tg
*c1nc2c(nc1c1ccccc1)cc(cc2)Oc1ccc(cc1)N1C(=O)c2c(C1=O)cc(cc2)C(c1cc2c(C(=O)N(C2=O)c2ccc(cc2)Oc2cc3c(nc(c(n3)c3ccccc3)c3ccc(cc3)Oc3ccc(cc3)*)cc2)cc1)(C(F)(F)F)C(F)(F)F,267.0,tg
*N1C(=O)c2c(C1=O)cc(cc2)c1cc2c(C(=O)N(C2=O)c2ccc(cc2)Oc2c(cc(cc2)C(C)(C)C)Oc2ccc(cc2)*)cc1,257.0,tg
*NC(=O)c1ccc(cc1)CC(=O)NCCCC*,84.0,tg
*c1sc2cc3c(cc2n1)sc(n3)c1ccc(cc1)Oc1ccc(cc1)*,350.0,tg
*c1c2c(c(nn1)c1ccc(cc1)Oc1ccc(cc1)C(c1ccc(cc1)Oc1ccc(cc1)*)(C(F)(F)F)C(F)(F)F)c(c(c(c2c1ccc(cc1)F)c1ccc(cc1)F)c1ccc(cc1)F)c1ccc(cc1)F,285.33,tg
*OC(=O)C(F)(F)C(*)(F)F,9.0985,ei
*c1cc2c(C(=O)N(C2=O)c2ccc(cc2)NC(=O)Nc2ccc(cc2)N2C(=O)c3c(C2=O)cc(cc3)C(=O)Nc2ccc(cc2)C(=O)c2ccc(cc2)NC(=O)*)cc1,212.0,tg
*CC(CSC(C)C)O*,4.8245,egc
*CCCCCC(*)C,7.1803,egc
*Oc1ccc(cc1)C(c1ccc(cc1)OC(=O)c1cc(ccc1)C(=O)*)(C)C,166.08,tg
*N1C(=S)N(C(=O)CC1=O)c1ccc(cc1)Oc1ccc(cc1)C(c1ccc(cc1)Oc1ccc(cc1)*)(C)C,132.0,tg
*NCC(F)(F)C(*)(F)F,0.6587,eea
*CCCOC(=O)CC(=O)O*,6.6256,egc
*Cc1ccc(Oc2ccc(*)s2)cc1,1.8289,nc
*O[Si](O[Si](c1ccc(cc1)[Si](*)(C)C)(C)C)(C=C)C=C,-71.0,tg
*N1C(=O)N(C(=O)C1=O)c1c(ccc(c1)N1C(=O)N(C(=O)C1=O)c1ccc(cc1)CCc1c(cccc1)*)C,255.0,tg
*OC(C*)C[N-][N+]#N,-44.57,tg
*OC(=S)c1ccc(C(*)=O)cc1,2.5144,egb
*C(C*)C(=O)OCCN(c1ccc(cc1)N=Nc1c(cc(cc1)[N+](=O)[O-])Cl)CC,87.0,tg
*C(C*)(C(=O)OC)c1ccccc1,121.0,tg
*c1sc(c(c1c1ccccc1)c1ccccc1)c1ccc(cc1)NC(=O)c1ccc(cc1)NC(=O)c1ccc(cc1)[Si](c1ccc(cc1)C(=O)Nc1ccc(cc1)C(=O)Nc1ccc(cc1)*)(C)C,337.0,tg
*Nc1c(cc(cc1)NC(=O)c1ccc(cc1)NC(=O)CCCCCCCCC(=O)Nc1ccc(cc1)C(=O)*)C(=O)OCCCCCCCCCCCCCCCCCC,280.0,tg
*CCCCCCCCCCOC(=O)CCC=CCCC(=O)O*,6.0842,egc
*CCNC(=O)c1ccc(O*)cc1,5.0314,egc
*C=C(*)c1cccc(Br)c1,0.2843,egc
*OC(C*)c1ccccc1,32.38,tg
*Nc1ccc(C(=O)C(*)=S)cc1,6.3689,ei
*Oc1ccc(cc1)C(c1ccc(cc1)OCC(C*)OC(=O)c1c(cccc1)Cl)(C)C,66.0,tg
*C(C*)C(=O)OC12CC3CC(CC(C1)C3)C2,153.0,tg
*N(c1ccc(cc1)C(c1ccc(cc1)*)c1ccc(cc1)OCCCC)c1ccc(cc1)C,170.0,tg
*C(=O)C(C=C1)=CC=C1C(=S)C(C=C2)=CC=C2*,2.9419,egc
*c1ccc(-c2sc(-c3cc(SCCCC)c(*)s3)cc2SCCCC)cc1,2.4731,egc
*C(C(CCCCCCCCC*)c1ccc(cc1)O)c1c(cc(cc1)O)C,-1.0,tg
*Nc1ccc(-c2ccc(NC(=O)c3cc(NC(=O)c4ccncc4)cc(C(*)=O)c3)cc2)cc1,3.2688,egc
*Cc1ccc(-c2ccc(C(*)=S)cc2)cc1,2.7075,eea
*CCCCCCCCCNC(=O)CCCCCCCCCCCC(=O)N*,5.7342,egc
*CCCCCCCCCCc1nnc(*)n1N,5.6319,egc
*C1CC2CC(CC(C1)O2)OC(=O)O*,207.0,tg
*OC(CCOC(=O)c1ccc(cc1)c1ccc(cc1)C(=O)*)C,86.83,tg
*Oc1ccc(C(=S)c2ccc(*)cc2)cc1,1.7412,egb
*c1nc2cc3c(cc2nc1)nc(cn3)c1ccc(cc1)Oc1ccc(cc1)*,353.0,tg
*c1cc2c(C(=O)N(C2=O)c2c(cccc2)c2ccc(cc2)N2C(=O)c3c(C2=O)cc(cc3)C(=O)*)cc1,305.0,tg
*C(=C*)C(CCCCCCC)[Si](C)(C)C,150.0,tg
*N1C(=O)c2c(C1=O)c(c(c(c2c1ccccc1)c1ccccc1)c1ccc(cc1)c1c(c2c(C(=O)N(C2=O)c2cc(ccc2)Oc2cc(ccc2)Oc2cc(ccc2)*)c(c1c1ccccc1)c1ccccc1)c1ccccc1)c1ccccc1,280.0,tg
*OP(=O)(OCCOc1ccc(cc1)S(=O)(=O)c1ccc(cc1)OCC*)Oc1ccc(cc1)[N+](=O)[O-],56.0,tg
*c1cc2c(C(=O)N(C2=O)c2ccc(cc2)Oc2ccc(cc2)C(c2ccc(cc2)Oc2ccc(cc2)N2C(=O)c3c(C2=O)cc(cc3)C(*)(C(F)(F)F)C(F)(F)F)(C)C)cc1,244.4,tg
*c1ccc2c(nc([nH]2)c2cc(ccc2)c2nc3c([nH]2)ccc(c3)C(=O)Nc2cc(cc(c2)c2nc3c([nH]2)cccc3)NC(=O)*)c1,315.0,tg
*C=Cc1ccc(*)nc1,1.9268,egc
*Oc1ccc(cc1)C1(c2ccccc2c2ccccc12)c1ccc(cc1)OC(=O)c1ccc(cc1)C(=O)*,285.0,tg
*Oc1ccc(C2(c3ccc(OC(=O)OC4C(C)(C)C(OC(*)=O)C4(C)C)cc3)CC3CCC2C3)cc1,4.7221,egc
*Cc1ccc(C[n+]2ccc(-c3cc[n+](*)cc3)cc2)cc1,2.0993,egc
*OC(=O)CCCCCCCCC(=O)OCC(=O)NCCCCCCNC(=O)C*,2.0,tg
*Oc1ccc(cc1)N=CNc1ccc(cc1)OCCOCC*,62.0,tg
*C(C*)c1ccc(cc1)C(C)C,62.4,tg
*NC(=O)c1ccc(C(*)=S)cc1,6.3279,ei
*C(C*)C1CCCC1,75.0,tg
*C(F)(F)C(F)(F)C(F)(F)C(*)(F)C(F)(F)F,8.4323,egc
*NNC(=O)c1cc(cc(c1)NC(=O)c1cc2c(C(=O)N(C2=O)c2ncccc2C)cc1)C(=O)NNC(=O)C(=O)*,134.1,tg
*c1[nH]c(*)c(C(=O)O)c1C,3.2017,egc
*CCCCCCCCCCCCC(=O)O*,6.7386,egc
*CC(*)c1cccc(C)c1,5.185,egc
*c1ccc(C(=O)C(F)(F)C(*)(F)F)cc1,1.8174,nc
*CC(CCl)(CBr)COC(=O)CCCCC(=O)O*,6.6998,egc
*Nc1cc(C(c2ccc(O)c(NC(=O)c3ccc(C(*)=O)cc3)c2)(C(F)(F)F)C(F)(F)F)ccc1O,3.6515,egc
*c1cc2c(cc1)cc(cc2)C(=Cc1c(cc(c(c1)OC)C=C(*)c1ccc(cc1)F)OC)c1ccc(cc1)F,208.0,tg
*NC(=O)Nc1ccc(*)s1,3.137,egb
*CCCCOC(=O)OCC1CCC(COC(=O)O*)CC1,7.0222,egc
*C(C*)(CCC(C(=O)OC)C)C(=O)OC,34.0,tg
*Nc1cc(OCC)c(*)cc1OCC,3.3635,egc
*C(=C(*)Cl)CCCC,190.0,tg
*OCC(C*)(C)C,-50.0,tg
*C1C(C(C(C1)C=C*)C(=O)OCCCCCCOc1ccc(cc1)c1ccc(cc1)C#N)C(=O)OCCCCCCOc1ccc(cc1)c1ccc(cc1)C#N,41.93,tg
*C(C*)(C(=O)Nc1cc(ccc1)c1oc(nn1)c1ccccc1)C,65.0,tg
*NC(=O)CCCCCCCCCCCCCCCCCCC(=O)NCCCCCCC*,46.0,tg
*c1ccc(-c2cnc3cc(S(=O)(=O)c4ccc5nc(*)cnc5c4)ccc3n2)cc1,3.1704,egc
*Nc1c(cc(cc1)NC(=O)c1ccc(cc1)NC(=O)CCCCCCCCCCC(=O)Nc1ccc(cc1)C(=O)*)C(=O)OCCCCCCCCCCCCCCCC,199.5,tg
*c1cc(CCCCCCCCCC(O)CO)c(*)s1,2.497,egc
*OS(=O)(=O)c1cc(S(=O)(=O)Oc2ccc(C3(c4ccc(*)cc4)CCCC3)cc2)ccc1C,3.9679,egc
*CCCCCCCCNC(=O)NCCCCCCNC(=O)N*,5.7995,egc
*[Si](C*)(c1ccccc1)C,28.0,tg
*N1C(=O)c2c(C1=O)cc(cc2)C(=O)Oc1ccc(cc1)OC(=O)c1cc2c(C(=O)N(C2=O)CCCOCCCCOCCC*)cc1,56.0,tg
*OC(=O)OCCCCCCCCCCOC(=O)OC1COC2C(*)COC12,6.8143,egc
*CCCCOC(=O)c1cccc(C(=O)O*)c1,5.1711,egc
*c1ccc(Oc2ccc(Oc3ccc(N4C(=O)C5CCC6C(=O)N(*)C(=O)C6C5C4=O)cc3)cc2)cc1,4.5419,egc
*c1[nH]nc(c1)c1ccc(cc1)Oc1ccc(cc1)S(=O)(=O)c1ccc(cc1)Oc1ccc(cc1)*,260.0,tg
*Cc1ccc(C(=S)O*)cc1,3.1473,egb
*N1C(=O)c2c(C1=O)cc(cc2)c1cc2c(C(=O)N(C2=O)c2ccc(cc2)Oc2ccc(cc2)C(=O)c2ccc(cc2)Oc2ccc(cc2)*)cc1,253.0,tg
*N(CC*)C(=O)c1c(cc(cc1F)F)F,135.0,tg
*Oc1c2c(c(cc1)c1c3c(c(cc1)OCCC*)cccc3)cccc2,173.5,tg
*Cc1ccc(-c2ccc(-c3ccc(*)s3)s2)cc1,5.1679,ei
*C(C*)(C(=O)OCCCCc1ccccc1)C,9.0,tg
*CCC1CCC(*)C1,7.9915,egb
*Oc1ccc(cc1)C(c1ccc(cc1)OC(*)(Oc1ccccc1)Oc1ccccc1)(C)C,92.0,tg
*C(C*)OC(=O)c1ccc(cc1)[Si](C)(C)C,125.25,tg
*CCCCCCCCCNC(=O)CCCCCCCC(=O)N*,5.928,egc
*NC(CCCCNC(=O)NCCNC(*)=O)C(=O)OC,5.4494,egc
*CCc1ccc(O*)cc1,3.46,eps
*c1cc2c(C(=O)N(C2=O)c2cc(cc(c2)C(=O)c2ccccc2)N2C(=O)c3c(C2=O)cc(cc3)C(=O)*)cc1,282.0,tg
*Oc1ccc(C(=O)c2ccc(OC(=O)OC3C(C)(C)C(OC(*)=O)C3(C)C)cc2)cc1,4.4802,egc
*OC(=S)Oc1ccc(*)s1,2.5249,eea
*N1C(=O)c2c(C1=O)cc(cc2)Sc1ccc(cc1)Sc1ccc(cc1)Sc1cc2c(C(=O)N(C2=O)c2ccc(cc2)Sc2sc(cc2)Sc2sc(cc2)Sc2sc(cc2)Sc2ccc(cc2)*)cc1,177.0,tg
*c1cc(CC(=O)OCCCCCCCC)c(*)[nH]1,3.192,egc
*C1C2CC(C(C1*)C2)C,350.0,tg
*O[Si](Oc1ccc(cc1)C(c1ccc(cc1)*)(C)C)(C)C,45.0,tg
*NC(C=C1)=CC=C1OC(C=C2)=CC=C2*,3.6519,egc
*CC(CO*)(CSC(C)C)CSC(C)C,4.6686,egc
*CC(*)C(=O)c1ccc(CC)cc1,4.27,egc
*Oc1ccc(NC(=C(C#N)C#N)c2ccc(-c3ccc(-c4ccc(C(Nc5ccc(*)cc5)=C(C#N)C#N)cc4)cc3)cc2)cc1,3.7835,egc
*Nc1ccc(*)cc1,4.9916,ei
*C(C*)C(=O)OCCCSC,-65.0,tg
*C(C*)(C(=O)OC(C(C(C(C(C(C(C(F)(F)F)(F)F)(F)F)(F)F)(F)F)(F)F)(F)F)(F)F)C,49.0,tg
*C1=C(CCCCCC)C(CCCCCC)=C(c2sc(-c3sc(*)c4c3OCCO4)c3c2OCCO3)S1(=O)=O,1.3792,egc
*CCCCCCCCCCOC(=O)CCC(=O)O*,6.6201,egb
*N1C(=O)C(=C(C1=O)Cl)Oc1ccc(cc1)C(c1ccc(cc1)OC1=C(C(=O)N(C1=O)c1ccc(cc1)Cc1ccc(cc1)*)Cl)(C)C,172.0,tg
*CC(O*)c1ccco1,5.0251,egc
*C(*)O,6.4482,egc
*CCCCCCOC(=O)NCCSCCCCSCCNC(=O)O*,5.4298,egc
*Oc1ccc(cc1)S(=O)(=O)c1ccc(cc1)Oc1c(cc(cc1)c1ccc(cc1)c1cc(c(cc1)*)C(F)(F)F)C(F)(F)F,214.0,tg
*CCc1cnc(*)cn1,4.5671,egc
*OC(=O)CCCCCCC(=O)OCCC*,-58.75,tg
*N1C(=O)c2c(C1=O)cc(cc2)P(=O)(c1cc2c(C(=O)N(C2=O)c2ccc(cc2)Oc2ccc(cc2)*)cc1)c1ccccc1,318.0,tg
*CCCCCCOC(=O)NCCSCCCCCSCCNC(=O)O*,5.2279,egc
*Oc1c2c(c(cc1)c1c3c(c(cc1)OCCCCC*)cccc3)cccc2,151.0,tg
*CC(C)(CCl)O*,5.7953,egc
*CCOC(=O)Cc1ccc(CC(=O)O*)cc1,5.1252,egc
*Oc1ccc(cc1)C(c1ccc(cc1)OC(=O)*)CCC,110.33,tg
*NC(F)(F)NC(*)(F)F,8.2637,egb
*CCCCCCCCCCCCC(=O)N*,6.0892,egc
*Oc1ccc(CC(NC(=O)Cc2ccc(OC(=O)CC(C)CCC(*)=O)cc2)C(=O)OCCCCCC)cc1,4.8662,egc
*CC(=O)NCCCCCCNC(=O)CO*,6.0674,egc
*N1C(=S)N(C(=O)CC1=O)c1ccc(cc1)Oc1cc2c(cc1)ccc(c2)Oc1ccc(cc1)*,151.5,tg
*Oc1ccc(cc1)C1(CCC(CC1)C(C)(C)C)c1ccc(cc1)Oc1ccc(cc1)C(=O)Oc1ccc(cc1)C1(CCC(CC1)c1ccccc1)c1ccc(cc1)OC(=O)c1ccc(cc1)*,172.0,tg
*Oc1ccc(cc1)C1(c2ccccc2c2ccccc12)c1ccc(cc1)Oc1ccc(cc1)C(=O)c1c2c(ccc1)cccc2C(=O)c1ccc(cc1)*,269.0,tg
*NC(=S)c1ccc(O*)s1,6.1012,ei
*S(=O)(=O)c1ccc(cc1)N=CNc1ccc(cc1)*,163.0,tg
*CC(CS(C)(=O)=O)O*,5.2613,egc
*C(=O)OC1=NCCN1*,5.1364,egc
*CCCC(*)=S,1.7702,nc
*CCN(CCOC(=O)c1cccc(C(=O)O*)c1)c1ccccc1,3.0504,egc
*C(C*)OC(=O)c1ccc(cc1)C(C)(C)C,116.8,tg
*N1C(=O)C(CC1=O)Nc1ccc(cc1)N(c1ccc(cc1)NC1C(=O)N(C(=O)C1)c1ccc(cc1)Cc1ccc(cc1)*)c1ccc(cc1)[N+](=O)[O-],276.0,tg
*Cc1ccc(Nc2ccc(*)s2)s1,3.6624,egb
*c1oc(nn1)c1ccc(cc1)Oc1ccc(cc1)NC(=O)CN1C(=O)c2c(C1=O)cc(cc2)C(c1cc2c(C(=O)N(C2=O)CC(=O)Nc2ccc(cc2)Oc2ccc(cc2)*)cc1)(C(F)(F)F)C(F)(F)F,263.0,tg
*NNC(=O)c1ccc(C(*)=O)cc1OCCCCCCCCCC,4.1107,egc
*c1ccc(-c2nc3ccc(-c4ccc5nc(*)c(-c6ccccc6)nc5c4)cc3nc2-c2ccccc2)cc1,3.1693,egc
*[Si](c1c(cccc1)C*)(C)C,48.0,tg
*CC(*)c1nc(C)nc(C)n1,5.2445,egc
*OC(=O)c1ccc(C(*)=O)s1,7.3658,ei
*Cc1ccc(CC(*)=S)s1,2.5553,egb
*Nc1ccc(NC(*)=S)s1,2.19,nc
*c1ccc2N(c3c(Sc2c1)cc(cc3)c1sc(cc1)c1sc(cc1)*)CCCCCCCCCC,142.0,tg
*CC(=S)NO*,2.2076,eea
*CCOc1ccc(C(=O)OC(=O)c2ccc(C(=O)OC(=O)c3ccc(O*)c(OC)c3)cc2)cc1OC,3.2659,egc
*S(=O)(=O)c1ccc(cc1)NC(=O)c1ccc(cc1)NC(=O)c1ccc(cc1)[Si](c1ccc(cc1)C(=O)Nc1ccc(cc1)C(=O)Nc1ccc(cc1)*)(C)C,315.0,tg
*CCCCCCC(=O)N*,5.9361,egb
*OC(F)(F)C(=O)C(*)(F)F,8.7917,ei
*C(C*)c1c(c(c(c(c1F)F)C(F)(F)F)F)F,112.0,tg
*[Si](CC(C*)c1ccccc1)(C)C,5.67,tg
*C(C*)c1cc(ccc1)B(O[Si](C)(C)C)O[Si](C)(C)C,35.0,tg
*OC(C)COC(=O)CCCCCCCCC(*)=O,6.952,egc
*Oc1ccc(Sc2ccc(*)cc2)cc1,4.5667,egc
*CC1CCCC(CNC(=O)CCCCCCC(=O)N*)C1,5.9323,egc
*CC(F)(F)C(F)(F)C(F)(F)COC(=O)NCCCCCCNC(=O)O*,6.3766,egc
*N1C(=O)c2c(C1=O)c(ccc2)c1cc2c(C(=O)N(C2=O)c2cc(ccc2)C(=O)Nc2ccc(cc2)Oc2ccc(cc2)C(c2ccc(cc2)Oc2ccc(cc2)NC(=O)c2cc(ccc2)*)(C)C)cc1,261.0,tg
*Oc1ccc(cc1)Oc1ccc(cc1)Oc1cc(ccc1)C(=O)Oc1ccc(cc1)c1ccc(cc1)OC(=O)c1cc(ccc1)*,119.0,tg
*NC(=O)CCCCCCCC1C=CC(C(C1CCCCCCCC(=O)NCCCCCC*)CCCCCCCC)CCCCCC,-10.0,tg
*Oc1c(cc(cc1C)C1(CC2C(CC1)CCCC2)c1cc(c(c(c1)C)Oc1ccc(cc1)C(=O)c1ccc(cc1)*)C)C,251.0,tg
*N1C(=O)c2c(C1=O)c(ccc2)c1cc2c(C(=O)N(C2=O)c2cc(ccc2)C(=O)Nc2cc(ccc2)S(=O)(=O)c2cc(ccc2)NC(=O)c2cc(ccc2)*)cc1,261.0,tg
*Oc1ccc(Cc2ccc(OC(=O)OCC3CCC(COC(*)=O)CC3)cc2)cc1,5.1271,egc
*C(=O)c1ccc2c(c1)C(=O)N(c1ccc(Oc3cccc(N4C(=O)c5ccc(*)cc5C4=O)c3)cc1)C2=O,2.4357,egc
*C(C*)(C(=O)NC1C(OC(C(C1O)O)CO)O)C,100.0,tg
*OC(=O)CCC*,-28.78,tg
*NC(=O)NC(*)=O,3.9867,egb
*CNc1ccc(O*)cc1,5.1109,ei
*C=CC(C(*)C(=O)OCCCN(c1ccc(cc1)N(C)C)C)C,16.0,tg
*Oc1ccc(cc1)N=C(c1ccc(cc1)Oc1ccc(cc1)C(c1ccc(cc1)Oc1ccc(cc1)C(=Nc1ccc(cc1)*)c1ccccc1)(c1ccccc1)c1ccccc1)c1ccccc1,177.0,tg
*c1c(cc(c(c1)C)CC*)C,95.0,tg
*Oc1ccc(cc1)c1ccc(cc1)OC(=O)c1c(cc(cc1)C(=O)*)Sc1cc2c(cc1)cccc2,141.0,tg
*c1oc(nn1)c1ccc(cc1)Oc1c2c(c(cc1)C=Cc1ccc(cc1)Oc1ccc(cc1)*)cccc2,213.0,tg
*C=C(*)c1cccs1,3.6662,egc
*C(=O)c1ccc2c(c1)C(=O)N(c1ccc3c(c1)C(=O)c1cc(N4C(=O)c5ccc(*)cc5C4=O)ccc1-3)C2=O,2.5033,egc
*Oc1ccc(cc1)NC(=O)CCCCCCCCCCC(=O)Nc1ccc(cc1)*,150.0,tg
*C(C*)(CC(=O)OC(C)C)C(=O)OC12CC3CC(CC(C1)C3)C2,180.0,tg
*OC(=O)c1ccc(cc1)N=CNc1ccc(cc1)C(=O)OCCOCC*,77.0,tg
*c1ccc(-c2nc3cc(-c4ccc5nc(*)c(-c6ccc7ccccc7c6)nc5c4)ccc3nc2-c2ccc3ccccc3c2)cc1,2.9636,egc
*C(C*)(C(=O)OC)F,142.0,tg
*Nc1ccc(-c2ccc(-c3ccc(*)s3)s2)s1,7.17,eps
*C(=O)Oc1ccc(OC(=O)N2CCN(*)CC2)cc1,5.2692,egc
*S(=O)(=O)C(C*)CC(C)C,23.0,tg
*C(C*)C(=O)n1c2ccccc2c2ccccc12,47.8,tg
*C1CC2CC(CC(C1)O2)OC(=O)NC1CCC(CC1)CC1CCC(CC1)NC(=O)O*,225.0,tg
*CC1(*)CCCCC1,6.3291,egc
*C(C*)OC(=O)C(C(C(C)C)C)(C)C,50.0,tg
*C(C*)C(=O)C,83.33,tg
*C(C*)c1c(cccc1)Br,148.5,tg
*N1C(=O)c2c(C1=O)cc(cc2)C(c1cc2c(C(=O)N(C2=O)CCCCCCCCC*)cc1)(C(F)(F)F)C(F)(F)F,122.5,tg
*O[Si](OC(CC*)C)(C)C,-88.0,tg
*Oc1ccc(cc1)C(c1ccc(cc1)OC(=O)c1cc(ccc1)C(=O)*)(c1ccccc1)c1ccccc1,229.0,tg
*c1nc(ccc1)c1cc(c(cc1)Oc1ccc(cc1)C(c1ccc(cc1)Oc1c(cc(cc1)*)C(F)(F)F)(C(F)(F)F)C(F)(F)F)C(F)(F)F,148.67,tg
*c1c2C(=O)N(C(=O)c2c(c2ccccc12)c1ccc(cc1)Oc1ccc(cc1)C(=O)c1ccc(cc1)Oc1ccc(cc1)*)c1ccc(cc1)Cl,272.0,tg
*c1cc2c(C(=O)N(C2=O)c2ccc(cc2)Oc2ccc(cc2)N2C(=O)c3c(C2=O)cc(cc3)C(=O)c2ccc(cc2)Oc2ccc(cc2)S(=O)(=O)c2ccc(cc2)Oc2ccc(cc2)C(=O)*)cc1,229.0,tg
*CNCO*,0.7624,eea
*N1C(=O)c2c(C1=O)cc(cc2)C(=O)c1cc2c(C(=O)N(C2=O)CCCCCOC(=O)OCCCCC*)cc1,77.0,tg
*OC(C)(C)C(*)=O,5.8214,egc
*C(=S)c1ccc(C(F)(F)C(*)(F)F)s1,1.985,nc
*c1cc2c(C(=O)N(C2=O)c2cc(ccc2)C(C(C(c2cc(ccc2)N2C(=O)c3c(C2=O)cc(cc3)C(C(C(C(*)(F)F)(F)F)(F)F)(F)F)(F)F)(F)F)(F)F)cc1,159.0,tg
*N1C(=O)c2c(C1=O)cc(cc2)S(=O)(=O)c1cc2c(C(=O)N(C2=O)CCCCCCOC(=O)CCCCCCC(=O)OCCCCCC*)cc1,46.0,tg
*OC(=O)c1ccc(cc1)c1ccc(cc1)C(=O)OCCCC*,70.0,tg
*C1(C(C(C(C1(F)F)(F)F)(C(*)(F)F)F)(F)F)F,117.0,tg
*c1cc2c(C(=O)N(C2=O)c2ccc(cc2)Oc2ccc(cc2)N2C(=O)c3c(C2=O)cc(cc3)C(=O)Nc2cc(ccc2)Oc2ccc(cc2)NC(=O)*)cc1,236.0,tg
*C(C*)(C(=O)OCC)CC,27.0,tg
*OCC(F)(F)C(*)(F)F,3.5,eps
*Nc1ccc(-c2ccc(C(*)=S)s2)cc1,3.1722,eea
*c1oc(=O)c2c(ccc(c2)Cc2ccc3c(c2)c(=O)oc(n3)CN2C(=O)c3c(C2=O)cc(cc3)C(c2cc3c(C(=O)N(C3=O)C*)cc2)(C(F)(F)F)C(F)(F)F)n1,218.0,tg
*c1ccc(cc1)c1ccc(cc1)C1(CCCCC1)*,287.0,tg
*N1C(=O)c2c(C1=O)cc(cc2)Oc1cc2c(C(=O)N(C2=O)c2c(ccc(c2)C(c2cc(c(cc2)OCCN(c2ccc(cc2)C=CC2=CC(=C(C#N)C#N)CC(C2)(C)C)C)*)(C(F)(F)F)C(F)(F)F)OCCN(c2ccc(cc2)C=CC2=CC(=C(C#N)C#N)CC(C2)(C)C)C)cc1,215.0,tg
*C(C*)(C(=O)O)C,182.64,tg
*N1C(=O)c2c(C1=O)cc(cc2)NC(=O)Nc1ccc(cc1)c1nc(cc(c1)c1ccc(cc1)c1ccccc1)c1ccc(cc1)NC(=O)Nc1cc2c(C(=O)N(C2=O)c2ccc(cc2)c2nc(cc(c2)c2ccc(cc2)c2ccccc2)c2ccc(cc2)*)cc1,272.0,tg
*c1cc2c(C(=O)N(C2=O)c2cc(c(cc2)Oc2ccc(cc2)N2C(=O)c3c(C2=O)cc(cc3)C(*)(C(F)(F)F)C(F)(F)F)O)cc1,277.33,tg
*C(=S)c1ccc(C(F)(F)C(*)(F)F)cc1,2.3476,egb
*c1c(nc2c(c1c1ccccc1)cc(cc2)c1cc2c(nc(c(c2c2ccccc2)c2ccc(cc2)c2ccc(cc2)*)c2ccccc2)cc1)c1ccccc1,372.0,tg
*C1C(=O)N(C(=O)C1C(C*)c1ccccc1)CCCCNC(=O)C(C(C(C(C(C(C(F)(F)F)(F)F)(F)F)(F)F)(F)F)(F)F)(F)F,113.0,tg
*Nc1ccc(cc1)Cc1ccc(cc1)NC(=O)c1cc(cc(c1)S(=O)(=O)c1ccccc1)C(=O)*,270.0,tg
*CNC(=O)NCOCO*,1.6883,nc
*C=CC1CC(*)C(C(F)(F)F)(C(F)(F)F)C1(F)F,5.3867,egc
*C(C*)(CC(=O)OCCOC)C(=O)OCCOC,29.0,tg
*Cc1ccc(C(=S)c2ccc(*)cc2)cc1,1.9675,nc
*N=P(*)(Oc1cc(ccc1)C)Oc1cc(ccc1)C,-25.0,tg
*C(=S)c1ccc(-c2ccc(-c3ccc(*)cc3)s2)cc1,1.8996,egb
*N1C(=O)C2C(C1=O)C(=CC(C2)C1C(=O)N(C(=O)C1)c1ccc(cc1)*)C,327.0,tg
*OC(=O)c1ccc(cc1)c1ccc(cc1)C(=O)OCCCCCCC*,41.71,tg
*NC(=O)c1ccc(-c2ccc(*)cc2)cc1,2.6675,egb
*Nc1cccc(NC(=O)CCCCCCC(*)=O)c1,4.8656,egc
*OP(=O)(Oc1ccc(cc1)C(c1ccc(cc1)*)(C)C)Oc1c(c(c(c(c1Cl)Cl)Cl)Cl)Cl,130.0,tg
*Cc1ccc(Oc2ccc(*)s2)cc1,1.0627,eea
*C(F)(F)C(=O)C(F)(F)O*,5.2431,egc
*[Si](C*)(CCCCC)CCCCC,-55.0,tg
*c1cc2c(C(=O)N(C2=O)c2ccc(cc2)Oc2ccc(cc2)N2C(=O)c3c(C2=O)cc(cc3)C(*)(C(F)(F)F)C(F)(F)F)cc1,304.1,tg
*CCCCCCCCNC(=O)CCCCCCCCCCC(=O)N*,5.8323,egc
*C(=S)c1ccc(C(F)(F)C(*)(F)F)cc1,1.9682,nc
*C(C*)c1ccc(cc1)C(=O)Cc1ccccc1,78.0,tg
*N(c1ccc(cc1)C=Cc1c(cc(c(c1)OC)C=Cc1ccc(cc1)*)OCC(CCCC)CC)c1ccccc1,147.0,tg
*N1C(=O)N(C(=O)C1=O)c1c(cccc1)CCc1ccc(cc1)N1C(=O)N(C(=O)C1=O)c1ccc(cc1)CCc1ccc(cc1)*,220.0,tg
*CCOC(=S)NC(=S)c1ccc(N*)cc1,5.413,ei
*c1cc2c(C(=O)N(C2=O)c2cc(ccc2)P(=O)(c2cc(ccc2)N2C(=O)c3c(C2=O)cc(cc3)C(=O)*)c2ccccc2)cc1,273.0,tg
*C1=NC2=CC(*)C=CC2=C1,3.2065,egc
*C1C(CC(C1)C=C*)([Si](O[Si](C)(C)C)(C)C)C#N,88.0,tg
*N1C(=O)c2c(C1=O)cc(cc2)c1cc2c(C(=O)N(C2=O)c2cc(cc(c2)C(=O)NCCCCCC)*)cc1,256.9,tg
*C(C*)(CC(=O)OCCOCCOCCOCCOCCOCCOCCOC)C(=O)OCCOCCOCCOCCOCCOCCOCCOC,-71.0,tg
*C(C*)(C(=O)OCCNC(C)(C)C)C,41.0,tg
*Oc1ccc(cc1)C(c1ccc(cc1)Oc1ccc(cc1)C(=O)c1c2c(ccc1)cccc2C(=O)c1ccc(cc1)*)(C)C,210.5,tg
*C(=O)Nc1ccc(NC(=O)c2ccc3c(c2)C(=O)N(c2cc(-c4nc5ccccc5s4)cc(N4C(=O)c5ccc(*)cc5C4=O)c2)C3=O)cc1,2.886,egc
*CC1(C)CC(N2C(=O)c3ccc(-c4ccc5c(c4)C(=O)N(*)C5=O)cc3C2=O)CC(C)(C)C1,3.6926,egc
*CCCCCNC(=O)CCCCCCCCC(=O)N*,5.6828,egc
*S(=O)c1ccc(cc1)Sc1ccc(cc1)Sc1ccc(cc1)Sc1ccc(cc1)*,133.0,tg
*C(F)(F)C(*)(F)OC(F)(F)F,8.2947,egc
*S(=O)(=O)NCCCCCNS(=O)(=O)c1cc(ccc1)*,74.0,tg
*Oc1ccc(cc1)NC(=C(C#N)C#N)c1cc(ccc1)C(=C(C#N)C#N)Nc1ccc(cc1)Oc1ccc(cc1)NC(=O)c1ccc(cc1)C(=O)Nc1ccc(cc1)*,274.0,tg
*c1nc2c(nc1c1ccccc1)cc(cc2)c1cc2c(nc(c(n2)c2ccccc2)c2ccc(cc2)Sc2ccc(cc2)*)cc1,288.0,tg
*C(=S)C(=O)CCNc1ccc(C(=S)c2ccc(*)cc2)cc1,6.47,eps
*CC(*)SC,5.023,egc
*N1C(=O)C(CC1=O)(SCCOCCSC1(C(=O)N(C(=O)C1)CCCCCCN1C(=O)C(C(C1=O)C)SCCOCCSC1C(=O)N(C(=O)C1C)CCCCCC*)C)C,78.0,tg
*OC(=O)CCCCC(=O)OCC(C*)CCCCCCOc1ccc(cc1)N=Nc1ccc(cc1)Cl,9.0,tg
*N1C(=O)c2c(C1=O)cc(cc2)Oc1cc2c(C(=O)N(C2=O)CCCCCCCCCC*)cc1,91.5,tg
*C1CC(*)OC(O)O1,6.5343,egc
*OC(=O)CCCCCN(c1ccc(cc1)N=Nc1ccc(cc1)S(=O)(=O)CCCCCC*)C,60.5,tg
*N1C(=O)C(=C(C1=O)c1ccccc1)c1ccc(cc1)C1=C(C(=O)N(C1=O)c1ccc(cc1)Oc1ccc(cc1)*)c1ccccc1,275.0,tg
*NC(C(=O)*)CCC(=O)OCCCC,-39.33,tg
*NC(=O)c1ccc(cc1)CC(=O)NCCCCC*,103.0,tg
*Oc1cc(c(cc1)S(=O)(=O)c1ccc(cc1)Oc1ccc(cc1)C(c1ccc(cc1)*)(C)C)N,202.0,tg
*S(=O)(=O)c1ccc(cc1)Nc1cc(ccc1)Nc1ccc(cc1)*,145.0,tg
*CCCc1ccc(*)cc1,1.7489,nc
*c1ccc(Oc2ccc(-c3cc(-c4ccccc4)c4cc5nc(*)cc(-c6ccccc6)c5cc4n3)cc2)cc1,2.7429,egc
*c1ccc(-c2nnc(-c3cccc(-c4nnc(*)o4)n3)o2)cc1,3.8824,egc
*C(C*)c1ccc(cc1)C(=O)OCCN(CC)CC,74.0,tg
*NC(=O)c1ccc(cc1)C(=O)NCC(CC(CC*)C)(C)C,143.84,tg
*c1cc2c(C(=O)N(C2=O)c2ccc(cc2)Oc2ccc(cc2)C(c2ccc(cc2)Oc2ccc(cc2)N2C(=O)c3c(C2=O)cc(cc3)C(=O)Nc2ccc(cc2)Oc2ccc(cc2)c2ccc(cc2)Oc2ccc(cc2)NC(=O)*)(C)C)cc1,283.0,tg
*c1cc2c(C(=O)N(C2=O)c2ccc(cc2)Oc2cc3c(cc2)ccc(c3)Oc2ccc(cc2)N2C(=O)c3c(C2=O)cc(cc3)C(*)(C(F)(F)F)C(F)(F)F)cc1,302.3,tg
*N1C(=O)C2C(C1=O)C(Cc1ccccc21)C1C(=O)N(C(=O)C1)c1cc(cc(c1)C(=O)OCCCCCC)*,249.43,tg
*CC(C)(CC)CO*,5.6322,egc
*Cc1c(O)c(C(C)=O)cc(CNC(=S)N*)c1OC,3.7679,egc
*Oc1ccc(cc1)OC(=O)c1c(cc(cc1)C(=O)*)Oc1ccc(cc1)F,106.0,tg
*Oc1ccc(cc1)C(c1ccc(cc1)OCC(COc1c(cc(cc1Cl)C(c1cc(c(c(c1)Cl)OCC(C*)O)Cl)(C)C)Cl)O)(C)C,100.0,tg
*Cc1ccc(C*)cc1,6.2134,ei
*c1cc(C)c(*)s1,1.9299,egc
*OCCOCCOCCCNC(=O)CNC(=O)C(NC(=O)CCCCCCCCC(=O)NC(C(=O)NCC(=O)NCCC*)Cc1ccccc1)Cc1ccccc1,36.0,tg
*c1ccc(-c2ccc(N3C(=O)c4ccc(Oc5ccc6c(c5)C(=O)N(*)C6=O)cc4C3=O)cc2C)c(C)c1,3.2926,egc
*OC(=O)c1cc(ccc1)C(=O)OCCC*,36.0,tg
*c1cc2c(C(=O)N(C2=O)c2c(cc(cc2)C(c2cc(c(cc2)C)N2C(=O)c3c(C2=O)cc(cc3)C(*)(C(F)(F)F)C(F)(F)F)(C(F)(F)F)C(F)(F)F)C)cc1,266.0,tg
*C(=C(*)Cl)c1ccccc1,215.0,tg
*Nc1cccc(C(*)=O)c1,3.2399,egb
*CC(COc1ccc(-c2ccc(C#N)cc2)cc1)O*,4.4378,egc
*C(C*)(C(=O)OC1CCCCCCCCCCC1)C,56.0,tg
*CCCCSCCS*,4.9438,egb
*Oc1ccc(cc1)Sc1ccc(cc1)OC(=O)*,110.0,tg
*Oc1ccc(cc1)NC(=O)Nc1c(cccc1)CCc1c(cccc1)NC(=O)Nc1ccc(cc1)*,232.0,tg
*CCCN*,3.03,eps
*Oc1ccc(C=Nc2ccc(N=Cc3ccc(*)cc3)cc2)cc1,2.8416,egc
*Oc1ccc(C(=O)c2ccc(*)cc2)cc1,1.9173,nc
*NNC(=O)c1cc(cc(c1)NC(=O)c1cc2c(C(=O)N(C2=O)c2ncccc2C)cc1)C(=O)NNC(=O)CC(=O)*,156.3,tg
*N1CCN(CC1)C(=O)CCCCCCCCC(=O)*,70.4,tg
*CC(O)CN(*)c1cc(C)c(N=Nc2ccc(Cl)cc2)c(C)c1,2.6365,egc
*c1cc2c(C(=O)N(C2=O)c2ccc(cc2)Oc2cc(ccc2)Oc2ccc(cc2)N2C(=O)c3c(C2=O)cc(cc3)C(=O)Nc2ccc(cc2)Oc2c(cccc2)c2c(cccc2)Oc2ccc(cc2)NC(=O)*)cc1,229.0,tg
*C(=S)c1ccc(C(F)(F)C(*)(F)F)s1,2.1029,egb
*COCOCCCO*,0.6927,eea
*c1ccc(-c2nc3cc(-c4ccc5oc(*)nc5c4)ccc3o2)cc1,3.1145,egc
*CCCCOC(=O)Cc1ccc(CC(=O)O*)cc1,5.4635,egc
*CCOCCOCCOC(=O)c1cccc(C(=O)O*)c1,4.9478,egc
*Oc1c(cc(c(c1)C(=O)c1ccccc1)Oc1ccc(cc1)*)C(=O)c1ccccc1,137.0,tg
*Oc1cc(ccc1)Oc1cc(c(cc1)C(=O)O)C(=O)Nc1ccc(cc1)Oc1ccc(cc1)c1ccc(cc1)Oc1ccc(cc1)NC(=O)c1c(ccc(c1)*)C(=O)O,100.0,tg
*c1oc(nn1)c1ccc(cc1)Oc1ccc(cc1)NC(=O)c1cc(cc(c1)N1C(=O)c2c(C1=O)cccc2)C(=O)Nc1ccc(cc1)Oc1ccc(cc1)*,285.0,tg
*Oc1ccc(cc1)C1(c2ccccc2C(=O)c2ccccc12)c1ccc(cc1)OC(=O)c1ccc(cc1)C(=O)*,400.0,tg
*C(=O)c1ccc(OC(*)=S)cc1,3.2631,eea
*NNC(=O)c1cccc(C(=O)NNC(=O)C(*)=O)c1,4.3275,egc
*NC(=O)OC(*)=O,8.2121,ei
*C1C=CC(*)C1,5.7164,egc
*NC(C)CCCCC(*)=O,5.5854,egc
*CC(=O)CC(*)=S,3.0632,eea
*N1C(=O)c2c(C1=O)cc(cc2)Oc1ccc(cc1)C(c1ccc(cc1)Oc1cc2c(C(=O)N(C2=O)c2ccc(cc2)Oc2ccc(cc2)C(c2ccc(cc2)Oc2ccc(cc2)*)(C)C)cc1)(C)C,205.0,tg
*CC#CCOC(=O)CCC(=O)O*,5.9483,egc
*c1cc(C=NC(=S)Nc2ccc(-n3c(=O)c4cc5c(=O)n(*)c(=O)c5cc4c3=O)cc2)ccc1Cl,2.0293,egc
*N1C(=O)c2c(C1=O)cc(cc2)C(=O)c1cc2c(C(=O)N(C2=O)CCC(=O)Nc2ccc(cc2)Oc2ccc(cc2)NC(=O)CC*)cc1,232.0,tg
*CC(OC)C1C(=O)OC(=O)C1*,5.9975,egc
*CCCCCOC(=O)O*,1.6374,nc
*CCCCCn1c(=O)c2ccc3c4ccc5c(=O)n(*)c(=O)c6ccc(c7ccc(c1=O)c2c37)c4c56,1.9902,egc
*c1c(cc(c(c1)OCCCC)*)OCCCC,37.0,tg
*OC(F)(F)c1ccc(C(*)(F)F)s1,3.93,eps
*Oc1ccc(cc1)Oc1cc(c(cc1)C(=O)c1ccccc1)c1c(ccc(c1)*)C(=O)c1ccccc1,156.0,tg
*C(C*)C(=O)Oc1ccc(cc1)N=Nc1ccc(cc1)[N+](=O)[O-],128.2,tg
*OC(=O)OCCCCCCCCOC(=O)OC1COC2C(*)COC12,6.6539,egc
*N(CC*)C(=O)c1c(ccc(c1)F)F,112.0,tg
*C(C*)(C(=O)OCC(C(F)F)(F)F)C,80.0,tg
*Oc1ccc(cc1)NC(=O)c1c(ccc(c1)C(c1cc(c(cc1)C(=O)O)C(=O)Nc1ccc(cc1)Oc1ccc(cc1)C(c1ccc(cc1)*)(C(F)(F)F)C(F)(F)F)(C(F)(F)F)C(F)(F)F)C(=O)O,260.0,tg
*Oc1cccc(*)c1,4.9932,egc
*N1C(=O)c2c(C1=O)cc(cc2)Oc1cc2c(cc1)ccc(c2)Oc1cc2c(C(=O)N(C2=O)c2ccc(cc2)C(c2ccc(cc2)C(c2ccc(cc2)*)(C)C)(C)C)cc1,246.0,tg
*C=Cc1ccc(*)c(F)c1,2.259,egc
*CCc1ccc(C(*)=S)s1,3.3272,eea
*C(=O)CC(F)(F)C(*)(F)F,7.9225,ei
*c1nc(nc(n1)c1ccc(cc1)Oc1ccc(cc1)c1ccc(cc1)Oc1ccc(cc1)*)c1ccccc1,241.0,tg
*CCCC(*)=S,2.3997,eea
*Oc1ccc(N=CNc2ccc(*)cc2)cc1,3.7365,egc
*NOC(=O)NCC(=O)NC(*)=O,5.02,eps
*Oc1cc(ccc1)NC(=O)CCCCCCCCCC(=O)Nc1ccc(cc1)*,110.0,tg
*C1C(=O)OC(=O)C1C1C2CC(C(C1*)C2)COCCC,209.0,tg
*NC(CC(=O)OCc1ccccc1)C(*)=O,5.316,egc
*Oc1c(cc(cc1)OC(=O)c1c(cc(cc1)c1ccc(cc1)C(=O)*)c1ccccc1)C(c1ccccc1)(C)C,146.0,tg
*C(C*)c1c(cccc1)C(=O)OCCN(C)C,69.0,tg
*c1oc(nn1)c1c2c(c(cc1)c1oc(nn1)c1ccc(cc1)[Si](c1ccc(cc1)*)(c1ccccc1)c1ccccc1)cccc2,271.5,tg
*CC(*)C(=O)Oc1ccc(Cl)cc1,2.4559,egc
*C(C*)c1ccc(cc1)COCCC(C(C(C(C(C(C(C(F)(F)F)(F)F)(F)F)(F)F)(F)F)(F)F)(F)F)(F)F,53.33,tg
*NNC(=O)c1c(cc(cc1)C(=O)*)OCC,240.0,tg
*CCc1nnc(*)n1N,5.722,egc
*c1cc2c(C(=O)N(C2=O)c2ccc(cc2)C2(CCC(CC2)CC)c2ccc(cc2)NC(=O)*)cc1,312.0,tg
*Oc1cc(OC(=O)c2ccc(OCCCC)cc2)c(OC(=O)CCCC(*)=O)cc1OC(=O)c1ccc(OCCCC)cc1,4.3317,egc
*CC(*)(C)C(=O)Nc1cccc(-c2nnc(-c3ccccc3)o2)c1,3.5944,egc
*N1C(=O)c2c(C1=O)cc(cc2)Oc1c(cc(cc1C)c1cc(c(c(c1)C)Oc1cc2c(C(=O)N(C2=O)c2ccc(cc2)Oc2ccc(cc2)*)cc1)C)C,299.0,tg
*OP(=O)(OCCCCCCCCOc1c(cc(cc1)C=C1C(=O)C(=Cc2cc(c(cc2)OCCCCCCCC*)OC)CC1)OC)OCC,62.0,tg
*CCCCOC(=O)CCCCS(=O)(=O)CCCCC(=O)O*,6.544,egc
*C=C(*)c1ccsc1,2.2157,egc
*CC(*)=C,5.3034,egc
*CNC(=O)C(*)=S,7.0203,ei
*Oc1ccc(cc1)C1(CCCC1)c1ccc(cc1)OC(=S)*,79.0,tg
*Cc1ccc(CO*)cc1,4.8019,egb
*Oc1ccc(cc1)Oc1ccc(cc1)OCCCCCCOC(=O)OCCCOC(=O)OCCCCCC*,-6.0,tg
*c1nc2c(cc1)cc(cc2)C(=O)c1ccc(cc1)Oc1c(cc(c(c1C)C)c1c(c(c(c(c1)C)Oc1ccc(cc1)C(=O)*)C)C)C,250.0,tg
*S(=O)(=O)c1ccc(cc1)NC(=O)c1cc(cc(c1)NC(=O)c1ccc(cc1)NC(=O)C(N1C(=O)c2c(C1=O)cccc2)C)C(=O)Nc1ccc(cc1)*,208.0,tg
*Nc1ccc(C(*)=O)cc1,3.7503,egc
*C(C=C1)=CC=C1C(C=C2)=CC=C2C(S3)=CC=C3O*,3.3694,egc
*N1C(=O)C2C3C4C(C(C2C1=O)C=C3)C(=O)N(C4=O)c1ccc(cc1)Sc1cc2c(C(=O)N(C2=O)CCc2ccccc2)cc1Sc1ccc(cc1)*,258.0,tg
*c1nc(nc(n1)C(C(C(C(C(C(*)(F)F)(F)F)(F)F)(F)F)(F)F)(F)F)C(C(C(F)(F)F)(F)F)(F)F,-11.0,tg
*c1cc2c(C(=O)N(C2=O)c2c(cc(cc2C)C(c2cc(c(c(c2)C(C)C)N2C(=O)c3c(C2=O)cc(cc3)C(*)(C(F)(F)F)C(F)(F)F)C)(c2ccccc2)C(F)(F)F)C(C)C)cc1,289.0,tg
*NC(=O)c1ccc(-c2ccc(*)s2)cc1,6.1434,ei
*CCCCCCCNC(=O)C(OC)C(OC)C(=O)N*,5.7148,egc
*CC(*)c1ccc(C)cc1C,4.8585,egc
*Oc1ccc(cc1)S(=O)(=O)c1ccc(cc1)Oc1ccc(cc1)NC(=O)c1cc(ccc1)C(=O)Nc1ccc(cc1)*,260.0,tg
*c1oc(nn1)c1sc(c(c1)CCCCCCCC)c1sc(cc1)c1sc(cc1CCCCCCCC)c1oc(nn1)c1c(cc(c(c1)OCCCCCCCC)*)OCCCCCCCC,34.1,tg
*C(C*)N,57.0,tg
*OCC(C*)(CSC)CSC,-6.0,tg
*C(C*)C(=O)OCCCCCCCCCCCCOc1ccc(cc1)C(=O)Oc1ccc(cc1)c1cc(ccc1)OC(=O)c1ccc(cc1)OC(=O)c1ccc(cc1)OCCCCCCCCCCCC,67.0,tg
*COC(=S)O*,2.0771,eea
*CC(C)(C)C(=O)N*,5.6887,egc
*O[Si](OCCOc1ccc(cc1)C1(c2ccccc2c2ccccc12)c1ccc(cc1)OCC*)(c1ccccc1)c1ccccc1,97.0,tg
*N(CC(C*)O)c1cc(cc(c1)C)C,80.0,tg
*CCCCOC(=O)SSC(=O)O*,4.2442,egc
*N1C(=O)c2c(C1=O)cc(cc2)c1cc2c(C(=O)N(C2=O)C2C(CC(CC2)CC2CC(C(CC2)*)C)C)cc1,260.0,tg
*c1ccc(-c2ccc3nc(Oc4cc(-c5ccccc5)c5cc(*)ccc5n4)cc(-c4ccccc4)c3c2)cc1,3.4645,egc
*NC(=S)Nc1ccc(Cc2ccc(*)cc2)cc1,3.7898,egb
*c1nc(ccc1)Oc1ccc(cc1)Oc1ccc(cc1)P(=O)(c1ccc(cc1)Oc1ccc(cc1)O*)c1ccccc1,164.0,tg
*O[Si](*)(CCCOCCOCCOC)CCCOCCOCCOC,-63.4,tg
*Cc1ccc(-c2ccc(N*)cc2)cc1,5.1363,ei
*c1cc2c(C(=O)N(C2=O)c2cc(cc(c2)c2c(=O)oc3c(cccc3)n2)N2C(=O)c3c(C2=O)cc(cc3)C(=O)*)cc1,95.0,tg
*c1cccc(*)c1N,3.8845,egc
*C(=S)Oc1ccc(-c2ccc(*)cc2)s1,5.9399,ei
*Oc1cc(ccc1)NC(=O)c1ccc(cc1)C(=O)Nc1ccc(cc1)Oc1ccc(cc1)C(=O)c1ccc(cc1)*,126.0,tg
*C1(OC(C(O1)(F)F)(F)F)C(*)(F)F,103.5,tg
*N1C(=O)c2c(C1=O)c(ccc2)Oc1c(cc(cc1C)Cc1cc(c(c(c1)C)Oc1c2c(C(=O)N(C2=O)c2c(cc(cc2)Oc2ccc(cc2)Oc2cc(c(cc2)*)C)C)ccc1)C)C,238.0,tg
*Cc1ccc(-c2ccc(C(*)=S)s2)cc1,5.8475,ei
*C(=O)Nc1cc(NC(=O)c2ccc(*)o2)c(N)cc1N,2.8199,egc
*CO*,6.6048,egc
*Oc1ccc(CC(*)=O)cc1,1.5033,eea
*C(C=C1)=CC=C1C(S2)=CC=C2C(S3)=CC=C3C(S4)=CC=C4*,2.0066,egc
*O[Si](*)(CCCOc1ccc(cc1)C(=O)OC1CC2=CCC3C(CCC4(C(CCC34)C(CCCC(C)C)C)C)C2(CC1)C)C,61.1,tg
*c1cc(OCCOCCCC)c(*)s1,2.819,egc
*Nc1c(cc(cc1)NC(=O)c1ccc(cc1)NC(=O)CCCCCCCCCCC(=O)Nc1ccc(cc1)C(=O)*)C(=O)OCCCCCCCCCCCC,205.5,tg
*N1C(=O)c2c(C1=O)cc(cc2)c1ccc(cc1)c1cc2c(C(=O)N(C2=O)CCCCCCCCC*)cc1,104.0,tg
*Oc1ccc(cc1)C(c1ccc(cc1)OC(=O)Nc1ccc(cc1)Cc1ccc(cc1)NC(=O)*)(C(F)(F)F)C(F)(F)F,81.0,tg
*CC(F)(F)C(F)(F)C(F)(F)C(F)(F)COC(=O)NCCCCCCNC(=O)O*,6.4368,egc
*Nc1ccc(Nc2ccc(*)s2)s1,1.4393,eea
*c1ccc2oc(-c3ccc4nc(*)oc4c3)nc2c1,2.116,nc
*Nc1cc(OC)c(*)cc1OC,3.2172,egc
*OC(=S)c1ccc(C(*)=O)s1,2.068,nc
*c1nc(nc(n1)c1ccc(cc1)Oc1ccc(cc1)Sc1ccc(cc1)Oc1ccc(cc1)*)c1ccccc1,211.0,tg
*c1ccc(*)n1CC(=O)OC,2.6899,egc
*C(C*)OC(=O)c1ccc(cc1)C(C)C,65.65,tg
*Oc1ccc(cc1)S(=O)(=O)c1ccc(cc1)OCC(C*)OC(=O)C,130.0,tg
*OC(=O)CCCCC(=O)OCCC(CC*)C,-78.6,tg
*NOC(F)(F)C(*)(F)F,3.73,eps
*OC(F)(F)C(*)(F)F,9.8627,egc
*N1C(=O)c2c(C1=O)c(ccc2)Oc1c(cc(cc1C)c1cc(c(c(c1)C)Oc1c2c(C(=O)N(C2=O)c2cc(ccc2)*)ccc1)C)C,311.0,tg
*C(C*)(C(=O)OCC(=O)c1ccccc1)C,92.5,tg
*C(C*)c1ccc(cc1)C([Sn](C)(C)C)[Sn](C)(C)C,140.0,tg
*[Si](C*)(CCCOCCOCCOC)C,-73.3,tg
*c1ccc(-c2nc3ccc(Oc4ccc5nc(*)c(-c6ccccc6)nc5c4)cc3nc2-c2ccccc2)cc1,3.199,egc
*OC(=O)OCCC*,-22.38,tg
*CCC(=O)N*,5.6558,egc
*N1C(=O)C(CC1=O)SCCOCCSC1C(=O)N(C(=O)C1)c1ccc(cc1)C(=O)Oc1cc2c(cc1)ccc(c2)OC(=O)c1ccc(cc1)*,160.0,tg
*c1cccc(-c2nc3cc(-c4ccc5oc(*)nc5c4)ccc3o2)c1,3.5152,egc
*CCCC1CCN(C(=O)SSCCCCSSC(=O)N2CCC(*)CC2)CC1,5.001,egc
*NC(CCC(=O)OCCCCCCCC)C(*)=O,5.9976,egc
*NNC(=O)c1ccc(C(*)=O)cc1OCCCCCCCC,4.1277,egc
*N1C(=O)c2c(C1=O)cc(cc2)c1cc2c(C(=O)N(C2=O)c2ccc(cc2)C(=O)Nc2cc(ccc2)Oc2ccc(cc2)S(=O)(=O)c2ccc(cc2)Oc2cc(ccc2)NC(=O)c2ccc(cc2)*)cc1,262.0,tg
*c1cc2c(C(=O)N(C2=O)c2ccc(cc2)c2sc(c(c2c2ccccc2)c2ccccc2)c2ccc(cc2)N2C(=O)c3c(C2=O)cc(cc3)C(=O)Nc2ccc(cc2)Oc2ccc(cc2)NC(=O)*)cc1,320.0,tg
*c1c([nH]c(n1)c1cc(ccc1)c1[nH]c(c(n1)c1ccc(cc1)Oc1ccc(cc1)C(=O)c1ccc(cc1)Oc1ccc(cc1)*)c1ccccc1)c1ccccc1,279.0,tg
*C(F)(F)C1(F)C(F)(F)C(*)(F)C(F)(F)C(F)(F)C(F)(F)C1(F)F,7.4251,egc
*c1ccc(C(F)(F)NC(*)(F)F)cc1,1.7422,nc
*O[Si](Oc1c(cc(cc1)C1(c2ccccc2c2ccccc12)c1cc(c(cc1)*)C)C)(c1ccccc1)c1ccccc1,171.0,tg
*N1C(=O)c2c(C1=O)cc(cc2)C(c1cc2c(C(=O)N(C2=O)CCN(CC*)c2ccc(cc2)N=Nc2ccc(cc2)C=O)cc1)(C(F)(F)F)C(F)(F)F,170.0,tg
*C(C*)c1c(cccc1Cl)Cl,165.0,tg
*Nc1ccc(NC(=O)NC(=O)NC(*)=O)s1,5.34,eps
*CCCCCCOc1ccc(C(=O)N(C(=O)c2ccc(O*)cc2)c2ccccc2)cc1,3.9898,egc
*OP(=O)(OCCCCCCCCCCOc1ccc(cc1)C=Cc1ccc(cc1)OCCCCCCCCCC*)OCCCCCCCCCCOc1ccc(cc1)N=Nc1ccc(cc1)Cl,60.0,tg
*Oc1ccc(cc1)CC(NC(=O)CCc1ccc(cc1)OC(=O)CCCCCCCCC(=O)*)C(=O)OCCCC,30.0,tg
*C(=O)Nc1nc(*)c(C#N)n1C,4.3854,egc
*NC(C=C1)=CC=C1C(=O)C(=S)*,2.378,egc
*CCCCCCCOC(=O)C(=O)O*,5.2465,egc
*OC(=C(C)C)C(C)(C)C(*)=O,4.7881,egc
*NC(=O)CCP(=O)(CCC(=O)NCCCCCCCCCC*)C,45.5,tg
*N1C(=O)c2c(C1=O)cc(cc2)Oc1ccc(cc1)Oc1cc2c(C(=O)N(C2=O)c2c(cc(c(c2C)*)C)C)cc1,345.0,tg
*OC(COC(=O)c1ccc(cc1)c1ccc(cc1)C(=O)*)COc1ccc(cc1)N=Nc1ccc(cc1)C#N,141.0,tg
*Oc1ccc(cc1)C(=O)OC(=O)c1ccc(cc1)OCCCC*,45.0,tg
*CNC(=S)c1ccc(*)cc1,5.75,ei
*CC1CC(*)CN(c2nc(N)nc(N)n2)C1,5.1254,egc
*NC(=O)CCCCC(=O)NCCCCCCCCCC*,45.0,tg
*N1C(=O)c2c(C1=O)cc(cc2)c1cc2c(C(=O)N(C2=O)c2cc(c(c(c2)C(=O)OCCCC)c2c(cc(cc2Br)*)C(=O)OCCCC)Br)cc1,196.0,tg
*OC(F)(F)C(=S)C(*)(F)F,4.3264,eea
*c1n(c(nn1)c1ccc(cc1)Oc1ccc(cc1)C(c1ccc(cc1)Oc1ccc(cc1)*)(C(F)(F)F)C(F)(F)F)c1ccc(cc1)S(=O)(=O)c1ccccc1,211.0,tg
*c1nc2c(c(c1)c1ccc(cc1)Oc1ccc(cc1)c1cc(nc3c1cccc3)c1ccc(cc1)Oc1ccc(cc1)*)cccc2,275.67,tg
*CC(O)CO*,6.5192,egc
*c1cc2c(C(=O)N(C2=O)c2ccc(cc2)C(c2ccc(cc2)N2C(=O)c3c(C2=O)cc(cc3)C(*)(C(F)(F)F)C(F)(F)F)(c2ccccc2)C(F)(F)F)cc1,305.0,tg
*C1(C(=O)N(C(=O)C1)c1ccccc1)C*,236.0,tg
*CCCCCCOC(=O)CCCC(=O)O*,6.6665,egc
*N1C(=O)c2c(C1=O)cc(cc2)Oc1cc2c(cc1Oc1cc3c(C(=O)N(C3=O)c3ccc(cc3)Oc3ccc(cc3)Oc3ccc(cc3)*)cc1)cccc2,224.5,tg
*C(C*)C(=O)OCC(CCCC)CC,-62.58,tg
*Oc1ccc(-c2ccc(-c3ccc(*)cc3)s2)cc1,5.1678,ei
*OC(C)C(*)=O,5.9945,egc
*N1C(=O)c2c(C1=O)cc(cc2)c1cc2c(C(=O)N(C2=O)c2ccc(cc2)Oc2c(cc(cc2)Oc2ccc(cc2)*)C)cc1,265.0,tg
*CCCCCCCCCNC(=O)NCCCCCCNC(=O)N*,5.7131,egc
*C(=O)NC(F)(F)C(*)(F)F,5.4991,egb
*OC(C)CCOC(=O)c1cccc(C(*)=O)c1,5.0532,egc
*CC(C)(COC(=O)NCCCCCCNC(=O)O*)C(=O)O,6.2179,egc
*N1C(=O)c2c(C1=O)cc(cc2)NC(=O)Nc1nc(ccc1)NC(=O)Nc1cc2c(C(=O)N(C2=O)c2ccc(cc2)Oc2c(c3c(cc2)cccc3)c2c3c(ccc2Oc2ccc(cc2)*)cccc3)cc1,283.0,tg
*Nc1cc(ccc1)NC(=O)c1cc(cc(c1)S(=O)(=O)c1ccccc1)C(=O)*,277.0,tg
*CCCN*,1.6776,nc
*Oc1ccc(cc1)S(=O)(=O)c1ccc(cc1)Oc1ccc(cc1)C=C1C(=O)C(=Cc2ccc(cc2)*)CCCC1,186.0,tg
*OC(=O)NCCCCCCNC(=O)OCCCCCOC(=O)c1c(cccc1)C(=O)O[Pb]OC(=O)c1c(cccc1)C(=O)OCCCCC*,-19.2,tg
*c1cc2c(C(=O)N(C2=O)c2cc(ccc2)P(=O)(c2cc(ccc2)N2C(=O)c3c(C2=O)cc(cc3)C(=O)Nc2nc(ccc2)NC(=O)*)c2ccccc2)cc1,156.0,tg
*NC(=O)c1c(cc(cc1)C(=O)NCCCCCCCCCC*)Oc1ccccc1,94.0,tg
*c1oc(nn1)c1oc(cc1)c1oc(nn1)c1ccc(cc1)[Si](c1ccc(cc1)*)(c1ccccc1)c1ccccc1,264.0,tg
*c1oc2c(n1)cc(cc2)c1cc2c(oc(n2)CN2C(=O)c3c(C2=O)cc(cc3)C(c2cc3c(C(=O)N(C3=O)C*)cc2)(C(F)(F)F)C(F)(F)F)cc1,231.0,tg
*C(C*)C(=O)OCC(C)(C)C,22.0,tg
*CCCC(*)=S,2.9464,egb
*CC(=O)Nc1ccc(*)cc1,1.8294,nc
*CNON*,5.3302,egc
*c1ccc(-n2ccc(-c3cccc(-c4ccn(*)n4)c3)n2)cc1,3.7316,egc
*NC(C)=CC(*)=O,3.6072,egc
*C(C*)(C(=O)OCCCCCCCCCCn1c2ccc(cc2c2ccccc12)N=Nc1ccc(cc1)[N+](=O)[O-])C,36.0,tg
*COc1ccc(O*)s1,5.7358,ei
*OC(F)(F)OC(*)(F)F,3.8,eps
*c1ccc(-c2cnc3ccc(-c4ccc5ncc(*)nc5c4)cc3n2)cc1,3.3577,egc
*SC(=O)N(CC*)Cc1ccccc1,32.0,tg
*C(C*)(C(=O)OCCCCCCCCCCOc1ccc(cc1)C(=O)Oc1ccc(cc1)C(=O)C=Cc1c(c2c(n1C)cccc2)C)C,72.0,tg
*OC(=O)NCCCCCCCCCCNC(=O)OCC*,60.8,tg
*C(=O)OC1CC(*)N(C(=O)OCc2ccccc2)C1,5.588,egc
*c1cc2c(C(=O)N(C2=O)c2ccc(cc2)Oc2ccc(cc2)C2(c3c(C(=O)N2)cccc3)c2ccc(cc2)Oc2ccc(cc2)N2C(=O)c3c(C2=O)cc(cc3)C(=O)Nc2cc(ccc2)Oc2ccc(cc2)NC(=O)*)cc1,302.0,tg
*c1nc2c(c(c1c1ccccc1)c1ccccc1)cc(cc2)c1cc2c(nc(c(c2c2ccccc2)c2ccccc2)c2ccc(cc2)*)cc1,376.25,tg
*OC(=O)CCCCCCCCC(=O)OCC*,-37.16,tg
*C(C*)(C(=O)Oc1c(cccc1C)C)C,169.0,tg
*NC(=O)C(C=C1)=CC=C1C(S2)=CC=C2*,4.012,egc
*CCNC(C=C1)=CC=C1*,4.1674,egc
*c1cc2c(C(=O)N(C2=O)c2ccc(cc2)S(=O)(=O)c2ccc(cc2)N2C(=O)c3c(C2=O)cc(cc3)C(=O)Nc2ccc(cc2)Oc2ccc(cc2)NC(=O)*)cc1,281.0,tg
*CCCCCNC(=O)C(CCCCCCCCCCCC)C(=O)N*,5.7457,egc
*Nc1ccc(cc1)c1ccc(cc1)NC(=O)c1cc(cc(c1)NC(=O)c1ccc(cc1)NC(=O)C(N1C(=O)c2c(C1=O)cccc2)C)C(=O)*,202.0,tg
*CCCC(C=C1)=CC=C1*,4.9932,egc
*CC(*)C(=O)OCCSCC#N,5.2595,egc
*CC(*)c1ccc(C(=O)CCN2CCCCC2)cc1,2.7084,egc
*CCCCCCCCC(*)Cl,6.9974,egc
*NC(CCCCNC(=O)CCCCC(*)=O)C(=O)O,5.7987,egc
*c1nc2c(nc1)cc(cc2)c1cc2c(nc(cn2)c2ccc(cc2)c2ccc(cc2)*)cc1,345.5,tg
*C(C*)c1c2c(ccc1)cccc2,159.0,tg
*CC(CCl)(CCl)COC(=O)C(=O)O*,5.906,egc
*c1ccc(-c2ccc(-c3ccc(-n4c(=O)c5cc6c(=O)n(*)c(=O)c6cc5c4=O)cc3)cc2)cc1,2.1515,egc
*Oc1cc(OC(=O)c2ccc(C=Nc3ccc(OCCCCCCOc4ccc(N=Cc5ccc(C(*)=O)cc5)cc4F)c(F)c3)cc2)c(Cl)cc1Cl,2.9795,egc
*NC(=O)C(=S)O*,6.14,eps
*N1C(=O)C(CC1=O)(SCCOCCSC1(C(=O)N(C(=O)C1)c1ccc(cc1)Oc1ccc(cc1)N1C(=O)C(C(C1=O)C)SCCOCCSC1C(=O)N(C(=O)C1C)c1ccc(cc1)Oc1ccc(cc1)*)C)C,145.0,tg
*OC(=O)CCCCC(*)=O,6.1659,egc
*N1C(=O)c2c(C1=O)cc(cc2)C(=O)c1cc2c(C(=O)N(C2=O)CC(=O)Nc2ccc(cc2)Cc2ccc(cc2)NC(=O)C*)cc1,233.0,tg
*C(C(C(C*)c1ncccc1)c1ccccc1)c1ncccc1,150.0,tg
*CC(=O)c1ccc(C(*)=O)s1,1.9246,nc
*N=C1C=CC(*)C=C1Cl,4.0784,egc
*c1ccc(Cc2ccc(N3C(=O)C(=O)N(*)C3=O)cc2)cc1,3.5238,egc
*N=P(*)(OCCC)OCCC,-100.0,tg
*Oc1ccc(cc1)C(c1ccc(cc1)OC(=S)*)C,101.67,tg
*CC(*)C(=O)OCCC#N,6.4368,egc
*CC(C)(C)COC(=O)CCC(=O)O*,6.4486,egc
*c1ccc2ccc3c(*)cc(C#CC#C[Si](C)(C)C)c4ccc1c2c34,2.225,egc
*N1C(=O)c2c(C1=O)cc(cc2)Oc1ccc(cc1)C1(CCC(CC1)C(C)(C)C)c1ccc(cc1)Oc1cc2c(C(=O)N(C2=O)Oc2c(cc(cc2C)C(c2cc(c(c(c2)C)O*)C)(C)C)C)cc1,248.0,tg
*CCOCCOC(=O)O*,0.4954,eea
*CC#CC#CCOC(=O)CCC(=O)O*,4.9872,egc
*c1[nH]nc(c1)c1ccc(cc1)Oc1ccc(cc1)P(=O)(c1ccc(cc1)Oc1ccc(cc1)*)c1ccccc1,296.0,tg
*c1cc2c(C(=O)N(C2=O)c2c(cc(cc2)Cc2cc(c(cc2)N2C(=O)c3c(C2=O)cc(cc3)C(*)(C(F)(F)F)C(F)(F)F)C(C)(C)C)C(C)(C)C)cc1,274.0,tg
*N1C(=O)c2c(C1=O)cc(cc2)C(=O)c1cc2c(C(=O)N(C2=O)CCCC(=O)Nc2ccc(cc2)NC(=O)CCC*)cc1,209.0,tg
*CC(*)OC(=O)c1cccc(Cl)c1,1.7974,egc
*c1cc2c(C(=O)N(C2=O)c2cc(cc(c2)c2oc3c(n2)cccc3)N2C(=O)c3c(C2=O)cc(cc3)C(=O)Nc2cc(cc(c2)c2nc3c([nH]2)cccc3)NC(=O)*)cc1,371.0,tg
*c1ccc(cc1)C(*)C,79.43,tg
*C1CC(CC1)C=C*,39.97,tg
*N1C(=O)c2c(C1=O)cc(cc2)S(=O)(=O)c1cc2c(C(=O)N(C2=O)CCCCCCOC(=O)c2cc(cc(c2)OCCCCCCOc2ccc(cc2)N=Nc2ccc(cc2)C#N)C(=O)OCCCCCC*)cc1,83.0,tg
*CC1CCC(COCO*)CC1,6.4282,egc
*Oc1cc(ccc1)NC(=O)c1cc(ccc1)C(=O)Nc1ccc(cc1)*,236.75,tg
*Oc1ccc(cc1)C(=O)OCCCOC(=O)c1ccc(cc1)*,57.0,tg
*OC(=O)CCSCc1ccc(cc1)Cc1ccc(cc1)CSCCC(=O)OCCSCc1ccc(cc1)Cc1ccc(cc1)CSCC*,-4.6,tg
*C(=O)C(O)c1ccc(*)s1,4.0132,egc
*OP(=O)(Oc1c(cc(cc1Br)C(c1cc(c(c(c1)Br)*)Br)(C(F)(F)F)C(F)(F)F)Br)Oc1ccc(cc1)[N+](=O)[O-],154.0,tg
*Oc1ccc(cc1)N1ON1c1ccc(cc1)OCCCCCCOC(=O)C(C(=O)OCCCCCC*)c1ccccc1,23.0,tg
*CCCCCC[N+](C)(C)CCC[N+](*)(C)C,0.2161,egc
*OC(F)(C(*)(F)F)C(F)(F)F,8.6002,egc
*Oc1cc(ccc1)OC(=O)c1ccc(cc1)OC(=O)c1cc(ccc1)C(=O)Oc1ccc(cc1)C(=O)*,156.75,tg
*C(*)(F)Cl,3.6564,egc
*c1cc2c(C(=O)N(C2=O)c2ccc(cc2)C(=O)OCCOC(=O)*)cc1,280.0,tg
*Nc1ccc(-c2ccc(C(*)=S)s2)s1,3.3026,eea
*OP(=O)(Oc1c(c(c(c(c1Cl)Cl)*)Cl)Cl)Oc1ccc(cc1)Cl,119.0,tg
*Oc6ccc(Oc5ccc(OC(=O)c4ccc(C3(c1ccc(C(*)=O)cc1)OC(=O)c2ccccc23)cc4)cc5)cc6,3.6172,egc
*OC(=O)c1ccc(cc1)C(=O)OCCOC(=O)CCC(=O)OCC*,23.0,tg
*N1C(=O)c2c(C1=O)cc(cc2)P(=O)(c1cc2c(C(=O)N(C2=O)c2cc(cc(c2)C(F)(F)F)*)cc1)c1ccccc1,317.0,tg
*c1[nH]nc(c1)c1ccc(cc1)Oc1ccc(cc1)C(=O)c1cc(ccc1)C(=O)c1ccc(cc1)Oc1ccc(cc1)*,205.0,tg
*Oc1ccc(cc1)c1ccc(cc1)Oc1c(cc(cc1)c1ccc(cc1)c1cc(c(cc1)*)C(F)(F)F)C(F)(F)F,203.5,tg
*c1cc(CCCCCCCCCC2COC(C)(C)O2)c(*)s1,2.9938,egc
*Nc1c(Br)cc(C(*)=O)cc1Br,3.8726,egc
*Oc1c(cc(cc1)C(c1cc(c(cc1)OC(=O)c1ccc(cc1)C(=O)*)C(CC)C)(C)C)C(CC)C,90.0,tg
*CC(CC(*)(C#N)C#N)c1ccc(CCl)cc1,5.4178,egc
*CCCCNC(=O)CC(=O)N*,5.9986,egc
*C(C*)c1ccc(cc1)CCCCCC,-27.0,tg
*C(C*)c1cc(c(c(c1)OC)O)OC,147.0,tg
*C(CCCCC*)C,-66.0,tg
*Oc1ccc(cc1)Oc1ccc(cc1)C(=O)c1cc(ccc1)NC(=O)c1ccc(cc1)C(=O)Nc1cc(ccc1)C(=O)c1ccc(cc1)*,210.0,tg
*C(C*)OC(=O)c1cc(ccc1)Br,57.5,tg
*CCC(=O)Oc1ccc(OC(=O)CCN2CCN(*)C(C)C2)cc1,4.6472,egc
*OC(C*)(C)C,92.0,tg
*c1nc(ccc1)Oc1ccc(cc1)Oc1ccc(cc1)C(=O)c1ccc(cc1)Oc1ccc(cc1)O*,124.0,tg
*N1C(=O)c2c(C1=O)cc(cc2)C(=O)c1cc2c(C(=O)N(C2=O)CCCCCC*)cc1,127.0,tg
*Oc1ccc(cc1)Oc1ccc(cc1)Oc1cc(ccc1)C(=O)Oc1ccc(cc1)OC(=O)c1cc(ccc1)*,101.0,tg
*CC(=O)Oc1ccc(*)s1,1.8447,nc
*NC(=S)NC(*)=S,2.0315,egb
*CCCCCOC(=O)NCCCCCCNC(=O)O*,6.4123,egc
*OC1CCC(CC1)OC(=O)C(=O)*,139.6,tg
*Cc1ccc(C(=S)c2ccc(*)cc2)cc1,4.09,eps
*C(=CC(C*)C)C,2.08,tg
*C(C*)C(=O)OCCOc1ccc(cc1)C(c1ccc(cc1)OCCO)(C)C,22.0,tg
*Oc1ccc(cc1)CC(NC(=O)CCc1ccc(cc1)OC(=O)CCC(=O)*)C(=O)OCc1ccccc1,78.0,tg
*Oc1ccc(cc1)C(c1ccc(cc1)Oc1ccc(cc1)C(=O)Nc1cc(c(cc1)c1c(cc(cc1)NC(=O)c1ccc(cc1)*)C(F)(F)F)C(F)(F)F)(C(F)(F)F)C(F)(F)F,240.0,tg
*CCc1ccc(-c2ccc(*)s2)cc1,1.6982,eea
*Oc1c(cc(c(c1)OC(=O)c1ccc(cc1)OCCCC)OC(=O)C(CCC(=O)*)(C)C)OC(=O)c1ccc(cc1)OCCCC,61.0,tg
*N1C(=O)c2c(C1=O)c(ccc2)c1cc2c(C(=O)N(C2=O)c2cc(ccc2)OCCCCCOc2cc(ccc2)*)cc1,168.0,tg
*Oc1c2c(c(cc1)C=Cc1c(cc(c(c1)OC)C=Cc1c3c(c(cc1)OCCOCCOCC*)cccc3)OC)cccc2,79.5,tg
*c1ccc(Oc2ccc(-c3nnc(*)o3)cc2)cc1,3.7488,egc
*Nc1ccc(Nc2ccc(*)s2)cc1,5.07,eps
*CCCCCCCCCCOC(=O)c1cccc(C(=O)O*)c1,5.173,egc
*N1C(=O)c2c(C1=O)cc(cc2)Oc1ccc(cc1)C(c1ccc(cc1)Oc1cc2c(C(=O)N(C2=O)c2ccc(cc2)N(c2ccc(cc2)*)c2ccc(cc2)C#N)cc1)(C)C,230.0,tg
*OCC(C*)(CCl)CC,20.0,tg
*O[Si](O[Si](Oc1ccc(cc1)c1ccc(cc1)*)(C)C)(C)C,-4.0,tg
*C(C*)c1c(ccc(c1)C(=O)OCCCC)c1ccc(cc1)OCCCCCCCC,76.0,tg
*OC(=O)OC(*)=O,1.5714,nc
*Nc1ccc(NC(=O)NC(=O)NC(*)=O)s1,1.9797,nc
*N1C(CN(C(C1)C)C(=O)Nc1ccc(cc1)c1ccc(cc1)NC(=O)*)C,250.0,tg
*OC(=O)OCC1(CC=CCC1)C*,30.0,tg
*C(=S)CC(F)(F)C(*)(F)F,2.143,egb
*c1ccc(-c2ccc(-c3nc(CCCCCCCCCCCC)c(-c4sc(*)nc4CCCCCCCCCCCC)s3)s2)s1,2.2184,egc
*Oc1ccc(C(=O)Nc2ccc(SCCC(*)=O)cc2)cc1,3.9873,egc
*C(=O)Nc1ccc(C2(c3ccc(N4C(=O)c5ccc(*)cc5C4=O)cc3)CCC(C(C)(C)CC)CC2)cc1,2.8521,egc
*CC(*)(F)Cl,6.2438,egc
*CCCC(S1)=CC=C1*,4.7481,egc
*C1C[N+](CC1CC*)(C)C,8.0,tg
*C1=CC2=NC(*)=CC2=N1,1.3051,egc
*c1cc2c(C(=O)N(C2=O)c2ccc(cc2)C=Cc2ccc(cc2)N2C(=O)c3c(C2=O)cc(cc3)C(=O)*)cc1,303.0,tg
*N1C(=O)c2c(C1=O)cc(cc2)C(=O)c1cc2c(C(=O)N(C2=O)CCCC(=O)Nc2ccc(cc2)Oc2ccc(cc2)NC(=O)CCC*)cc1,198.0,tg
*OC(=O)Nc1c(ccc(c1)NC(=O)OCCN(CC*)c1ccc(cc1)N=Nc1ccc(cc1)C=Cc1nc2c(n1CC)cc(cc2)[N+](=O)[O-])C,171.0,tg
*NOC(F)(F)C(*)(F)F,6.3342,egb
*OC(COC(=O)c1ccc(cc1)C(=O)*)COc1ccc(cc1)N=Nc1ccc(cc1)C#N,122.0,tg
*C(=S)Oc1ccc(-c2ccc(*)s2)s1,1.9834,egb
*OC(=O)c1ccc(cc1)C(c1ccc(cc1)C(=O)OCC*)(CC)C,94.0,tg
*Nc1ccc(cc1)NC(=O)c1c(ccc(c1)c1cc(c(cc1)C(=O)OCC)C(=O)*)C(=O)OCC,231.7,tg
*c1cc2c(C(=O)N(C2=O)c2ccc(cc2)C(=O)Nc2cc(ccc2)Oc2ccc(cc2)S(=O)(=O)c2ccc(cc2)Oc2cc(ccc2)NC(=O)*)cc1,235.0,tg
*N1C(=O)c2c(C1=O)cc(cc2)C(c1cc2c(C(=O)N(C2=O)CC2C3C(CC2)C2C(CC3C2)C*)cc1)(C(F)(F)F)C(F)(F)F,207.0,tg
*Oc1ccc(cc1)N=C(c1ccc(cc1)Oc1ccc(cc1)C(c1ccc(cc1)Oc1ccc(cc1)C(=Nc1ccc(cc1)*)C)(c1ccccc1)c1ccccc1)C,150.0,tg
*C=Nc1cccc(N=Cc2cccc(*)n2)c1,3.1599,egc
*CCOCCOCCOCCOCCOc1ccc(C(=O)Nc2cc(NC(=O)c3ccc(O*)cc3)cc(-c3nc4ccccc4[nH]3)c2)cc1,3.9357,egc
*C1COC2C1OCC2OC(=O)C=CC(=O)O*,52.0,tg
*c1cccc(N2C(=O)c3ccc(Oc4ccc(Oc5ccc(Oc6ccc7c(c6)C(=O)N(*)C7=O)cc5)cc4)cc3C2=O)c1,3.2083,egc
*Cc1ccc(Cc2ccc(*)s2)s1,3.65,eps
*OC1OC(*)C2CCCCC12,6.0383,egc
*OC(=O)C(NC(=O)CCCCCCCCC(=O)NC(C(=O)OCC=CC*)Cc1ccccc1)Cc1ccccc1,46.0,tg
*CC(=O)C(=S)C(*)=O,1.4812,egb
*CCCCCCOC(=O)C1CCC(C(=O)O*)CC1,6.5806,egc
*c1cc2c(C(=O)N(C2=O)c2cc(ccc2)N2C(=O)c3c(C2=O)cc(cc3)C(*)(C(F)(F)F)C(F)(F)F)cc1,298.6,tg
*CNCC(*)=S,2.6857,eea
*c1ccc2c3n(c4ccc(cc4n3)Oc3cc4n5c(nc4cc3)c3cccc4c(ccc(c5=O)c34)Oc3ccc(cc3)C(c3ccc(cc3)O*)(C)C)c(=O)c3cccc1c23,334.0,tg
*C(C*)c1cc(ccc1)F,86.0,tg
*CC(*)C(=O)OCCCCCCSCC#N,5.2126,egc
*Oc1ccc(CC(NC(=O)CCc2ccc(OC(=O)CCCC(*)=O)cc2)C(=O)OCCOCCOCC)cc1,5.2606,egc
*Oc1ccc(cc1)C=C1C(=O)C(=Cc2ccc(cc2)OC(=O)c2ccc(cc2)N=Cc2ccc(cc2)C=Nc2ccc(cc2)C(=O)*)CC1,205.0,tg
*CCOCCOC(=O)C(CCCCCCC)C(=O)O*,6.4036,egc
*c1ccc(-c2ccc(-c3ccc(-c4ccc(*)s4)cc3)cc2)cc1,5.1853,ei
*c1ccc(N(c2ccc(C#N)cc2)c2ccc(N3C(=O)c4ccc(-c5ccc6c(c5)C(=O)N(*)C6=O)cc4C3=O)cc2)cc1,2.0474,egc
*N1C(=O)c2c(C1=O)cc(cc2)C(=O)Oc1ccc(cc1)OC(=O)c1cc2c(C(=O)N(C2=O)CCOCCOCC*)cc1,105.0,tg
*C(=O)Oc1ccc(OC(=O)c2ccc3c(c2)C(=O)N(c2ccc(Oc4ccc(N5C(=O)c6ccc(*)cc6C5=O)cc4)cc2)C3=O)c(-c2ccccc2)c1,2.5898,egc
*c1cc(CCCCCCOC(=O)COc2ccccc2)c(*)s1,2.6531,egc
*Oc1ccc(cc1)OC(=O)c1c(cc(c(c1)OCCCCCCCCCOCC1N(CCC1)c1ccc(cc1)[N+](=O)[O-])C(=O)*)OCCCCCCCCCOCC1N(CCC1)c1ccc(cc1)[N+](=O)[O-],34.0,tg
*Oc1ccc(cc1)Oc1ccc(cc1)C(=O)c1c(cccc1)c1c(cccc1)C(=O)c1ccc(cc1)*,175.0,tg
*C(C*)OC(=O)C(C(F)(F)F)(F)F,42.0,tg
*C1(CCN(CC1)C(=O)C(CC(=O)N1CCC(CC1)(CCC*)C)C)C,72.0,tg
*Oc1c(cccc1)C(=O)OC(=O)c1c(cccc1)OC(=O)CCCCC(=O)*,60.0,tg
*c1sc(cc1)c1ccc(cc1)C=Nc1ccc(cc1)C(c1ccc(cc1)N=Cc1ccc(cc1)*)c1ccccc1,129.0,tg
*NC(C)CNC(=O)C1CC1C(*)=O,5.5051,egc
*OC(=O)c1ccc(C(=O)OC2COC3C(*)COC23)o1,4.3511,egc
*N1C(=O)c2c(C1=O)cc(c(c2)c1ccc(cc1)C(C)(C)C)c1cc2c(C(=O)N(C2=O)c2ccc(cc2)C(c2ccc(cc2)*)(C(F)(F)F)C(F)(F)F)cc1c1ccc(cc1)C(C)(C)C,381.0,tg
*OC(CC)C(*)=O,6.3762,egc
*Oc1c(cc(cc1)NC(=O)NC1CC(CC(C1)(CNC(=O)Nc1cc(c(cc1)*)c1ccc(cc1)Oc1ccccc1)C)(C)C)c1ccc(cc1)Oc1ccccc1,281.0,tg
*Oc1cccc(C(=O)OCC(F)(F)C(F)(F)C(F)(F)COC(=O)c2cccc(*)c2)c1,4.5011,egc
*CCCCCCCCCCOC(=O)CCCCCC(=O)O*,6.771,egc
*C=CC1CC(*)C2(Cl)OC(=O)OC12Cl,5.2615,egc
*Oc1ccc(cc1)N(c1ccc(cc1)c1ccc(cc1)N(c1ccc(cc1)OCCCCCCCCCCCC*)c1ccccc1)c1ccccc1,92.0,tg
*CNCCNC(=O)OC*,6.3647,egb
*OP(=O)(OCCOc1c(cc(cc1)C=C1C(=O)C(=Cc2cc(c(cc2)OCC*)OC)CC1)OC)OCC,80.0,tg
*CC(*)C(=O)OCC(F)(F)C(F)(F)C(F)(F)F,6.784,egc
*N(C(C*)CC)C(=O)CCCC,50.67,tg
*C1(F)OC(C(F)(F)F)(C(F)(F)Cl)OC1(*)F,8.2297,egc
*C(=O)c1ccc2c(c1)C(=O)N(c1cccc(N3C(=O)c4ccc(*)cc4C3=O)c1C)C2=O,3.3303,egc
*CNCNC(=O)NC(=O)N*,3.92,eps
*c1oc2c(n1)cc(cc2)NC(=O)CCCCC(=O)Nc1cc2c(oc(n2)CCCCCCCC*)cc1,87.2,tg
*CC1(C)CC(*)(C)C(=O)OC1=O,6.0049,egc
*Oc1ccc(cc1)C(c1ccc(cc1)OC(=O)OCC1CCC(CC1)COC(=O)*)(C)C,90.4,tg
*OC(=O)OCC(O)C(O)COC(=O)OC1COC2C(*)COC12,6.3954,egc
*C(C*)C(=O)OC(C)(C)C,40.66,tg
*NNC(=O)CCC(=O)NNC(=O)CCCCCCCCC(*)=O,5.7186,egc
*c1ccc2n(c3c(c2c1)cc(cc3)C=C(C(=O)OCCCCCCOC(=O)C(=C*)C#N)C#N)CCCCCCCCCCCCCC,53.0,tg
*OC(C#CC#CC(OC(=O)c1ccc(cc1)C(=O)*)C)C,133.0,tg
*CC(=O)CO*,6.97,ei
*C=Cc1ccc(*)c2ccc(CCCCCC)cc12,2.3017,egc
*NC(=O)C(CC(CC(=O)NCc1ccc(cc1)C*)(C)C)C,125.0,tg
*C(=O)c1ccc2c(c1)C(=O)N(c1ccc(-c3nc(-c4ccccc4)nc(-c4ccc(N5C(=O)c6ccc(*)cc6C5=O)cc4)n3)cc1)C2=O,2.8991,egc
*C(C*)c1ccc(cc1)C[Si](C)(C)C,82.0,tg
*O[Si](O[Si](O[Si](O[Si](O[Si](O[Si](OC1=C(c2c3c(ccc2)cccc13)*)(C)C)(C)C)(C)C)(C)C)(C)C)(C)C,-93.0,tg
*N1C(=O)c2c(C1=O)cc(cc2)Oc1ccc(cc1)c1ccc(cc1)Oc1cc2c(C(=O)N(C2=O)c2ccc(cc2)Oc2ccc(cc2)Oc2ccc(cc2)*)cc1,212.0,tg
*Oc1ccc(cc1)NC(=O)c1c(ccc(c1)c1cc(c(cc1)C(=O)O)C(=O)Nc1ccc(cc1)*)C(=O)O,184.4,tg
*CCCNC(=O)CCCCCCCCC(=O)NCCCOCCO*,5.9244,egc
*CCCCCCCCCCOC(=O)CCC(=O)O*,6.7167,egc
*N=Nc1ccc(-c2ccc(*)c(C)c2)cc1C,2.1369,egc
*Oc1ccc(cc1)CC(NC(=O)CCc1ccc(cc1)OC(=O)COCCOCC(=O)*)C(=O)OC,63.0,tg
*Oc1ccc(cc1)C1(C2C3C(CCC3)C(C1)C2)c1ccc(cc1)OC(=O)c1ccc(cc1)Oc1ccc(cc1)C1(CCC(CC1)C(C)(C)C)c1ccc(cc1)Oc1ccc(cc1)C(=O)*,181.0,tg
*Oc1ccc(cc1)Oc1ccc(cc1)NC(=O)c1cc(cc(c1)C(C)(C)C)C(=O)Nc1ccc(cc1)*,195.5,tg
*c1nc2c(c(c1)c1ccc(cc1)Oc1ccc(cc1)c1ccccc1)cc(cc2)c1cc2c(nc(cc2c2ccc(cc2)Oc2ccc(cc2)c2ccccc2)c2ccc(cc2)c2ccc(cc2)*)cc1,318.0,tg
*Oc1ccc(cc1)C(c1ccc(cc1)OCC(C*)OC(=O)C)(C)C,60.0,tg
*CNC(=S)c1ccc(*)s1,2.3974,eea
*N1C(=O)c2c(C1=O)c(ccc2)Oc1ccc(cc1)Sc1ccc(cc1)Oc1c2c(C(=O)N(C2=O)c2ccc(cc2)Oc2ccc(cc2)*)ccc1,234.0,tg
*C(C*)C(=O)OCC(C(C(C(F)F)(F)F)(F)F)(F)F,-35.0,tg
*Oc1ccc(cc1)CC(NC(=O)CCc1ccc(cc1)OC(=O)COCC(=O)*)C(=O)OCCCC,64.0,tg
*OC(=O)CCC(=O)OCCSCC*,-34.0,tg
*CCCCCOC(=O)NCCSCCCCCCSCCNC(=O)O*,5.1243,egc
*c1ccc2c(nc([nH]2)c2ccc(cc2)c2nc3c([nH]2)ccc(c3)C(=O)Nc2cc(ccc2)NC(=O)*)c1,294.0,tg
*C(C*)c1ccc(cc1)[Si](C)(C)C,136.0,tg
*C(C*)c1ccc(cc1)Cn1c2ccccc2c2ccccc12,166.0,tg
*Oc1ccc(cc1)C1(c2ccccc2c2ccccc12)c1ccc(cc1)Oc1ccc(cc1)C=NN=Cc1ccc(cc1)*,227.0,tg
*N(c1ccc(cc1)/C=C(/C(=O)Nc1cc(ccc1)NC(=O)/C(=C/c1ccc(cc1)N(Cc1c(cccc1)C*)CC)/C#N)\C#N)CC,188.0,tg
*CCc1ccc(C(*)=S)cc1,1.9173,nc
*C(C*)c1ccc(cc1)c1cc2C(c3c(c2cc1)cccc3)(CCCCCC)CCCCCC,76.55,tg
*SC(CC*)C,-59.0,tg
*Nc1ccc(cc1)NC(=O)c1ccc(cc1)NC(=O)c1ccc(cc1)P(=O)(c1ccc(cc1)C(=O)*)c1ccccc1,243.0,tg
*C(=O)c1ccc(OC(*)=S)s1,2.3124,nc
*CC(=O)CC(=O)*,4.1544,egc
*c1cc2c(C(=O)N(C2=O)c2ccc(cc2)Oc2c(cccc2)c2c(cccc2)Oc2ccc(cc2)N2C(=O)c3c(C2=O)cc(cc3)C(=O)Nc2ccc(cc2)Oc2c(cccc2)c2c(cccc2)Oc2ccc(cc2)NC(=O)*)cc1,233.0,tg
*C(=C*)c1c(c(c(c(c1F)F)CCCC)F)F,110.0,tg
*[n+]1ccc(cc1)c1cc[n+](cc1)Cc1ccc(cc1)C*,95.0,tg
*CNOC(C=C1)=CC=C1*,4.831,egc
*Nc1ccc(C(=S)c2ccc(*)cc2)cc1,1.8785,egb
*Nc1ccc(cc1)C(c1ccc(cc1)NC(=O)c1cc2c(cc1)cc(cc2)C(=O)*)(P1(=O)c2ccccc2c2ccccc2O1)P1(=O)c2ccccc2c2ccccc2O1,241.0,tg
*N1C(=O)c2c(C1=O)cc(cc2)Oc1cc2c(C(=O)N(C2=O)CCCCCCCCCCCC*)cc1,70.0,tg
*c1c(C)cc(Cc2cc(C)c(N3C(=O)c4ccc(Oc5cccc6c(Oc7ccc8c(c7)C(=O)N(*)C8=O)cccc56)cc4C3=O)c(C)c2)cc1C,3.4317,egc
*c1ccc2n(c3c(c2c1)cc(cc3)c1sc(cc1)c1c2c(nsn2)c(cc1)c1sc(cc1)*)C(CCCCCCCC)CCCCCCCC,133.57,tg
*CC(=O)NCC(=O)O*,6.011,egc
*c1cc(CC(=O)OCCN(CC)c2ccc(N=Nc3ccc([N+](=O)[O-])cc3)cc2)c(*)s1,2.2179,egc
*OP(=O)(OCCOc1ccc(cc1)S(=O)(=O)c1ccc(cc1)OCC*)Oc1ccc(cc1)C,46.0,tg
*Oc1ccc(cc1)C(c1ccc(cc1)OCC(CN(CC(C*)O)c1ccc(cc1)C#N)O)(C)C,100.0,tg
*Oc1ccc(cc1)S(=O)(=O)c1cc2c(cc1)ccc(c2)S(=O)(=O)c1ccc(cc1)*,250.0,tg
*CCCCCCNC(=O)CCCCCCCCCCCCCCC(=O)N*,5.9557,egc
*C(C(CC*)C)C,-32.0,tg
*O[Si](c1cc(ccc1)C(C(c1cc(ccc1)[Si](*)(C)C)(F)F)(F)F)(C)C,-2.0,tg
*O[Si](*)(CCCOc1ccc(cc1)C(=O)Oc1ccc(cc1)c1ccc(cc1)OC(=O)c1cc(c(c(c1)OCCCCC)OCCCCC)OCCCCC)C,48.67,tg
*N1C(=O)c2c(C1=O)cc(cc2)C(c1cc2c(C(=O)N(C2=O)CCCCCC*)cc1)(C(F)(F)F)C(F)(F)F,143.67,tg
*C(C*)c1c(c(c(c(c1F)F)OC)F)F,94.0,tg
*C(C*)(C(=O)OCC1OC(OC1)c1ccccc1)C,130.0,tg
*C(C*)(C(=O)OC(C(F)(F)F)C(F)(F)F)C,73.0,tg
*OC(=S)Oc1ccc(*)s1,6.1007,ei
*c1cc2c(C(=O)N(C2=O)c2cc(c(cc2)c2c(cc(cc2)N2C(=O)c3c(C2=O)cc(cc3)C(=O)Oc2ccc(cc2)C(c2ccc(cc2)OC(=O)*)(C)C)C)C)cc1,166.0,tg
*NC(=O)NC(=O)c1ccc(C(=S)c2ccc(-c3ccc(*)s3)s2)s1,2.9241,eea
*C(C*)CCCC,-49.86,tg
*CNC(=O)OCc1ccc(COCc2ccc(COC(=O)NCc3ccc(C(C)(C)c4ccc(*)o4)o3)o2)o1,4.4843,egc
*Nc1c(cc(cc1)*)OCCCCCCCCCCOc1ccc(cc1)C1CCC(CC1)CCCCC,54.0,tg
*c1ccc(-c2ccc(C(F)(F)C(*)(F)F)s2)s1,5.8176,ei
*OC(=S)Oc1ccc(*)cc1,3.9415,egb
*C(C*)(C(=O)OCCC(CC(C)(C)C)C)C,1.0,tg
*c1cc2c(C(=O)N(C2=O)c2ccc(cc2)S(=O)(=O)c2ccc(cc2)N2C(=O)c3c(C2=O)cc(cc3)C(=O)Nc2ccc(cc2)Oc2ccc(cc2)Oc2ccc(cc2)NC(=O)*)cc1,243.0,tg
*Oc1ccc(Oc2ccc(C(=O)c3cccc(-c4cccc(C(=O)c5ccc(*)cc5)c4)c3)cc2)cc1,3.724,egc
*CCC(C)(C)CC(C)CNC(=O)CCCCC(=O)N*,5.8095,egc
*c1cc2c(C(=O)N(C2=O)c2c(cc(c(c2)Cl)N2C(=O)c3c(C2=O)cc(c(c3)Cl)C(=O)*)Cl)cc1Cl,367.0,tg
*c1ccc2cc(-c3nc4cc5nc(*)[nH]c5cc4[nH]3)ccc2c1,3.1978,egc
*c1cc2c(C(=O)N(C2=O)c2cc(ccc2)N2C(=O)c3c(C2=O)cc(cc3)C(=O)OCCN(CCOC(=O)*)c2ccc(cc2)N=Nc2ccc(cc2)[N+](=O)[O-])cc1,210.0,tg
*OS(=O)(=O)c1c(ccc(c1)S(=O)(=O)Oc1ccc(cc1)C1(CCCCC1)c1ccc(cc1)*)C,140.0,tg
*N1C(=O)c2c(C1=O)cc(cc2)Oc1ccc(cc1)S(=O)(=O)c1ccc(cc1)Oc1cc2c(C(=O)N(C2=O)c2cc(ccc2)S(=O)(=O)c2cc(ccc2)*)cc1,205.0,tg
*N1C(=O)c2c(C1=O)c(ccc2)c1cc2c(C(=O)N(C2=O)c2cc(ccc2)OCCCCCCCCCCCCOc2cc(ccc2)*)cc1,116.0,tg
*OC(=O)CCCCCCCCCCC(=O)OCC(=O)NCCCCCCNC(=O)C*,0.9,tg
*c1cc2c(C(=O)N(C2=O)c2c(cc(cc2C)C(c2cc(c(c(c2)C)N2C(=O)c3c(C2=O)cc(cc3)C(*)(C(F)(F)F)C(F)(F)F)C)c2cc(ccc2)C(F)(F)F)C)cc1,286.1,tg
*NCC(F)(F)C(*)(F)F,1.5942,nc
*c1nc2c(c(c1)c1ccccc1)cc(cc2)Oc1cc2c(nc(cc2c2ccccc2)c2c(ccc(c2)*)OCCN(c2ccc(cc2)C(=C(C#N)C#N)C#N)CC)cc1,200.0,tg
*c1cc2c(C(=O)N(C2=O)c2ccc(cc2)Oc2cc3c(cc2Oc2ccc(cc2)N2C(=O)c4c(C2=O)cc(cc4)C(=O)*)cccc3)cc1,246.0,tg
*Oc1cc(c(cc1)CCc1ccc(cc1)OCCCCCCCCCCC*)C,3.9,tg
*CC(=O)Nc1ccc(*)cc1,1.369,eea
*CCOCCOCCOCCOCCOc1ccc(C=C(C)c2ccc(O*)cc2)cc1,3.9391,egc
*c1ccc2cc(-c3nc4cc5sc(*)nc5cc4s3)ccc2c1,3.27,egc
*c1cc2c(C(=O)N(C2=O)c2cc(ccc2)C(=O)OCCOC(=O)*)cc1,220.0,tg
*c1nc2cc3c(cc2nc1)ncc(n3)c1ccc(cc1)*,392.0,tg
*Oc1ccc(Oc2ccc(*)cc2)s1,3.82,eps
*CCCCCS*,5.7733,ei
*N1C(=O)c2c(C1=O)cc(cc2)c1cc2c(C(=O)N(C2=O)c2cc(ccc2)C(=O)Nc2ccc(cc2)Oc2ccc(cc2)Oc2ccc(cc2)Oc2ccc(cc2)NC(=O)c2cc(ccc2)*)cc1,244.0,tg
*CC(=O)Nc1ccc(Oc2ccc(NC(=O)CN3C(=O)c4ccc(C(=O)c5ccc6c(c5)C(=O)N(*)C6=O)cc4C3=O)cc2)cc1,2.2667,egc
*CNc1ccc(-c2ccc(*)cc2)s1,3.3441,egb
*OC(C)CCCC(C)C(*)=O,6.6886,egc
*Oc1c(cc(cc1C)*)C,204.61,tg
*c1nc(nc(n1)N(CCCCN(*)c1ccccc1)c1ccccc1)C,89.5,tg
*O[Si](CCC(C(C(C(C(C(C(C(C(C(CC[Si](*)(CCC(F)(F)F)C)(F)F)(F)F)(F)F)(F)F)(F)F)(F)F)(F)F)(F)F)(F)F)(F)F)(CCC(F)(F)F)C,-11.0,tg
*c1ccc2c(c1)C(=O)N(c1ccc(C(C)(C)C(*)(C(F)(F)F)C(F)(F)F)cc1)C2=O,3.3094,egc
*c1cc2c(C(=O)N(C2=O)c2c3c(ccc2)c(ccc3)Oc2ccc(cc2)N2C(=O)c3c(C2=O)cc(cc3)C(=O)Nc2c(cc(cc2)c2cc(c(cc2)NC(=O)*)OC)OC)cc1,304.0,tg
*Nc1c(cc(cc1)NC(=O)c1ccc(cc1)NC(=O)CCCCCCCCCCC(=O)Nc1ccc(cc1)C(=O)*)C(=O)OCCCCCCCCCCCCCC,199.5,tg
*c1cc2c(C(=O)N(C2=O)c2cc(cc(c2)c2oc3c(n2)cccc3)N2C(=O)c3c(C2=O)cc(cc3)C(=O)Nc2ccc(cc2)S(=O)(=O)c2ccc(cc2)NC(=O)*)cc1,367.0,tg
*C(C*)(C(=O)OCCCCCCOc1cc2c(cc1)cc(cc2)C(=O)Oc1ccccc1)C,39.0,tg
*C(C*)c1c(c(c(c(c1F)F)OCC(C(C(C(C(C(C(F)(F)F)(F)F)(F)F)(F)F)(F)F)(F)F)(F)F)F)F,21.0,tg
*C=Cc1ccc(*)n1CCCCCC,1.3683,egb
*C(C=C1)=CC=C1OC(S2)=CC=C2O*,4.6798,egc
*Oc1ccc(-c2ccc(-c3ccc(*)cc3)cc2)s1,2.1534,nc
*C=CC(C)(C)CC(C#N)C*,5.2738,egb
*C(C*)c1c(cccc1)C(=O)OCC(C)C,127.0,tg
*ON(C(F)(F)F)C(F)(F)C(F)=C(F)C(*)(F)F,4.6645,egc
*CC(C)(C)COC(=O)CCCCCCC(=O)O*,6.7281,egc
*Nc1cc(ccc1)NC(=O)CCCCC(=O)*,113.35,tg
*CC(C)CNC(=O)O*,6.3739,egc
*C(C*)(C(=O)OCCCCCCOc1ccc(cc1)N=Nc1ccc(cc1)OC)C,82.0,tg
*Oc1ccc(C(=O)CNCCCCCCCCNCC(=O)c2ccc(*)cc2)cc1,3.8153,egc
*Oc1ccc(cc1)CC(NC(=O)CCc1ccc(cc1)OC(=O)CCCCC(=O)*)C(=O)OCCCCCC,35.57,tg
*Oc1ccc(cc1)C1(c2c(CC1)cccc2)c1ccc(cc1)OC(=O)*,219.0,tg
*CCCCCCOC(=O)NCCCCCCCCCCNC(=O)O*,6.321,egc
*CNC(=S)C(*)=O,5.35,eps
*C(=O)C(S1)=CC=C1C(=S)C(S2)=CC=C2*,2.0759,egc
*C(=O)C(=S)OC(*)=S,2.3004,nc
*Sc1ccc(cc1)C(=O)c1ccc(cc1)C(c1ccc(cc1)C(=O)c1ccc(cc1)*)(C)C,175.0,tg
*c1ccc(C(F)(F)C(=O)C(*)(F)F)s1,4.05,eps
*Oc1c(cccc1)C(=O)OC(=O)c1c(cccc1)OC(=O)c1ccc(cc1)C(=O)*,120.0,tg
*Nc1ccc(C(=O)c2ccc(*)s2)s1,5.2456,ei
*CCCCCCCCCCC(=O)NCCCCCOCCCCCNC(=O)CCCO*,5.4741,egc
*c1cc2c(C(=O)N(C2=O)c2cc(cc(c2)C(F)(F)F)N2C(=O)c3c(C2=O)cc(cc3)C(=O)*)cc1,276.75,tg
*CC(*)n1nnc2ccccc21,4.0479,egc
*CCCCOC(=O)NCCCCNC(=O)O*,6.3043,egc
*C(C*)CCCCCCCC,-35.0,tg
*CC(*)C(=O)OC(OCC)C(F)(F)F,6.3353,egc
*ON(C(C(*)(F)F)(Br)F)C(F)(F)F,3.0,tg
*c1ccc(C(=O)Nc2ccc(-n3c(=O)c4cc5c(=O)n(*)c(=O)c5cc4c3=O)cc2C(=O)OCC)cc1,2.463,egc
*Nc1ccc(cc1)C(c1ccc(cc1)NC(=O)c1cc(cc(c1)NC(=O)C12CC3CC(CC(C1)C3)C2)C(=O)*)(C(F)(F)F)C(F)(F)F,365.0,tg
*S(=O)(=O)c1ccc(cc1)Nc1c(c(c(c(c1F)F)c1c(c(c(c(c1F)F)Nc1ccc(cc1)*)F)F)F)F,332.0,tg
*c1ccc(-c2ccc(-c3sc(*)c4c3OCCO4)s2)s1,1.3916,egc
*C(=O)C(F)(F)CC(*)(F)F,3.352,eea
*c1sc2cc3c(cc2n1)sc(n3)c1ccc(cc1)Oc1ccc(cc1)n1c(=O)c2cc3c(cc2c1=O)c(=O)n(c3=O)c1ccc(cc1)Oc1ccc(cc1)*,400.0,tg
*Nc1cccc(C(*)=O)c1,4.1556,egc
*OC(=O)COCC(=O)OCCCC*,-27.0,tg
*NC(=O)c1ccc(O*)cc1,6.7472,ei
*c1nc2c(c(c1)c1ccccc1)cc(cc2)Oc1cc2c(nc(cc2c2ccccc2)c2ccc(cc2)c2ccc(cc2)c2ccc(cc2)c2ccc(cc2)*)cc1,298.33,tg
*OC(=O)CCCCCCCCC(=O)OCCOCC*,-74.5,tg
*C(C*)(C(=O)OCCCCCCCCCCOc1ccc(cc1)OC(=O)c1ccc(cc1)OCCCCCC)C,41.0,tg
*Oc1ccc(cc1)[Si](c1ccc(cc1)OC(=O)c1cc2Cc3c(c2cc1)ccc(c3)C(=O)*)(c1ccccc1)c1ccccc1,72.1,tg
*c1cccc(-c2nc3cc(-c4ccc5nc(*)c(-c6ccc7ccccc7c6)nc5c4)ccc3nc2-c2ccc3ccccc3c2)c1,3.0367,egc
*c1ccc(cc1)c1c(cc(c(c1)OCCCCCC)c1ccc(cc1)C=C1C(=O)C(=C*)CCC1)OCCCCCC,85.0,tg
*CC(*)OC(=O)CC1CCCC1,6.4741,egb
*S(=O)(=O)c1ccc(cc1)NC(=O)c1cc(ccc1)C(=O)Nc1ccc(cc1)*,78.0,tg
*OC(c1ccccc1)C(C)(C)C(*)=O,5.5004,egc
*O[Si](*)(OCCOCCOCCOCCOCCOCCOCCOCCOC)C,-78.0,tg
*OC(C(C(*)(F)F)(F)F)(F)F,-109.82,tg
*C(=C(*)c1ccccc1)c1cc(ccc1)[Si](C)(C)C,200.0,tg
*NC(=O)C(=CC(=O)NCc1cc(ccc1)C*)C,135.0,tg
*C(C*)C(=O)OCCCCCCOc1ccc(cc1)C(=O)Oc1ccc(cc1)OC,24.75,tg
*c1sc(*)c(OCCCCCC)c1C,3.4475,egc
*Oc1cc(c(cc1)C(=O)c1ccccc1)c1c(ccc(c1)Oc1ccc(cc1)c1ccc(cc1)*)C(=O)c1ccccc1,174.0,tg
*Cc1ccc(-c2ccc(-c3ccc(*)s3)s2)s1,4.39,eps
*c1cc(N=Nc2ccc(C(=O)O)cc2)cc(*)c1O,2.9911,egc
*OCC(C*)(CC)C,-47.0,tg
*O[Si](O[Si](c1ccc(cc1)[Si](*)(C)C)(C)C)(C)C=C,-63.0,tg
*c1cc2c(C(=O)N(C2=O)c2c(cc(c(c2C)N2C(=O)c3c(C2=O)cc(cc3)C(=O)*)C)C)cc1,401.33,tg
*COc1ccc(-c2ccc(*)cc2)s1,3.0939,egb
*Nc1c(cc(cc1)c1cc(c(cc1)NC(=O)c1cc(ccc1)C(=O)*)OC)OC,218.2,tg
*Oc1ccc(cc1)OC(=O)c1c(cc(cc1)C(=O)*)Oc1ccc(cc1)c1ccccc1,112.5,tg
*CC(=O)C(*)C,4.7758,egc
*NC(=O)Oc1ccc(*)s1,5.369,ei
*CCCOC(=O)CCCCCCCCCC(=O)O*,6.7744,egc
*OC(=O)CCS(=O)(=O)CCC(*)=O,6.2922,egc
*Oc1c(cc(cc1Cl)C(c1cc(c(c(c1)Cl)OC(=O)c1ccc(cc1)OCCCCCCCCCCOc1ccc(cc1)C(=O)*)Cl)(C)C)Cl,140.0,tg
*C(=O)CCCCC(=O)N1CCN(*)CC1,5.6091,egc
*CC(=O)c1ccc(-c2ccc(*)s2)cc1,5.9294,ei
*c1cc2C(c3c(c2cc1)ccc(c3)C=Cc1ccc(cc1)C=C*)(CCCCCCOc1ccc2c(c1)oc(=O)cc2)CCCCCCOc1ccc2c(c1)oc(=O)cc2,104.0,tg
*Oc1ccc(cc1)C(c1ccc(cc1)OC(=O)SCCCSC(=O)*)(C)C,90.0,tg
*C(=C*)c1c(cccc1)C(F)(F)F,130.0,tg
*N1C(=O)c2c(C1=O)c(ccc2)Oc1ccc(cc1)S(=O)(=O)c1ccc(cc1)Oc1c2c(C(=O)N(C2=O)c2ccc(cc2)Oc2ccc(cc2)*)ccc1,267.0,tg
*CCCCCCCCCOC(=O)c1ccc(NC(=O)CCCCCCCCC(=O)Nc2ccc(C(=O)O*)cc2)cc1,4.1632,egc
*N1C(=O)c2c(C1=O)cc(cc2)C(=O)c1cc2c(C(=O)N(C2=O)CCCCCCCCCCCC*)cc1,87.5,tg
*C(C*)c1ccc(cc1)C(CCN1CCOCC1)O,50.0,tg
*CCC(Cl)C(*)Cl,6.5471,egc
*CC(C)O*,6.9903,egb
*Oc1cc2c(cc1OC(=O)c1ccc(cc1)Oc1ccc(cc1)C(=O)*)cccc2,148.0,tg
*C(C*)c1ccc(cc1)[Si](O[Si](C)(C)C)(O[Si](C)(C)C)O[Si](C)(C)C,114.0,tg
*CCCP(CCCNC(=O)CCCCCCCCC(=O)N*)c1ccccc1,4.6632,egc
*c1ccc(-c2ccc(C(F)(F)C(*)(F)F)s2)s1,1.9785,nc
*C(C*)(C(=O)OCC#CO[Si](C)(C)C)C,57.0,tg
*c1ccc(CC(F)(F)C(*)(F)F)cc1,1.7264,nc
*Oc1ccc(C(C)=Cc2ccc(OC(=O)OCCCCCCOC(*)=O)cc2)cc1,4.2293,egc
*CCC(C)C(C)CCNC(=O)c1cccc(C(=O)N*)c1,4.7199,egb
*c1c2C(=O)N(C(=O)c2c(c2ccccc12)c1ccc(cc1)Oc1ccc(cc1)S(=O)(=O)c1ccc(cc1)Oc1ccc(cc1)*)c1c(cccc1)C(F)(F)F,290.0,tg
*c1nc2c(nc1c1ccccc1)cc(cc2)Oc1cc2c(nc(c(n2)c2ccccc2)c2ccc(cc2)*)cc1,304.0,tg
*Oc1c(cc(cc1)C1(C2C3C(CCC3)C(C1)C2)c1cc(c(cc1)OC(=O)*)C)C,217.0,tg
*Nc1ccc(*)cc1F,3.5047,egc
*c1ccc2[nH]c(*)nc2c1,3.9385,egc
*CCCCCCCCn1c(=O)c2ccc3c4ccc5c(=O)n(*)c(=O)c6ccc(c7ccc(c1=O)c2c37)c4c56,2.0224,egc
*NC(=O)CCCCCCCCCCCCC(=O)NCCCCCCCCCCCC*,49.0,tg
*c1cc2c(C(=O)N(C2=O)c2ccc(cc2)c2ccc(cc2)N2C(=O)c3c(C2=O)cc(cc3)C(=O)*)cc1,337.0,tg
*c1c([nH]c(n1)c1ccc(cc1)c1[nH]c(c(n1)c1ccc(cc1)Oc1ccc(cc1)C(=O)c1cc(ccc1)C(=O)c1ccc(cc1)Oc1ccc(cc1)*)c1ccccc1)c1ccccc1,264.5,tg
*N1C(=O)c2c(C1=O)cc(cc2)Oc1ccc(cc1)Oc1cc2c(C(=O)N(C2=O)c2ccc(cc2)C(c2ccc(cc2)*)(C)C)cc1,264.0,tg
*CC(=O)c1ccc(-c2ccc(*)cc2)cc1,6.2808,ei
*Nc1ccc(NC(*)=S)s1,2.1538,egb
*Oc1ccc(cc1)C(=Cc1ccc(cc1)OCCOCC*)C,39.0,tg
*Oc1ccc(cc1)C(c1ccc(cc1)Oc1ccc(cc1)C(=O)c1ccc(cc1)C(c1ccc(cc1)C(=O)c1ccc(cc1)*)(C)C)(C)C,171.0,tg
*c1ccc(N2C(=O)c3ccc(-c4cccc5c4C(=O)N(c4ccc6[nH]c(*)nc6c4)C5=O)cc3C2=O)cc1,2.9114,egc
*NC(=O)CCCCCCCCCCCCCCC(=O)NCCCCCCCCCC*,45.0,tg
*Oc1ccc(cc1)P(=O)(c1ccc(cc1)Oc1ccc(cc1)C(c1ccc(cc1)*)(C(F)(F)F)C(F)(F)F)c1ccccc1,210.5,tg
*Oc1ccc(cc1)C1(CC2C(CC1)CCCC2)c1ccc(cc1)OC(=O)c1cc(ccc1)C(=O)*,248.0,tg
*Oc1ccc(cc1)C(=O)OCCOCCOCCOCCOC(=O)c1ccc(cc1)OC(=O)c1ccc(cc1)C(=O)*,25.0,tg
*OP(=O)(Oc1c2c(ccc1)c(ccc2)*)Oc1ccccc1,138.0,tg
*Nc1ccc(Nc2ccc(*)cc2)cc1C(=O)O,2.6737,egc
*N1C(=O)c2c(C1=O)cc(cc2)Oc1ccc(cc1)Oc1ccc(cc1)Oc1cc2c(C(=O)N(C2=O)c2ccc(cc2)Oc2ccc(cc2)Sc2ccc(cc2)Oc2ccc(cc2)*)cc1,198.5,tg
*C(C*)C(=O)Oc1ccc(cc1)C(=O)OCCCC,13.0,tg
*OC(C(=O)OCC(=O)*)C,43.0,tg
*N1C(=O)c2c(C1=O)cc(cc2)c1cc2c(C(=O)N(C2=O)CCCCCCOC(=O)OCCCCCC*)cc1,71.0,tg
*Oc1cc(ccc1)N(c1ccc(cc1)c1ccc(cc1)N(c1cc(ccc1)OC(=O)OCCOCCOC(=O)*)c1ccccc1)c1ccccc1,113.0,tg
*CCCCCCCCC(=O)NCCCCCOCCCCCNC(=O)CCCCO*,5.8271,egc
*OCC(C*)(CS(=O)(=O)CCC)CS(=O)(=O)CCC,71.0,tg
*ON(C(C(*)(F)F)(F)F)C(F)(F)F,-40.62,tg
*N1C(=O)c2c(C1=O)c(ccc2)c1cc2c(C(=O)N(C2=O)c2ccc(cc2)*)cc1,407.6,tg
*c1ccc(C(F)(F)NC(*)(F)F)cc1,2.1641,eea
*Cc1ccc(C(=S)c2ccc(*)cc2)cc1,2.3058,egb
*Oc1ccc(cc1)c1ccc(cc1)Oc1c(cc(cc1)C(=O)c1cc(c(cc1)*)S(=O)(=O)O)S(=O)(=O)O,225.0,tg
*c1cc2c(C(=O)N(C2=O)c2ccc(cc2)Oc2ccc(cc2)N2C(=O)c3c(C2=O)cc(cc3)C(=O)Nc2ccc(cc2)Oc2ccc(cc2)c2ccc(cc2)Oc2ccc(cc2)NC(=O)*)cc1,262.0,tg
*NC(Cc1ccccc1)C(*)=O,5.5152,egc
*c1cc2c(C(=O)N(C2=O)c2ccc(cc2)Oc2ccc(cc2)S(=O)(=O)c2ccc(cc2)Oc2ccc(cc2)N2C(=O)c3c(C2=O)cc(cc3)C(=O)c2cc(cc(c2)C(C)(C)C)C(=O)*)cc1,254.5,tg
*NC(=O)CCCCCCCCCCCCCC*,-7.0,tg
*C=C(C(C*)(F)F)F,-35.0,tg
*c1ccc2c3n(c4ccc(cc4n3)c3cc4n5c(nc4cc3)c3cccc4c(ccc(c5=O)c34)Oc3ccc(cc3)C(c3ccc(cc3)O*)(C)C)c(=O)c3cccc1c23,380.0,tg
*CC(C)(C)COC(=O)NC1CCC(CC2CCC(NC(=O)O*)CC2)CC1,5.9159,egc
*O[Si](c1ccc(cc1)c1ccc(cc1)[Si](*)(C)C)(C)C,67.0,tg
*Oc1cc(ccc1)NC(=O)c1ccc(cc1)C(=O)Nc1cc(ccc1)OCCOCC*,140.0,tg
*c1cc2Sc3c(Sc2cc1)cc(cc3)S*,209.9,tg
*O[Si](O[Si](O[Si](O[Si](OC(CCCCC(*)C)C)(C)C)(C)C)(C)C)(C)C,-98.0,tg
*Oc1ccc(cc1)C1(CCC(CC1)C(C)(C)C)c1ccc(cc1)Oc1ccc(cc1)C(=O)Oc1ccc(cc1)C(c1ccc(cc1)OC(=O)c1ccc(cc1)*)(C)C,144.0,tg
*c1sc(cc1)c1sc(c(c1)CCCCCCCC)c1sc(cc1)c1sc(cc1)c1sc(cc1CCCCCCCC)c1sc(cc1)[Si]([Si]([Si]([Si]([Si]([Si]([Si]([Si](*)(C)C)(C)C)(C)C)(C)C)(C)C)(C)C)(C)C)(C)C,13.0,tg
*Oc1ccc(cc1)S(=O)(=O)c1ccc(cc1)Oc1ccc(cc1)C=NN=Cc1ccc(cc1)*,151.0,tg
*SC1CCCC(*)C1,5.2199,egb
*NC(CC(*)=O)C(=O)OC,5.61,egc
*Oc1ccc(Oc2ccc(C(=O)c3ccc(*)cc3)cc2)cc1CC#N,4.0183,egc
*C(=O)c1ccc(C(=S)c2ccc(*)s2)cc1,5.13,eps
*NC(=O)c1ccc(NC(=S)c2ccc(Nc3ccc(*)cc3)cc2)s1,2.5831,eea
*CC(=O)C(=S)O*,6.719,ei
*CCOC(=O)NCCOCCOCCNC(=O)O*,0.573,eea
*Oc1ccc(cc1)NC(=O)CCCCC(=O)Nc1ccc(cc1)OCC(COc1ccc(cc1)C(c1ccc(cc1)OCC(C*)O)(C)C)O,112.0,tg
*OC(=O)Nc1ccc(cc1)CCCc1ccc(cc1)NC(=O)OCC*,74.1,tg
*Oc1ccc(cc1)CC(NC(=O)CCc1ccc(cc1)OC(=O)CCC(CC(=O)*)C)C(=O)OC,53.0,tg
*c1cc2sc(*)cc2s1,1.8963,egc
*C(=O)c1ccc(-c2ccc(-c3ccc(*)s3)s2)s1,5.3929,ei
*C(C*)C(=O)OCCOc1ccc(cc1)C(=O)Oc1ccc(cc1)OC(=O)c1ccc(cc1)OCCCCC,46.0,tg
*CNOc1ccc(*)s1,1.8539,nc
*C(=O)C(C=C1)=CC=C1OC(S2)=CC=C2*,3.6478,egc
*CCC(=O)N*,1.1904,eea
*N1C(=O)c2c(C1=O)cc(cc2)C(=O)Oc1ccc(cc1)C(c1ccc(cc1)OC(=O)CCCCC*)(C)C,110.0,tg
*Oc1ccc(cc1)S(=O)(=O)c1ccc(cc1)Oc1ccc(cc1)Sc1ccc(cc1)*,175.0,tg
*CC(F)(F)C(F)(F)C(F)(F)COC(=O)CCCC(=O)O*,6.894,egc
*C(C*)(C(=O)Oc1ccc(cc1)C(=O)Oc1ccc(cc1)Oc1ccccc1)C,74.0,tg
*OOC(C*)c1ccc(cc1)Br,9.6,tg
*[Si](C#Cc1cc(ccc1)C#C*)(C)C,50.0,tg
*CCCOC(=O)CCCCSCCCCC(=O)O*,5.3966,egc
*OC1CCCCC1OC(*)=O,6.7044,egc
*OC(=O)CCC#CC#CCCC(=O)OCCN(CC*)c1ccc(cc1)N=Nc1c(cc(cc1C)N=Nc1ccc(cc1)C#N)C,63.0,tg
*CCCCCCN(C)C(=O)CCCCCCCCCCC(=O)N(*)C,5.5795,egc
*CCC(=O)C(*)=S,1.8131,egb
*CCCCOC(=O)CC(=O)O*,6.6946,egc
*c1ccc(-c2ccc(-c3ccc(*)n3C)s2)s1,2.5449,egc
*CNCc1ccc(*)cc1,4.4323,egb
*Cc1ccc(-c2ccc(C(*)=S)cc2)s1,2.9754,eea
*[Si](C*)(CCCC)CCCC,-30.0,tg
*C1OCC(OC1)CNC(=O)CCCCCCCCC(=O)NC*,73.0,tg
*Oc1ccc(cc1)N1ON1c1ccc(cc1)OCCCCCCOC(=O)C(C(=O)OCCCCCC*)CCCCCCP(=O)(OCC)OCC,15.0,tg
*Oc1cc(ccc1)NC(=O)Cc1cc(ccc1)CC(=O)Nc1cc(ccc1)OCC(COc1ccc(cc1)C(c1ccc(cc1)OCC(C*)O)(C)C)O,119.0,tg
*C(C*)(C(=O)OCC(C)C)C#N,51.0,tg
*c1cc2c(C(=O)N(C2=O)c2ccc(cc2)Oc2ccc(cc2)C2(C3C4C(CCC4)C(C2)C3)c2ccc(cc2)Oc2ccc(cc2)N2C(=O)c3c(C2=O)cc(cc3)C(=O)Nc2ccc(cc2)Oc2ccc(cc2)Oc2ccc(cc2)NC(=O)*)cc1,257.0,tg
*c1ccc(-c2nc3ccc(-c4ccc5nc(*)sc5c4)cc3s2)cc1,3.0122,egc
*CCCCOC(=O)Nc1ccc(C)c(NC(=O)O*)c1,4.832,egc
*c1cc2c(C(=O)N(C2=O)c2ccc(cc2)Cc2ccc(cc2)Cc2ccc(cc2)Cc2ccc(cc2)N2C(=O)c3c(C2=O)cc(cc3)C(=O)*)cc1,302.0,tg
*CCOC(=O)CCCCCCC(=O)O*,6.9025,egc
*Cc1ccc(C(=O)C(*)=S)cc1,3.3639,eea
*c1nc2c([nH]1)ccc(c2)NC(=O)c1ccc(cc1)OCCOCCOCCOc1ccc(cc1)C(=O)Nc1ccc(cc1)*,155.0,tg
*C(=O)c1ccc(N=Nc2ccc(C(=O)N3C(=O)N(*)C(CC)(CC)C3=O)cc2)cc1,3.6611,egc
*CCCCCCCCCCCC(=O)NCC(=O)N*,6.1662,egc
*C(C*)c1c(cccc1)COCc1ccccc1,72.0,tg
*c1oc(nn1)c1ccc(cc1)Oc1cc(ccc1)N1C(=O)c2c(C1=O)cc(cc2)[Si](O[Si](c1cc2c(C(=O)N(C2=O)c2cc(ccc2)Oc2ccc(cc2)*)cc1)(C)C)(C)C,165.0,tg
*c1cc2c(C(=O)N(C2=O)c2ccc(cc2)Oc2c(c(ccc2)Oc2ccc(cc2)N2C(=O)c3c(C2=O)cc(cc3)C(=O)Nc2ccc(cc2)Oc2c(c(ccc2)Oc2ccc(cc2)NC(=O)*)C#N)C#N)cc1,220.0,tg
*CCCOC(=O)C(=O)O*,5.7163,egc
*OC(=O)C1CCC(CC1)C(=O)OCCCC*,-10.5,tg
*N1CCOC1(*)CC,55.0,tg
*N(CCC*)C(=O)CCCCC,-16.0,tg
*OC(=O)c1ccc(cc1)C(=O)OCCN(CC*)c1ccc(cc1)C=C(C#N)C#N,127.0,tg
*c1cc2c(C(=O)N(C2=O)c2ccc(cc2)Oc2c3c(ccc2)c(ccc3)Oc2ccc(cc2)N2C(=O)c3c(C2=O)cc(cc3)C(=O)Nc2ccc(cc2)Sc2ccc(cc2)NC(=O)*)cc1,265.0,tg
*CCCCCCN1C(=O)c2ccc(C(=O)c3ccc4c(c3)C(=O)N(*)C4=O)cc2C1=O,3.79,eps
*c1sc(nn1)c1ccc(cc1)OCCCCCCCCCCCOC(=O)c1cc(ccc1)C(=O)OCCCCCCCCCCCOc1ccc(cc1)*,53.5,tg
*OCCCCONC(*)=O,3.69,eps
*N1C(=O)c2c(C1=O)cc(cc2)Oc1ccc(cc1)C1(CCC(CC1)C(C)(C)C)c1ccc(cc1)Oc1cc2c(C(=O)N(C2=O)c2ccc(cc2)Oc2ccc(cc2)C2(C3CC4CC(CC2C4)C3)c2ccc(cc2)Oc2ccc(cc2)*)cc1,266.0,tg
*c1cc(CCCCCCCC)c(*)s1,2.5682,egc
*Oc1ccc(cc1)N=C(c1ccc(cc1)Oc1ccc(cc1)C(c1ccc(cc1)Oc1ccc(cc1)C(=Nc1ccc(cc1)*)c1ccccc1)(C)C)c1ccccc1,155.0,tg
*NC(=O)c1ccc(C(*)=O)s1,7.093,ei
*CCCCCCCCCCCCCCCCCCCCOC(=O)C(=O)O*,5.2426,egc
*OC(C)C(=O)OCC(*)=O,5.9109,egc
*C(C*)c1ccc(cc1)O,161.43,tg
*N1C(=O)c2c(C1=O)cc(cc2)C(=O)Oc1ccc(cc1)C1(CCCCC1)c1ccc(cc1)OC(=O)CCCCC*,122.0,tg
*C=CCCCCCCCCCC*,-53.0,tg
*Oc1ccc(cc1)C(c1ccc(cc1)OC(=O)CC(CCC(=O)*)C)(C)C,56.0,tg
*c1cc2c(nc(cc2c2ccccc2)Oc2nc3c(c(c2)c2ccccc2)cc(cc3)c2ccc(cc2)c2ccc(cc2)*)cc1,308.0,tg
*C(=O)c1ccc(-c2ccc(C(*)=S)cc2)cc1,5.49,eps
*OC(COC(=O)Nc1ccc(cc1)Cc1ccc(cc1)NC(=O)*)c1occc1,40.0,tg
*O[Si](O[Si](*)(c1c(c(c(c(c1F)F)F)F)F)C)(C)C,-65.0,tg
*C(C=C1)=CC=C1OC(=S)C(S2)=CC=C2*,2.8495,egc
*N1C(=O)c2c(C1=O)cc(cc2)c1cc2c(C(=O)N(C2=O)c2c(cc(cc2)c2cc(c(cc2)*)C)C)cc1,300.67,tg
*C1C(=O)N(C(=O)C1CC*)CC,109.2,tg
*CCCCOc1ccc(OC(=O)c2ccc(C(=O)Oc3ccc(O*)cc3)c(C(=O)OCC=C)c2)cc1,3.1899,egc
*N=P(*)(OCc1ccc(cc1)c1ccccc1)OCc1ccc(cc1)c1ccccc1,52.0,tg
*C#Cc1sc(-c2sc(*)c3c2OCCO3)c2c1OCCO2,1.7209,egc
*c1ccc(NC(F)(F)C(*)(F)F)cc1,1.7935,nc
*C(C*)c1ncccc1,105.0,tg
*Oc1ccc(cc1)S(=O)(=O)c1ccc(cc1)Oc1ccc(cc1)c1ccc(cc1)c1ccc(cc1)*,251.0,tg
*Oc1c(cc(cc1C)c1cc(c(c(c1)C)Oc1ccc(cc1)C(=O)c1ccc(cc1)*)C)C,246.64,tg
*O[Si](c1cc2c(cc1)ccc(c2)[Si](*)(C)C)(C)C,26.0,tg
*Oc1ccc(Oc2ccc(OC(=O)c3cccc(C(*)=O)c3)cc2)cc1,3.4373,egc
*c1ccc(NC(F)(F)C(*)(F)F)cc1,6.1304,ei
*c9ccc(C8(c5ccc(n4c(=O)c3ccc(C(=O)c2ccc1c(=O)n(*)c(=O)c1c2)cc3c4=O)cc5)c6ccccc6c7ccccc78)cc9,2.4589,egc
*c1nc(ccc1)Oc1c(cc(cc1)O*)C,89.0,tg
*Oc1ccc(C(c2ccc(OC(*)=O)cc2)C2CCCCC2)cc1,4.5492,egc
*CCC(C=C1)=CC=C1C(=S)*,2.742,egc
*O[Si](*)(CCC)c1ccccc1,40.6,tg
*Cc1ccc(-c2ccc(C(*)=S)cc2)cc1,2.5561,egb
*Oc1c2c(ccc1)ccc(c2)Oc1ccc(cc1)NC(=O)c1ccc(cc1)Oc1ccc(cc1)Oc1ccc(cc1)C(=O)Nc1ccc(cc1)*,224.0,tg
*C(C*)(C(=O)OC12CC3(CC(CC(C1)C3)(C2)C)C)CC(=O)OC,144.0,tg
*C(=O)c1ccc2c(c1)C(=O)N(c1ccc(N3C(=O)c4ccc(*)cc4C3=O)nc1)C2=O,3.0206,egc
*CC(O)COc1ccc(O*)cc1,4.7923,egc
*c1cc2c(C(=O)N(C2=O)c2c(cc(cc2)c2cc(c(cc2)N2C(=O)c3c(C2=O)cc(cc3)C(*)(C(F)(F)F)C(F)(F)F)OC(=O)C=Cc2ccccc2)OC(=O)C=Cc2ccccc2)cc1,181.0,tg
*C=CCCCCCCCCCC(CCCCCCCCC*)COCCOCCOCCOCCOCc1c2ccc3cccc4ccc(cc1)c2c34,-36.0,tg
*NC(=O)Nc1ccc(*)s1,2.0074,nc
*NC(C=C1)=CC=C1C(C=C2)=CC=C2O*,4.0962,egc
*c1cc2c(C(=O)N(C2=O)c2c(cc(cc2C)Cc2cc(c(c(c2)C)N2C(=O)c3c(C2=O)cc(cc3)C(=O)OCCN(CCOC(=O)*)c2ccc(cc2)N=Nc2ccc(cc2)[N+](=O)[O-])C)C)cc1,179.0,tg
*c1cc2c(C(=O)N(C2=O)c2ccc(cc2)Oc2cc(ccc2)c2nc(cc(c2)c2ccccc2)c2cc(ccc2)Oc2ccc(cc2)N2C(=O)c3c(C2=O)cc(cc3)C(*)(C(F)(F)F)C(F)(F)F)cc1,180.0,tg
*OC(=O)CCC(=O)OCC(C*)(C)C,-18.0,tg
*CC(*)(F)C(=O)OC,6.8022,egc
*N1C(=O)c2c(C1=O)cc(cc2)C(=O)Oc1ccc(cc1)c1ccc(cc1)OC(=O)c1cc2c(C(=O)N(C2=O)CCCCCCC*)cc1,117.0,tg
*CCCCC(N)C(=O)N*,5.746,egc
*Oc1ccc(cc1)C1(CC2C(CC1)CCCC2)c1ccc(cc1)Oc1ccc(cc1)C(=O)c1cc(ccc1)C(=O)c1ccc(cc1)*,194.0,tg
*c1sc(cc1)C(=O)Oc1ccc(cc1)[Si](c1ccc(cc1)OC(=O)*)(c1ccccc1)C,-71.0,tg
*CC(OC1CCCCC1)C1C(=O)OC(=O)C1*,5.6267,egc
*OP(=O)(N=Nc1ccc(cc1)Oc1ccc(cc1)N=NP(=O)(OCCOCC*)OC)OC,32.0,tg
*c1cc2c(C(=O)N(C2=O)c2cc(ccc2)C(=O)c2ccc(cc2)Cc2cc(ccc2)N2C(=O)c3c(C2=O)cc(cc3)C(=O)*)cc1,265.5,tg
*c1c2C(=O)N(C(=O)c2c(c2ccccc12)c1ccc(cc1)Oc1ccc(cc1)C(=O)c1ccc(cc1)Oc1ccc(cc1)*)c1cc(ccc1)C(F)(F)F,252.0,tg
*CC(=S)C(=O)C(=S)*,1.5344,egc
*C(C*)OC(=O)CCC,-10.1,tg
*NC(=O)c1c(cc(cc1)C(=O)NCCCCCCCCCCCC*)Sc1ccccc1,92.0,tg
*CNc1ccc(O*)cc1,0.7695,eea
*C(C*)C(=O)OCCC(OC)C,-56.0,tg
*c1ccc(Oc2cccc(Oc3ccc(-n4c(=O)c5cc6c(=O)n(*)c(=O)c6cc5c4=O)cc3)c2C#N)cc1,2.6202,egc
*C(C*)c1c(cc(cc1C)C)C,126.0,tg
*NC(=S)Nc1ccc(NC(=S)Nc2ccc(Oc3ccc(*)cc3)cc2)cc1,5.43,eps
*CC(=O)NC(*)=S,5.8386,ei
*C=Cc1ccc(-c2ccc(*)s2)s1,1.9942,egc
*C(=O)c1ccc(N(*)CCCCCCCC)cc1,3.611,egc
*C(=O)Oc1ccc(-c2ccc(OC(=O)c3ccc4c(c3)C(=O)N(c3ccc(Oc5ccc(N6C(=O)c7ccc(*)cc7C6=O)cc5)cc3)C4=O)cc2)cc1,2.6231,egc
*N1C(=O)c2c(C1=O)cc(cc2)C(c1cc2c(C(=O)N(C2=O)CCC*)cc1)(C(F)(F)F)C(F)(F)F,190.0,tg
*CC(*)C(=O)OCCCCSC,4.571,egc
*CCC(=O)N*,3.61,eps
*Oc1ccc(OC(=O)c2ccc(C(*)=O)cc2)cc1Cl,3.9402,egc
*C(C*)(C(=O)OCCCC)Cl,42.0,tg
*C(C*)(CC(=O)OCCOCCOC)C(=O)OCCOCCOC,-59.4,tg
*Cc1ccc(Oc2ccc(*)s2)cc1,4.0475,egb
*NC(=O)CCCCCCC(=O)NCCCCCC*,52.67,tg
*C(C*)(C(=O)OCC1OC1)C,62.81,tg
*N=P(*)(NCC)NCC,30.0,tg
*C(C*)c1c(ccc(c1)C(=O)Oc1ccc(cc1)OCCCCCCCC)C(=O)Oc1ccc(cc1)OCCCCCCCC,105.0,tg
*C(C*)OCCOc1ccc(cc1)N=Nc1ccc(cc1)[N+](=O)[O-],54.0,tg
*CCC(S1)=CC=C1O*,4.8828,egc
*Oc1ccc(OC(=O)CCC(*)=O)cc1,5.0485,egc
*C(=O)Nc1ccc(Oc2ccc(NC(=O)c3cccc(*)n3)cc2)cc1,3.4406,egc
*C1(c2c(C(=O)N1)cccc2)c1ccc(cc1)OC(=O)c1cc(ccc1)C(=O)Oc1ccc(cc1)*,325.0,tg
*CC(=O)c1ccc(-c2ccc(*)s2)s1,4.89,eps
*Oc1ccc(cc1)S(=O)(=O)c1ccc(cc1)Oc1ccc(cc1)C=Nc1ccc(cc1)Oc1ccc(cc1)N=Cc1ccc(cc1)*,162.0,tg
*Oc1c(cc(cc1)c1ccc(cc1)OC(=O)c1ccc(cc1)C(=O)*)c1ccccc1,132.0,tg
*c1cc2c(C(=O)N(C2=O)c2cc(c(cc2)Oc2c(cccc2)Oc2c(cc(cc2)N2C(=O)c3c(C2=O)cc(cc3)C(*)(C(F)(F)F)C(F)(F)F)C(F)(F)F)C(F)(F)F)cc1,247.0,tg
*NC(=O)CCCCCCCCCC(=O)NCCc1ccc(cc1)CC*,96.0,tg
*CCCc1ccc(*)s1,3.2,eps
*N1C(=O)c2c(C1=O)cc(cc2)Oc1c(cccc1)Oc1cc2c(C(=O)N(C2=O)c2cc(c(cc2)Oc2c(cc(cc2C)c2cc(c(c(c2)C)Oc2c(cc(cc2)*)C(F)(F)F)C)C)C(F)(F)F)cc1,270.0,tg
*CC(=S)OC(*)=S,2.7744,egb
*Oc1ccc(cc1)C(c1ccc(cc1)OC(=O)CN(CC(=O)*)c1ccc(cc1)N=Nc1ccc(cc1)[N+](=O)[O-])(C)C,152.0,tg
*Oc1ccc(cc1)C(c1ccc(cc1)Oc1ccc(cc1)C(=O)c1ccc(cc1)Oc1ccc(cc1)C(=O)c1ccc(cc1)*)(C)C,162.0,tg
*c1cc2c(C(=O)N(C2=O)c2c(cc(c(c2)N2C(=O)c3c(C2=O)cc(cc3)C(*)(C(F)(F)F)C(F)(F)F)O)O)cc1,324.0,tg
*NC(=O)CCCC(=O)NCc1c(c(c(c(c1C)C)C*)C)C,192.0,tg
*CNCc1ccc(*)s1,4.1265,egb
*Oc1ccc(cc1)CC(NC(=O)CCc1ccc(cc1)OC(=O)CCC(CC(=O)*)C)C(=O)OCc1ccccc1,55.0,tg
*OC(=O)Nc1c(ccc(c1)NC(=O)OCCN(CC*)CCCCCCOc1ccc(cc1)C=Cc1ccc(cc1)[N+](=O)[O-])C,58.5,tg
*Oc1ccc(cc1)OC(=O)c1ccc(cc1)C(c1ccc(cc1)C(=O)*)(C)C,195.0,tg
*C(C*)CC(C)C,45.5,tg
*Nc1c(F)c(F)c(-c2ccc3cc(-c4ccc5c(c4)C(=O)N(c4cccc(*)c4)C5=O)ccc3c2)c(F)c1F,2.918,egc
*OS(=O)(=O)c1cc(ccc1)S(=O)(=O)Oc1ccc(cc1)C(c1ccc(cc1)*)(C)C,117.5,tg
*c1cc2c(C(=O)N(C2=O)c2ccc(cc2)Oc2ccc(cc2)N2C(=O)c3c(C2=O)cc(cc3)C(=O)Nc2ccc(cc2)Cc2ccc(cc2)NC(=O)*)cc1,270.0,tg
*c1ccc(Oc2ccc(-n3c(=O)c4cc5c(=O)n(-c6ncc(*)s6)c(=O)c5cc4c3=O)cc2)cc1,1.9001,egc
*c1c(nc2c(n1)cc(cc2)Oc1ccc(cc1)NC(=O)CN1C(=O)c2c(C1=O)cc(cc2)C(c1cc2c(C(=O)N(C2=O)CC(=O)Nc2ccc(cc2)Oc2cc3c(nc(c(n3)c3ccc(cc3)*)c3ccccc3)cc2)cc1)(C(F)(F)F)C(F)(F)F)c1ccccc1,280.0,tg
*C(C*)(C(=O)Oc1cc(cc(c1)C)C)C,106.0,tg
*CCCCCCCCCCn1c(=O)c2cc3c(=O)n(*)c(=O)c3cc2c1=O,3.7892,egc
*OC1CCC(OC(=O)OCCCCCCCOC(*)=O)CC1,7.2009,egc
*CCOC(=O)NCCSCCCCSCCNC(=O)O*,5.1094,egb
*c1ccc(*)n1C(=O)OCC,2.3493,egc
*OC(C(=O)NC(C(=O)*)C)C,57.65,tg
*C(F)(F)C1(F)C(F)(F)C(*)(F)C(F)(F)C(F)(Cl)C1(F)F,7.2365,egc
*Nc1ccc(*)cc1O,3.4121,egc
*CCCCCCCCCCOC(=O)CC=CCC(=O)O*,6.0213,egc
*Oc1ccc(cc1)OC(=O)c1ccc(cc1)C(=O)Oc1ccc(cc1)OCCCCCC*,53.0,tg
*N(CC*)C(=O)C1CC1,77.0,tg
*C(=S)Oc1ccc(-c2ccc(*)cc2)s1,2.1962,nc
*CNC(=O)NCOCO*,6.2147,egc
*C1(c2c(C(=O)O1)cccc2)c1cc(c(cc1)OC(=O)c1cc(ccc1)C(=O)Oc1c(cc(cc1)*)C)C,273.0,tg
*Oc1c2c(c(cc1)C(=O)c1ccc(cc1)Oc1ccc(cc1)C1(c3ccccc3c3ccccc13)c1ccc(cc1)*)cccc2,260.0,tg
*Oc1ccc(cc1)C1(CCCCC1)c1ccc(cc1)OC(=S)*,155.0,tg
*Oc1ccc(cc1)C1(c2c(CC1)cccc2)c1ccc(cc1)OC(=O)c1ccc(cc1)C(=O)*,312.0,tg
*c1ccc(cc1)C(=Cc1c(cc(c(c1)OC)C=C(*)c1ccc(cc1)F)OC)c1ccc(cc1)F,193.0,tg
*NC(Cc1ccc(O)cc1)C(*)=O,4.9252,egc
*Oc1ccc(cc1)C1(c2ccccc2c2ccccc12)c1ccc(cc1)OC1(C(C(C1(F)F)(F)F)(*)F)F,228.0,tg
*C(C*)CCCCCCCCCCCCCC,-24.0,tg
*C(C*)(C(=O)OC1CCC1)C,119.0,tg
*CCC(O*)(C(F)(F)F)C(F)(F)F,1.5724,nc
*C(C*)c1ccc(cc1)C(=O)CCCCC,66.0,tg
*CC#CC#CCOc1ccc(C(C)(C)c2ccc(O*)cc2)cc1,4.3962,egc
*NC(=O)CC(c1ccc(cc1)C(CC(=O)NCCCCCC*)(C)C)(C)C,91.0,tg
*C1OC2C(C1OC(=O)OC*)OC(O2)(C)C,128.0,tg
*Cc1ccc(C*)cc1,3.97,eps
*c1cc2c(C(=O)N(C2=O)c2cc(ccc2)Nc2nc(nc(n2)Nc2cc(ccc2)N2C(=O)c3c(C2=O)cc(cc3)C(=O)*)c2ccccc2)cc1,292.0,tg
*CC1CCC(CNC(=O)c2cc(C(=O)N*)cc(C(C)(C)C)c2)CC1,4.8744,egc
*CC(*)F,3.36,eps
*SCC(=O)NCCCCCCNC(=O)C*,-7.0,tg
*CCCCCCCNC(=O)CCCCCCCCCC(=O)N*,5.7365,egc
*CNCc1ccc(*)cc1,6.259,ei
*NC1CCC(CC1)CC1CCC(CC1)NC(=O)CCCCCCCCCCCCC(=O)*,131.0,tg
*C=CC(C(*)C(=O)OCc1ccccc1)C(=O)OCc1ccccc1,21.0,tg
*Nc1cc(cc(c1)C(=O)Nc1ccc2C(=O)c3c(C(=O)c2c1)cccc3)NC(=O)NC1CCC(CC1)CC1CCC(CC1)NC(=O)*,148.0,tg
*OC(=O)NCC(C(C(C(CNC(=O)OCCCC*)(F)F)(F)F)(F)F)(F)F,33.0,tg
*c1ccc(-c2ccc(-c3cc(CCCCCCCC)c(*)s3)s2)s1,2.4777,egc
*CCC(F)(F)C(*)(F)F,9.0178,ei
*Oc1cc(cc(c1)[N+](=O)[O-])Oc1ccc(cc1)C(c1ccc(cc1)*)(C)C,150.0,tg
*C=CC(=C(C)C)C(*)=C(C)C,3.4443,egc
*C(=C(*)C)[Si](CC[Si](C)(C)C)(C)C,200.0,tg
*Oc1c2c(c(cc1)c1c3c(c(cc1)Oc1ccc(cc1)Oc1ccc(cc1)Oc1ccc(cc1)*)cccc3)cccc2,147.0,tg
*c1ccc(cc1)C=C1C(=O)C(=Cc2ccc(cc2)C(=O)c2cc(ccc2)C(=O)*)CC1,190.0,tg
*C(C=C1)=CC=C1C(=S)C(S2)=CC=C2O*,2.6462,egc
*CC(=O)Oc1ccc(*)s1,1.4534,eea
*C(F)(F)C(F)(F)CC(C=C1)=CC=C1*,5.1278,egc
*CCN(*)C(=O)c1cc(F)ccc1F,4.4693,egc
*N1C(=O)c2c(C1=O)cc(cc2)C(=O)Oc1c(cc(cc1)OC(=O)CCCC*)C,75.76,tg
*C(=O)Nc1cccc(NC(=O)c2ccc3[nH]c(-c4cccc(-c5nc6cc(*)ccc6[nH]5)c4)nc3c2)n1,3.4965,egc
*OC(=O)c1ccc(cc1)C(=O)OCC(C(C*)CCCCCCCCCC)CCCCCCCCCC,-38.0,tg
*N1C(=O)c2c(C1=O)cc(cc2)C(=O)c1cc2c(C(=O)N(C2=O)CCCCCCOC(=O)OCCCOC(=O)OCCCCCC*)cc1,61.0,tg
*c1cc2c(C(=O)N(C2=O)c2ccc(cc2)C(=O)OCCOCCOC(=O)*)cc1,101.0,tg
*OC(COC(*)=O)COc1ccccc1,5.4034,egc
*Cc1ccc(C(=O)O*)cc1,7.179,ei
*Nc1ccc(-c2ccc(-c3ccc(*)s3)cc2)s1,2.4847,nc
*Nc1cc(cc(c1)C(=O)OCCOC(=O)C=Cc1ccc(cc1)N(C)C)NC(=O)c1ccc(cc1)C(=O)*,198.0,tg
*C(C*)C(=O)OCCOC(=O)c1cc(cc(c1)[N+](=O)[O-])[N+](=O)[O-],60.8,tg
*C(C*)c1ccc(cc1)OCCOCCOC(=O)C,-3.0,tg
*Oc1cc(c(cc1)C(c1c(cc(cc1)OC(=O)*)C)c1ccccc1)C,182.0,tg
*CC(CS(=O)(=O)CCC)O*,6.0251,egc
*CCOC(=S)NC(=S)C(C=C1)=CC=C1N*,2.7606,egc
*C(C*)c1c(cccc1)C(=O)OC(C)C,146.0,tg
*Oc1ccc(CC(NC(=O)CCc2ccc(OC(=O)CCCCCCC(*)=O)cc2)C(=O)OCC)cc1,5.0929,egc
*C(C*)(C(=O)OC1CCOCC1)C,153.5,tg
*CC(CC(C)(C)C)O*,5.3855,egc
*Oc1c2c(ccc1)ccc(c2)Oc1ccc(cc1)NC(=O)c1ccc(cc1)Oc1c(cccc1)Oc1ccc(cc1)C(=O)Nc1ccc(cc1)*,180.0,tg
*Oc1ccc(cc1)C(c1ccc(cc1)Oc1ccc(cc1)C(=O)c1ccc(cc1)*)(C)C,155.23,tg
*c1ccc(-c2ccc(N3C(=O)c4ccc(Oc5ccc6c(c5)C(=O)N(*)C6=O)cc4C3=O)cc2)cc1,3.0187,egc
*Nc1ccc(NC(=O)CCC(*)=O)cc1,4.4554,egc
*Cc1ccc(C(=S)c2ccc(*)s2)cc1,2.5143,egb
*OC(C)COC(=O)CCCCC(*)=O,6.5974,egb
*CCCCCCCCCCCCO*,6.2452,egc
*C(=O)c1ccc2c(c1)C(=O)N(c1cc(-c3nc4ccccc4s3)cc(N3C(=O)c4ccc(*)cc4C3=O)c1)C2=O,2.5125,egc
*c1oc(nn1)c1c2c(c(cc1)Oc1c3c(c(cc1)C=Cc1ccc(cc1)Oc1c4c(c(cc1)*)cccc4)cccc3)cccc2,241.0,tg
*NC(=O)OC(C=C1)=CC=C1*,4.5955,egc
*OC(=O)NC1CC(CC(C1)(CNC(=O)OCCN(CC*)c1ccc(cc1)N=Nc1ccc(cc1)P(=O)(c1ccccc1)c1ccccc1)C)(C)C,163.0,tg
*Oc1ccc(cc1)S(=O)(=O)c1ccc(cc1)Oc1c(cc(cc1)C(c1cc(c(cc1)*)N)(C)C)N,230.4,tg
*OC(=O)NCC(C(C(C(CNC(=O)OCC(C(C*)(F)F)(F)F)(F)F)(F)F)(F)F)(F)F,38.0,tg
*N1C(=O)c2c(C1=O)cc(cc2)Oc1c(cccc1)Oc1cc2c(C(=O)N(C2=O)c2ccc(cc2)Oc2ccc(cc2)Oc2ccc(cc2)*)cc1,202.0,tg
*C(=O)OCCCCCCOC(=O)N1CCN(*)CC1,5.9678,egc
*OC(=O)c1ccc(cc1)c1ccc(cc1)C(=O)OCCCCCCCCC*,43.75,tg
*N1C(=O)c2c(C1=O)cc(cc2)Oc1cc2c(C(=O)N(C2=O)c2cc(c(cc2)Oc2c(cccc2)Oc2c(cc(cc2)*)C(F)(F)F)C(F)(F)F)cc1,223.0,tg
*N1C(=O)c2c(C1=O)cc(c(c2)c1ccc(cc1)[Si](C)(C)C)c1cc2c(C(=O)N(C2=O)c2ccc(cc2)Cc2ccc(cc2)*)cc1c1ccc(cc1)[Si](C)(C)C,348.0,tg
*c1ccc(C(=O)Nc2ccc(Oc3ccc(NC(=O)c4ccc(Oc5ccc(-c6nn(*)c(=O)c7ccccc67)c6ccccc56)cc4)cc3)cc2)cc1,3.2201,egc
*OC(=O)c1cc(ccc1)C(=O)OCCCCCC*,5.5,tg
*c1nc2c([nH]1)ccc(c2)c1ccc2c(nc([nH]2)CCC*)c1,275.0,tg
*C(=O)c1ccc2c(c1)C(=O)N(c1ccc(Oc3ccc(S(=O)(=O)c4ccc(Oc5ccc(N6C(=O)c7ccc(*)cc7C6=O)cc5)cc4)cc3)cc1)C2=O,2.6168,egc
*C(C*)(C(=O)Oc1c(cccc1C(C)C)C(C)C)C,198.0,tg
*CNON*,1.7453,nc
*c1cccc(*)n1,3.8339,egc
*c1[nH]c(nc1c1ccc(cc1)Oc1ccc(cc1)S(=O)(=O)c1ccc(cc1)Oc1ccc(cc1)*)c1ccccc1,277.0,tg
*C=CC1CC(*)C2C(=O)N(c3ccc(C)cc3)C(=O)C12,5.2272,egc
*OC(COC(=O)c1cc(c(cc1)C(=O)*)OC)COc1ccc(cc1)N=Nc1ccc(cc1)C#N,120.0,tg
*CNON*,4.8889,egb
*OP(=O)(Oc1c(cc(cc1C)S(=O)(=O)c1cc(c(c(c1)C)*)C)C)Oc1ccc(cc1)OC,147.0,tg
*CNCO*,1.6697,nc
*CC(COCCCCCC)O*,5.6762,egc
*NC(CCC(=O)OCCC)C(*)=O,5.8843,egc
*CCc1cc(Cl)c(*)c(Cl)c1,5.1758,egc
*S(=O)(=NP(=NP(=N*)(NC)NC)(NC)NC)NC,22.0,tg
*c1cc2c(C(=O)N(C2=O)c2c(cc(cc2)c2cc(c(cc2)N2C(=O)c3c(C2=O)cc(cc3)C(=O)Nc2ccc(cc2)C(c2ccc(cc2)NC(=O)*)(C(F)(F)F)C(F)(F)F)OC)OC)cc1,250.0,tg
*Oc1cc(ccc1)Oc1ccc(cc1)Oc1c(cc(cc1)S(=O)(=O)c1cc(c(cc1)Oc1ccc(cc1)Oc1cc(ccc1)Oc1ccc(cc1)c1ccc(cc1)*)S(=O)(=O)O[Na])S(=O)(=O)O[Na],283.0,tg
*c1cc2c(C(=O)N(C2=O)c2cc(c(cc2)Oc2c(cc(cc2)N2C(=O)c3c(C2=O)cc(cc3)C(=O)*)c2cc(c(c(c2)F)F)F)c2cc(c(c(c2)F)F)F)cc1,342.0,tg
*NC(C=C)CC(*)=O,5.5439,egc
*Oc1ccc(cc1)C(=Cc1ccc(cc1)OCC(COC(=O)CCCCCCCCC(=O)OCC(C*)O)O)C,30.0,tg
*C(C*)C(=O)OC1C2(CCC(C1)C2(C)C)C,98.6,tg
*Oc1cc(ccc1)NC(=O)c1ccc(cc1)C(=O)Nc1cc(ccc1)OCCCCC*,135.0,tg
*Oc1ccc(cc1)N=CC=Nc1ccc(cc1)OC(=O)Nc1c(ccc(c1)NC(=O)*)C,76.0,tg
*CC(CCl)(CCl)C(=O)O*,6.551,egc
*Oc1c2c(c(cc1)OC(=O)c1ccc(cc1)Oc1ccc(cc1)C(=O)*)cccc2,166.0,tg
*NOc1ccc(O*)cc1,4.11,eps
*N1C(=O)c2c(C1=O)cc(cc2)Oc1ccc(cc1)Oc1cc2c(C(=O)N(C2=O)c2ccc(cc2)c2ccc(cc2)*)cc1,266.0,tg
*CC(O*)C(F)(F)F,7.9431,ei
*CC(*)C(=O)OCC(F)(F)C(F)(F)C(F)(F)C(F)(F)C(F)(F)C(F)(F)C(F)(F)F,6.2833,egc
*C(C*)(C(=O)OCCN(c1ccc(cc1)N=Nc1sc2c(n1)ccc(c2)[N+](=O)[O-])CC)C,140.0,tg
*Nc1ccc(NO*)cc1,4.2,eps
*C(=O)Nc1ccc(NC(=O)c2ccc(NC(=O)c3ccc(-c4nc5cc(*)ccc5[nH]4)cc3)cc2)cc1,2.7114,egc
*Nc1ccc(NC(=O)CCCC(*)=O)cc1,3.9291,egc
*c1cc(*)c(O)c(C=O)c1,3.2778,egc
*Oc1ccc(cc1)c1ccc(cc1)OC(=O)c1c(cc(c(c1)OCCCCCC)C(=O)*)OCCCCCC,113.0,tg
*Nc1ccc(-c2ccc(-c3ccc(*)s3)s2)s1,4.3058,ei
*NCCCNC(=O)NC(*)=O,6.0227,egb
*Oc1ccc(cc1)S(=O)(=O)c1ccc(cc1)Oc1ccc(cc1)C(c1ccc(cc1)*)(C)C,183.86,tg
*N1C(=O)c2c(C1=O)cc(cc2)Oc1cc2c(C(=O)N(C2=O)c2c(ccc(c2)C(c2cc(c(cc2)OCCN(c2ccc(cc2)C=CC2=CC(=C(C#N)C#N)CC(C2)(C)C)CC)*)(C(F)(F)F)C(F)(F)F)OCCN(c2ccc(cc2)C=CC2=CC(=C(C#N)C#N)CC(C2)(C)C)CC)cc1,202.0,tg
*C(=O)c1cccc(C(=O)c2ccc3c(c2)C(=Nc2cccc(N=C4OC(=O)c5cc(*)ccc54)c2)OC3=O)c1,2.869,egc
*Nc1ccc(C(=S)c2ccc(*)cc2)cc1,5.3904,ei
*Oc1ccc(cc1)NC(=O)c1cc(cc(c1)NC(=O)c1ccc(cc1)OC(=O)C)C(=O)Nc1ccc(cc1)Oc1ccc(cc1)C(c1ccc(cc1)*)(C)C,243.0,tg
*CC(=O)c1ccc(O*)cc1,3.8893,egb
*c1cc2c(C(=O)N(C2=O)c2ccc(cc2)Oc2ccc(cc2)N2C(=O)c3c(C2=O)cc(cc3)C(=O)Nc2ccc(cc2)Oc2ccc(cc2)Oc2ccc(cc2)NC(=O)*)cc1,260.0,tg
*c1cc2c(C(=O)N(C2=O)c2c3c(ccc2)c(ccc3)N2C(=O)c3c(C2=O)cc(cc3)C(=O)Nc2c(c(cc(c2)C(c2cc(c(c(c2)NC(=O)*)C)C)(C(F)(F)F)C(F)(F)F)C)C)cc1,250.0,tg
*c1ccc(-n2c(=O)c3cc4c(=O)n(*)c(=O)c4cc3c2=O)cc1,2.8625,egc
*C(C*)(C(=O)OC)C,103.23,tg
*C1COC2C1OCC2OC(=O)C(NC(=O)CCCCCCCCC(=O)NC(C(=O)O*)C)C,57.0,tg
*Oc1ccc(Oc2ccc(C=NCCCCN=Cc3ccc(*)cc3)cc2)cc1,4.1246,egc
*c1cccc(-c2nc3ccc(-c4ccc5oc(*)nc5c4)cc3o2)c1,3.5292,egc
*CC(=O)O*,1.2063,eea
*C(C*)(C(=O)OCC(F)(F)F)F,117.75,tg
*C1(C(C(C1(F)F)(C(*)(F)F)F)(F)F)F,122.0,tg
*OC(=O)CCCCCCC(=O)OCCCCCCCCCC*,-22.0,tg
*CC(C#N)(C#N)CC(C#N)(C#N)C(C#N)C(C#N)(C#N)*,6.9307,egc
*S(=O)(=O)c1ccc(cc1)Nc1c(cc(cc1)C1(c2ccccc2c2ccccc12)c1cc(c(cc1)Nc1ccc(cc1)*)F)F,145.0,tg
*c1cc2c(C(=O)N(C2=O)c2ccc(cc2)S(=O)(=O)c2ccc(cc2)N2C(=O)c3c(C2=O)cc(cc3)C(=O)Nc2cc(ccc2)NC(=O)*)cc1,311.0,tg
*c1sc(c(c1c1ccccc1)c1ccccc1)c1ccc(cc1)CC(=O)Nc1cc(ccc1)NC(=O)Cc1ccc(cc1)*,228.0,tg
*NC(C)C(=O)NCCCC(*)=O,5.7766,egc
*N1C(=O)c2c(C1=O)cc(cc2)Oc1ccc(cc1)C(c1ccc(cc1)Oc1cc2c(C(=O)N(C2=O)c2cc(ccc2)*)cc1)(C)C,221.3,tg
*c1ccc(-c2nnc(-c3nnc(*)o3)o2)cc1,2.9171,egc
*c1cc2c(C(=O)N(C2=O)c2cc(ccc2)C(C(C(C(C(c2cc(ccc2)N2C(=O)c3c(C2=O)cc(cc3)C(C(C(*)(F)F)(F)F)(F)F)(F)F)(F)F)(F)F)(F)F)(F)F)cc1,104.5,tg
*N1C(=O)c2c(C1=O)cc(cc2)S(=O)(=O)c1cc2c(C(=O)N(C2=O)c2cc(ccc2)c2cc(cc(c2)C(=O)Nc2ccc(cc2)OC(=O)c2cc(c(c(c2)OCCCCCCCCCCCC)OCCCCCCCCCCCC)OCCCCCCCCCCCC)c2cc(ccc2)*)cc1,268.0,tg
*CCCCCCNC(=O)c1cccc(C(=O)N*)c1,5.0813,egc
*CCCCCCCCCCOC(=O)NCCCCCCCCCCNC(=O)O*,6.2681,egc
*Cc1ccc(C(=S)c2ccc(*)s2)cc1,3.0211,eea
*Oc1ccc(cc1)Oc1ccc(cc1)OCCCCCCOC(=O)OCCCCOC(=O)OCCCCCC*,-8.0,tg
*C(=O)Nc1cccc(NC(=O)c2ccc3[nH]c(-c4cccc(-c5nc6cc(*)ccc6[nH]5)c4)nc3c2)c1,3.3364,egc
*C(=O)C(S1)=CC=C1C(S2)=CC=C2O*,2.6473,egc
*C1C(=O)N(C(=O)C1C(C*)(C)C)c1c(cccc1C)C,237.0,tg
*c1nc2c(nc1c1ccccc1)cc(cc2)S(=O)(=O)c1cc2c(nc(c(n2)c2ccccc2)c2ccc(cc2)*)cc1,345.0,tg
*C(*)C(=O)OCC,12.35,tg
*N1C(=O)c2c(C1=O)cc(cc2)Oc1ccc(cc1)Sc1ccc(cc1)Oc1cc2c(C(=O)N(C2=O)c2ccc(cc2)Oc2ccc(cc2)Sc2ccc(cc2)Oc2ccc(cc2)*)cc1,195.5,tg
*C(=O)c1cccc(C(=O)N(C)c2cccc(N(*)C)c2)c1,4.4341,egc
*C1(CC(c2c1cc(cc2)*)(C)C)C,212.75,tg
*c1nc2c(c(c1c1ccccc1)c1ccccc1)cc(cc2)Oc1cc2c(nc(c(c2c2ccccc2)c2ccccc2)c2ccc(cc2)*)cc1,345.0,tg
*CCC(=O)c1ccc(*)cc1,6.8635,ei
*Cc1ccc(C(=O)c2ccc(*)s2)cc1,4.07,eps
*Oc1ccc(cc1)c1ccc(cc1)Oc1ccc(cc1)C(=O)c1c(cccc1)c1c(cccc1)C(=O)c1ccc(cc1)*,193.0,tg
*C(C*)C(=O)Nc1cc(ccc1)Cl,70.0,tg
*N1C(=O)c2c(C1=O)cc(cc2)Oc1ccc(cc1)C(=O)Nc1ccc(cc1)Oc1ccc(cc1)Oc1ccc(cc1)*,242.0,tg
*C(C*)(C(=O)Oc1c(cc(cc1)C)C)C,109.0,tg
*NC(=O)C(=S)c1ccc(*)cc1,3.6154,eea
*C(=O)NCCCCCCNC(=O)c1cccc(*)n1,4.786,egc
*CCCOC(=O)CCCCCCC(=O)O*,6.9244,egc
*c1cc2c(C(=O)N(C2=O)c2cc(c(cc2)Oc2ccc(cc2)C(c2ccc(cc2)Oc2c(cc(cc2)N2C(=O)c3c(C2=O)cc(cc3)C(=O)*)C(F)(F)F)(C(F)(F)F)C(F)(F)F)C(F)(F)F)cc1,220.0,tg
*CC(*)C(N)=O,6.3764,egb
*CCc1ccc(*)o1,4.9056,egc
*c1cc2c(C(=O)N(C2=O)c2ccc(cc2)Oc2ccc(cc2)c2ccc(cc2)Oc2ccc(cc2)N2C(=O)c3c(C2=O)cc(cc3)C(=O)Nc2ccc(cc2)Oc2c(cccc2)c2c(cccc2)Oc2ccc(cc2)NC(=O)*)cc1,233.0,tg
*C(F)(F)C(C=C1)=CC=C1C(F)(F)C(=S)*,2.6791,egc
*N1C(=O)c2c(C1=O)cc(cc2)Oc1cc2c(C(=O)N(C2=O)c2cc(c(cc2)Oc2c(cc(cc2)*)Br)Br)cc1,251.0,tg
*CCC(=O)OC(=O)Cc1ccc(-c2ccc(*)cc2)cc1,3.47,eps
*C(=O)OC1CC2CC(OC(=O)N3CCN(*)CC3)CC(C1)O2,5.7033,egc
*N1C(=O)C2C3C4C(C(C2C1=O)C=C3)C(=O)N(C4=O)c1ccc(cc1)Sc1cc2c(C(=O)N(C2=O)c2ccc(cc2)CC)cc1Sc1ccc(cc1)*,320.0,tg
*c1oc(nn1)c1ccc(cc1)Oc1ccc(cc1)NC(=O)c1c(cc(cc1)C(=O)Nc1ccc(cc1)Oc1ccc(cc1)*)Oc1ccccc1,245.0,tg
*Oc1ccc(cc1)Oc1ccc(cc1)Nc1ccc(cc1)S(=O)(=O)c1ccc(cc1)Nc1ccc(cc1)*,144.6,tg
*c1ccc(N(c2ccc(CCCC)cc2)c2ccc(-c3ccc(*)s3)cc2)cc1,2.8955,egc
*OC(=O)CCCCCC*,-14.0,tg
*Sc1ccc(cc1)C(=O)c1ccc(cc1)C(c1ccc(cc1)C(=O)c1ccc(cc1)*)(C(F)(F)F)C(F)(F)F,175.0,tg
*c1oc2c(n1)ccc(c2)c1ccc2c(oc(n2)CCCCCCCCCCC*)c1,62.0,tg
*C(=O)C1CC(OC(=O)CCC)CN1*,5.4104,egc
*CC(=O)OC(=O)c1cccc(O*)c1,4.4815,egc
*Oc1ccc(NC(=O)CCCCCCCCCCC(=O)Nc2ccc(*)cc2)cc1,4.4722,egc
*Nc1cc(cc(c1)c1oc(nn1)c1ncccc1)NC(=O)CCCCC(=O)*,159.0,tg
*Nc1ccc(-c2ccc(C(*)=S)cc2)cc1,4.84,eps
*C(=S)C(F)(F)c1ccc(C(*)(F)F)s1,3.9,eps
*CCCCOC(=O)c1ccc(C(=O)O*)cc1,2.4936,eea
*c1cc2c(C(=O)N(C2=O)c2cc(ccc2)Oc2ccc(cc2)N2C(=O)c3c(C2=O)cc(cc3)C(=O)Nc2cc(ccc2)Oc2ccc(cc2)NC(=O)*)cc1,211.0,tg
*Oc1ccc(cc1)CC(NC(=O)Cc1ccc(cc1)OC(=O)CCCCC(=O)*)C(=O)OCC,63.0,tg
*N1C(=O)c2c(C1=O)cc(cc2)c1cc2c(C(=O)N(C2=O)c2cc(ccc2)OCCCOc2cc(ccc2)*)cc1,184.0,tg
*NC(CCC(=O)OCc1ccc(Cl)cc1)C(*)=O,5.2897,egc
*C(=S)c1ccc(-c2ccc(-c3ccc(*)cc3)cc2)s1,6.66,eps
*Oc1ccc(cc1)C(c1ccc(cc1)Oc1ccc(cc1)C(=O)c1c2c(ccc1C)c(c(cc2)C)C(=O)c1ccc(cc1)*)(C)C,222.0,tg
*C(C*)c1ccc(cc1)F,98.23,tg
*CC(=S)NC(*)=S,2.0504,nc
*CCCCCCOC(=O)NCCSCCSCCNC(=O)O*,4.7777,egb
*C(S1)=CC=C1C(S2)=CC=C2C(S3)=CC=C3O*,2.5408,egc
*c1ccc(-c2nnc(*)o2)c(OCCCCC)c1,3.0444,egc
*OC(C)COC(*)=O,7.1412,egc
*CC1CCC(CNC(=O)CCCCCCCCCCC(=O)N*)CC1,5.9594,egc
*c1ncc(cc1)c1ccc(cc1)Oc1ccc(cc1)P(=O)(c1ccc(cc1)Oc1ccc(cc1)*)c1ccccc1,257.0,tg
*Cc1ccc(C(=S)c2ccc(*)s2)cc1,4.17,eps
*Oc1ccc(P(=O)(c2ccccc2)c2ccc(*)cc2)cc1,4.8858,egc
*c1cc2c(C(=O)N(C2=O)c2cc(ccc2)S(=O)(=O)c2cc(ccc2)N2C(=O)c3c(C2=O)cc(cc3)C(*)(C(F)(F)F)C(F)(F)F)cc1,262.38,tg
*OCCCNC(=O)CCCCC(=O)NCCC*,34.0,tg
*c1ccc(cc1)c1c(cc(c(c1c1ccccc1)c1ccccc1)c1ccc(cc1)c1c(c(c(c(c1)c1ccccc1)c1ccc(cc1)CCC*)c1ccccc1)c1ccccc1)c1ccccc1,290.0,tg
*CC(COc1ccc(Cl)cc1)O*,4.8901,egc
*C(=S)c1ccc(C(=S)c2ccc(*)cc2)s1,2.4956,nc
*NC(=O)C(=S)c1ccc(*)cc1,6.5245,ei
*N1C(=O)c2c(C1=O)cc(cc2)Oc1ccc(cc1)Oc1ccc(cc1)Oc1cc2c(C(=O)N(C2=O)c2cc(ccc2)*)cc1,227.0,tg
*NNC(=O)C(=O)NNC(=O)CCCCCCCC(*)=O,3.7266,egb
*CC(=O)Oc1ccc(*)s1,4.2025,egb
*Oc1c(cc(cc1)Oc1ccc(cc1)NC(=O)c1cc(ccc1)C(=O)Nc1ccc(cc1)*)C(C)(C)C,208.0,tg
*Nc1cc(ccc1)NC(=O)Cc1c(cc(c(c1)C)CC(=O)*)C,249.0,tg
*OC(=O)Nc1ccc(cc1)Cc1ccc(cc1)NC(=O)OCCCCCCCCCCCCCCCC*,40.0,tg
*Cc1ccc(Oc2ccc(*)s2)s1,5.8606,ei
*C(C*)(F)F,-28.45,tg
*C(C*)c1ccc(cc1)C(CCC)(O)C,130.0,tg
*c1ccc2c3n(c4ccc(cc4n3)Oc3cc4n5c(nc4cc3)c3cccc4c(ccc(c5=O)c34)Oc3cc(ccc3)O*)c(=O)c3cccc1c23,369.5,tg
*c1cc2c(C(=O)N(C2=O)c2c(ccc(c2)N2C(=O)c3c(C2=O)cc(cc3)C(=O)Nc2c(cc(cc2C)Cc2cc(c(c(c2)C)NC(=O)*)C)C)N=Nc2ccc(cc2)[N+](=O)[O-])cc1,280.0,tg
*Oc1c(cc(cc1Cl)C1(C2C3C(CCC3)C(C1)C2)c1cc(c(c(c1)Cl)OC(=O)*)Cl)Cl,281.0,tg
*OC(=O)CCC(=O)OCCCCCCCCC*,31.0,tg
*N1C(=O)c2c(C1=O)c(ccc2)c1cc2c(C(=O)N(C2=O)c2ccc(cc2)OCCCCCOc2ccc(cc2)*)cc1,208.0,tg
*Nc1cc(Br)c(*)cc1Br,3.1464,egc
*Nc1c(Br)cc(*)cc1Br,4.3604,egc
*CCC(C=C1)=CC=C1O*,4.9179,egc
*c1oc(nn1)c1ccc(cc1)C(=O)OCCCCCCOc1ccc(cc1)C=C1C(=O)C(=Cc2ccc(cc2)OCCCCCCOC(=O)c2ccc(cc2)*)CCCC1,104.0,tg
*Oc1ccc(OC(=O)c2ccc(C(*)=O)cc2)cc1C1CCCCCCC1,3.1917,egb
*C1C(C(C(C1)C=C*)C(=O)OCCCCCCCCCCCOc1ccc(cc1)c1ccc(cc1)C#N)C(=O)OCCCCCCCCCCCOc1ccc(cc1)c1ccc(cc1)C#N,23.82,tg
*CC(C)C(C)COC(=O)c1ccc(C(=O)O*)cc1,4.7326,egc
*Oc1cccc(OC(=O)c2ccc(Oc3ccc(C(*)=O)cc3)cc2)c1,4.2359,egc
*Oc1ccc(cc1)OC(=O)c1c(cc(cc1)c1ccc(cc1)C(=O)*)c1ccccc1,140.0,tg
*CC1CCC(COC(=O)Cc2ccc(CC(=O)O*)cc2)CC1,5.3094,egc
*N=Nc1ccc(*)cc1,1.7643,egc
*c1ccc(-c2ccc(-c3cc(SCCCC)c(*)s3)cc2)cc1,2.8499,egc
*NC(=O)NC(=O)c1ccc(C(=S)c2ccc(-c3ccc(*)s3)s2)s1,6.31,eps
*C=CCCCC(Cl)CCC*,5.737,egc
*OC(=O)CCCCC(=O)OCC(C(C(C*)(F)F)(F)F)(F)F,-60.5,tg
*CCCCCCCCCCOCO*,6.4569,egc
*C(=C(*)c1ccccc1)c1ccc(cc1)C(C)(C)C,200.0,tg
*Nc1ccc(NC(=O)CCCCCCCCC(*)=O)cc1,4.5375,egc
*CC(C#N)(C#N)CC(C#N)(C#N)CC(C#N)(C#N)C(C#N)C(*)(C#N)C#N,6.4504,egb
*Nc1cc(cc(c1)c1oc(nn1)c1ncccc1)NC(=O)c1c(cccc1)C(=O)*,90.0,tg
*C=C(*)c1ccccc1C(F)(F)F,1.343,egc
*C(=C(*)c1ccccc1)CC,200.0,tg
*N1C(=O)c2c(C1=O)c(ccc2)c1cc2c(C(=O)N(C2=O)c2cc(ccc2)C(=O)Nc2ccc(cc2)Oc2ccc(cc2)Oc2ccc(cc2)Oc2ccc(cc2)NC(=O)c2cc(ccc2)*)cc1,260.0,tg
*C1=CC(=C(C#N)C#N)C=C(O1)C=Cc1sc(c(c1CCCCCC)CCCCCC)c1sc(cc1)c1sc(c(c1CCCCCC)CCCCCC)C=C*,114.0,tg
*Oc1ccc(cc1)S(=O)(=O)c1ccc(cc1)OC(=O)c1cc(cc(c1)NC(=O)c1ccc(cc1)NC(=O)C(N1C(=O)c2c(C1=O)cccc2)C)C(=O)*,200.0,tg
*C(=S)c1ccc(C(=S)c2ccc(*)cc2)cc1,1.8941,nc
*CCCNC(=O)CCC=CCCC(=O)N*,5.7523,egc
*Oc1c(cc(cc1)OC(=O)c1ccc(cc1)C(=O)*)c1cc(ccc1)C(F)(F)F,158.13,tg
*Cc1ccc(C(=O)O*)s1,6.8862,ei
*CCCCCCCCCC#CC#CCCCCCCCCCOC(=O)CCCCCCCCC(=O)O*,5.4028,egc
*c1cc2c(C(=O)N(C2=O)c2ccc(cc2)Cc2ccc(cc2)N2C(=O)c3c(C2=O)cc(cc3)C(C(C(*)(F)F)(F)F)(F)F)cc1,272.4,tg
*c1ccc2N(c3c(Sc2c1)cc(cc3)c1ccc2N(c3c(Sc2c1)cc(cc3)C=C*)c1ccc(cc1)OCCCCCCCCCCCC)c1ccc(cc1)OCCCCCCCCCCCC,118.6,tg
*C1C2CC(=CC)C(C2)C1*,5.1841,egc
*Oc1ccc(cc1)OCC(C*)O,54.5,tg
*CCCCCCCCCCSCCCCCCS*,5.52,egb
*C=CC=CCC*,4.3008,egc
*N1CCN(CC1)C(=O)OCC(COC(=O)*)(C)C,70.0,tg
*C(=O)c1ccc(C(=O)c2ccc(*)cc2)cc1,4.54,eps
*N1C(=O)c2c(C1=O)cc(cc2)C(=O)Nc1ccc(cc1)Oc1c(c(c(c(c1F)F)Oc1ccc(cc1)NC(=O)C*)F)F,254.0,tg
*c1cc2c(C(=O)N(C2=O)c2c(ccc(c2)N2C(=O)c3c(C2=O)cc(cc3)C(=O)Oc2ccc(cc2)C(c2ccc(cc2)OC(=O)*)(C)C)O)cc1,225.0,tg
*NC(=O)NCCCCCCNC(=O)Nc1cccc(*)n1,4.99,egc
*NC(=O)c1ccc(-c2ccc(*)s2)cc1,5.23,eps
*c1ccc(C(c2ccccc2)(c2ccc(-n3c(=O)c4cc5c(=O)n(*)c(=O)c5cc4c3=O)cc2)C(F)(F)F)cc1,2.7963,egc
*Oc1c(cc(cc1)Oc1ccc(cc1)C(=O)c1ccc(cc1)*)c1cc(cc(c1)C)C,162.0,tg
*COc1ccc(C(=C(Cl)Cl)c2ccc(O*)cc2)cc1,4.1966,egc
*CCOC(=O)NCCCCCCCCCNC(=O)O*,6.3118,egc
*C(C*)(C(=O)OCCCCCCCC)C,-10.0,tg
*CCOCCOC(=O)C=CC(=O)NCCCCCCNC(=O)C=CC(=O)O*,3.8434,egc
*Oc1ccc(cc1)C(=O)OC(=O)c1ccc(cc1)OCOC*,57.0,tg
*CCCOC(=O)CCCCCCCCOC(=O)CCCOC(=O)CCCCCCCCOC(*)=O,1.6306,nc
*CCOCCOCC#CC#CCOCCOCCOC(=O)NCCCCCCNC(=O)O*,4.9082,egc
*C=Cc1ccc2c(c1)C(CC(CC)CCCC)(CC(CC)CCCC)c1cc(*)ccc1-2,2.8561,egc
*Cc1ccc(C(=S)O*)cc1,1.8934,nc
*CCCCCCCCCn1c(=O)c2cc3c(=O)n(*)c(=O)c3cc2c1=O,3.7854,egc
*CCCCCOC(=O)NCCSCCCCCSCCNC(=O)O*,5.3077,egc
*N(CC*)C(=O)CCCCC,7.0,tg
*C(F)(F)C(F)(F)C(S1)=CC=C1O*,4.1725,egc
*C(=O)c1ccc(C(=O)C(*)=S)s1,4.6396,eea
*c1sc(cc1)[Si](*)(C)C,21.0,tg
*CC(*)CC,7.9012,egb
*c1[nH]c(nc1c1ccc(cc1)NC1C(=O)N(C(=O)C1)c1ccc(cc1)c1sc(c(c1c1ccccc1)c1ccccc1)c1ccc(cc1)N1C(=O)C(CC1=O)Nc1ccc(cc1)*)c1ccc(cc1)c1[nH]c(c(n1)c1ccc(cc1)[N+](=O)[O-])c1ccc(cc1)[N+](=O)[O-],152.0,tg
*CCCN(*)C(C)=O,5.7364,egc
*OC(=O)Nc1ccc(cc1)Cc1ccc(cc1)NC(=O)OCCCCCCC*,84.0,tg
*CCCCCCCNC(=O)c1cccc(C(=O)N*)c1,4.8667,egc
*c1cc2c(C(=O)N(C2=O)c2cc(c(cc2)Oc2c(cc(cc2)N2C(=O)c3c(C2=O)cc(cc3)C(*)(C(F)(F)F)C(F)(F)F)Br)Br)cc1,299.0,tg
*c1cc2c(C(=O)N(C2=O)c2ccc(cc2)Oc2ccc(cc2)c2ccc(cc2)Oc2ccc(cc2)N2C(=O)c3c(C2=O)cc(cc3)C(*)(C(F)(F)F)C(F)(F)F)cc1,288.0,tg
*CC(*)C(=O)NC,5.4371,egc
*c1cc2c(C(=O)N(C2=O)c2ccc(cc2)C(=O)Nc2ccc(cc2)Oc2ccc(cc2)C(c2ccc(cc2)Oc2ccc(cc2)NC(=O)c2ccc(cc2)N2C(=O)c3c(C2=O)cc(cc3)C(*)(C(F)(F)F)C(F)(F)F)(C)C)cc1,266.0,tg
*S(=O)(=O)c1ccc(cc1)C(=O)Nc1c(cc(cc1)Br)c1ccc(cc1)NC(=O)c1ccc(cc1)*,288.0,tg
*NC(=O)CCCCCCCCCCCC(=O)NCc1ccc(cc1)C*,100.0,tg
*c1cc2c(C(=O)N(C2=O)c2cc(cc(c2)C(=O)O)N2C(=O)c3c(C2=O)cc(cc3)C(=O)*)cc1,294.0,tg
*Oc1ccc(Oc2ccc(C(=O)c3ccc(*)cc3)cc2)cc1,3.9034,egc
*c1c(nc2c(n1)cc(cc2)c1cc2c(nc(c(n2)c2cc(ccc2)*)c2ccccc2)cc1)c1ccccc1,320.0,tg
*N1C(=O)c2c(C1=O)cc(cc2)Oc1ccc(cc1)C(c1ccc(cc1)Oc1cc2c(C(=O)N(C2=O)c2ccc(cc2)Oc2c(c(ccc2)Oc2ccc(cc2)*)C#N)cc1)(C)C,213.0,tg
*Oc1cc(ccc1)OC(=O)Oc1ccc(cc1)C(c1ccc(cc1)OC(=O)*)(C)C,83.1,tg
*Oc1ccc(-c2ccc(N=Nc3ccc(C(*)=O)cc3)cc2)cc1,3.5627,egc
*c1cc2c(C(=O)N(C2=O)c2cc(c(cc2)Oc2c(cc(cc2)N2C(=O)c3c(C2=O)cc(cc3)C(=O)Nc2ccc(cc2)Oc2ccc(cc2)NC(=O)*)c2ccccc2)c2ccccc2)cc1,345.0,tg
*c1ccc(-c2ccc(Oc3ccc(*)s3)s2)cc1,2.1082,eea
*C(=O)c1ccc(C(=O)c2ccc(*)s2)s1,1.863,egb
*Oc1ccc(cc1)C(c1ccc(cc1)Oc1c(c(c(c(c1F)F)C(=O)c1c(c(c(c(c1F)F)*)F)F)F)F)(c1ccccc1)C,175.0,tg
*CCCCCCCCCCCCCCOC(=O)CCCCCCC(=O)O*,6.7022,egc
*C(F)C(*)(F)F,8.5986,ei
*CC(CO*)(CS(=O)(=O)CCCCC)CS(=O)(=O)CCCCC,5.21,egc
*c1cc2c(nc(cc2c2ccccc2)c2cc(ccc2)c2nc3c(c(c2)c2ccccc2)cc(cc3)c2ccc(cc2)OCCCCCCCCCCCOc2ccc(cc2)*)cc1,133.5,tg
*Sc1ccc(cc1)Nc1ccc(cc1)Nc1ccc(cc1)*,114.0,tg
*Oc1ccc(cc1)c1ccc(cc1)OC(=O)/C=C/c1ccc(cc1)/C=C/C(=O)*,243.0,tg
*OC(=O)c1cc2c(cc1)cc(cc2)C(=O)OCCCCCCCCCCC*,39.0,tg
*Nc1ccc(cc1)NC(=O)c1ccc(cc1)NC(=O)c1cc(cc(c1)NC(=O)C12CC3CC(CC(C1)C3)C2)C(=O)*,365.0,tg
*OC(C*)CS(=O)(=O)CCCCC,38.5,tg
*CCCCCCNC(=S)Nc1ccc(NC(=S)N*)cc1,1.8822,nc
*C=CC1CC(*)C(C#N)(CCC)C1,5.8705,egb
*CCCCCCCCNC(=O)CCC=CCCC(=O)N*,5.2366,egc
*OP(=O)(OCCCCCCCCCCOc1ccc(cc1)C=Cc1ccc(cc1)OCCCCCCCCCC*)OCCCCCCCCCCOc1ccc(cc1)N=Nc1ccccc1,55.0,tg
*c1ccc(N2CCC(c3cccc(C4=NN(*)CC4)c3)=N2)cc1,2.8203,egc
*c1sc(*)c(CCCCCCN(CC)c2ccccc2)c1CCCCCC,1.59,egc
*Cc1ccc(Nc2ccc(*)s2)cc1,0.9705,eea
*C(=O)c1ccc(Oc2ccc(*)s2)s1,2.882,eea
*N1CC(CCCC1)NC(=O)CCCCCCCCC(=O)*,-46.5,tg
*Oc1ccc(cc1)CC(NC(=O)CCc1ccc(cc1)OC(=O)CCCC(=O)*)C(=O)OCC,67.67,tg
*Oc1c(cc(cc1)OCCCC(=O)NNC(=O)c1ccc(cc1)C(=O)NNC(=O)CCC*)C,125.5,tg
*Nc1ccc(cc1)CCNC(=O)CCCCC(=O)*,115.0,tg
*OC(=O)C1CCC(CC1)C(=O)OCC(C*)(C)C,30.0,tg
*CC=CCOC(=O)CCCCCCCCC(=O)O*,6.002,egc
*NNC(=O)CCC(=O)NNC(=O)CCCCC(*)=O,5.7153,egc
*OCC(C*)C,-55.0,tg
*Oc1ccc(cc1)Sc1ccc(cc1)OCC(CN(S(=O)(=O)c1cc(ccc1)S(=O)(=O)N(CC(C*)O)C)C)O,90.0,tg
*N1C(=O)c2c(C1=O)cc(cc2)C(=O)Oc1cc2c(cc1)cc(cc2)OC(=O)c1cc2c(C(=O)N(C2=O)CCOCCOCC*)cc1,105.0,tg
*CNCc1ccc(*)s1,1.1612,eea
*c1ccc(-c2cc(CCCCCCOC(=O)COc3ccccc3)c(*)s2)s1,1.9751,egc
*Nc1ccc(Oc2ccc(*)cc2)cc1,1.1501,eea
*c1oc(cc1)C(c1oc(cc1)CNC(=O)OCCOC(=O)NC*)(C)C,50.0,tg
*P1(=NP(=NP(=N1)(Oc1ccc(cc1)C(=O)OCCC)Oc1ccc(cc1)C(=O)OCCC)(Oc1ccc(cc1)C(c1ccc(cc1)O*)(C)C)Oc1ccc(cc1)C(=O)OCCC)Oc1ccc(cc1)C(=O)OCCC,26.0,tg
*c1cc2c(C(=O)N(C2=O)c2ccc(cc2)NC(=O)Nc2ccc(cc2)N2C(=O)c3c(C2=O)cc(cc3)C(=O)Nc2ccc(cc2)S(=O)(=O)c2ccc(cc2)NC(=O)*)cc1,205.0,tg
*Oc1ccc(cc1)OC(=O)CCCCC(=O)*,90.0,tg
*CCC(F)(F)C(*)(F)F,8.6882,egc
*c1sc(cc1CCCCCC)*,23.47,tg
*Oc1ccc(cc1)C(=O)c1cc(ccc1)C(=O)c1ccc(cc1)Oc1cc(ccc1)Cc1cc(ccc1)*,114.0,tg
*NC(=O)c1c(cc(cc1)C(=O)NCCCC*)Sc1ccccc1,136.0,tg
*CC1CCC(*)C1,6.9613,egc
*Oc1ccc(cc1)OCc1ccc(cc1)COc1ccc(cc1)OCCCCCCCCCCCC*,24.0,tg
*OC(=O)c1c(cc(cc1)C(=O)OCCN(CC*)c1ccc(cc1)N=Nc1[nH]c(c(n1)C#N)C#N)OCCC,152.0,tg
*COC(=O)NCCNC*,5.81,egc
*N1C(=O)c2c(C1=O)cc(cc2)NC(=O)Nc1ccc(cc1)Oc1ccc(cc1)NC(=O)Nc1cc2c(C(=O)N(C2=O)c2ccc(cc2)Oc2c(c3c(cc2)cccc3)c2c3c(ccc2Oc2ccc(cc2)*)cccc3)cc1,274.0,tg
*NC(F)(F)CC(*)(F)F,8.5515,ei
*C(C*)C(=O)c1ccc(cc1)CC,49.25,tg
*SCCCCCCCCCCC(=O)NCCc1ccc(cc1)CCNC(=O)CCCCCCCCCC*,58.0,tg
*NC(=O)CCCCCCCCCC(=O)NCc1ccc(cc1)C*,108.8,tg
*CCN(CCOC(=O)Nc1ccc(C)c(NC(=O)O*)c1)c1ccc(-c2c(NCCCO)c(=O)c2=O)cc1,3.2653,egc
*c1cc2c(C(=O)N(C2=O)c2ccc(cc2)Cc2ccc(cc2)N2C(=O)c3c(C2=O)cc(cc3)C(=O)c2ccc(cc2)Oc2ccc(cc2)Oc2ccc(cc2)C(=O)*)cc1,225.0,tg
*c1cc2c(cc1)oc(=O)c(c2)C(=O)Nc1ccc(cc1)C(c1ccc(cc1)NC(=O)c1c(=O)oc2c(cc(cc2)C*)c1)(C(F)(F)F)C(F)(F)F,329.0,tg
*C(=O)c1cccc(C(=O)N2CCN(*)CC2)c1,4.7816,egc
*O[Si](CCC(CC[Si](*)(CCC(F)(F)F)C)(F)F)(CCC(F)(F)F)C,-38.0,tg
*OC(CC(C)C)C(*)=O,5.8529,egb
*N1C(=O)c2c(C1=O)cc(c(c2)c1ccc(cc1)C(C)(C)C)c1cc2c(C(=O)N(C2=O)c2ccc(cc2)Cc2ccc(cc2)*)cc1c1ccc(cc1)C(C)(C)C,360.0,tg
*OC(=O)c1ccc(cc1)c1ccc(cc1)c1ccc(cc1)C(=O)OCCCCC*,40.0,tg
*C(C*)OC(=O)OCC(F)(F)F,57.0,tg
*C(C*)(C(=O)OCCCCCCCCCCCCCCC(=O)NC1OC(C(C(C1O)O)OC1OC(C(C(C1O)O)O)CO)CO)C,133.1,tg
*OP(=O)(Oc1ccc(cc1)NC(=O)Oc1ccc(cc1)C(c1ccc(cc1)OC(=O)Nc1ccc(cc1)*)(C)C)c1ccccc1,34.0,tg
*c1c(cc(c(c1)OC)C=C*)OCCCCCCCCCCCC,36.0,tg
*CCc1ccc(O*)cc1,0.7536,eea
*Oc1c(cc(cc1C)*)C(CCCCC)C,60.0,tg
*Nc1ccc(C=Cc2ccc(NC(=C(C#N)C#N)c3ccc(C(*)=C(C#N)C#N)cc3)cc2)cc1,2.0414,egc
*c1cc2c(C(=O)N(C2=O)c2cc(cc(c2)OCCCCCCCC)N2C(=O)c3c(C2=O)cc(cc3)C(=O)*)cc1,195.0,tg
*Nc1c(cc(cc1)*)OC,90.0,tg
*CCOc1ccc(C(=O)OC(=O)c2ccc(O*)cc2)cc1,4.4185,egc
*C(=O)c1ccc(C(=O)c2ccc(*)cc2)cc1,1.9846,nc
*C(C*)c1ccc(cc1)OCCC(C)C,57.0,tg
*CC1CC1COC(=O)c1cccc(C(=O)O*)c1,4.4908,egb
*C=CC1CC(*)C(C(=O)OCCNC(C)(C)C)C1,4.7904,egb
*c1cc2c(C(=O)N(C2=O)c2cc(ccc2)NC(=O)C(C(C(C(C(=O)Nc2cc(ccc2)N2C(=O)c3c(C2=O)cc(cc3)C(*)(C(F)(F)F)C(F)(F)F)(F)F)(F)F)(F)F)(F)F)cc1,232.0,tg
*N1C(=O)c2c(C1=O)cc(cc2)c1cc2c(C(=O)N(C2=O)c2c(cc(cc2C)C(c2cc(c(c(c2)C)*)C)c2cc(ccc2)C(F)(F)F)C)cc1,312.9,tg
*CCCOc1ccc(C(=O)OC(=O)c2ccc(O*)cc2)cc1,4.317,egc
*Oc1ccc(cc1)C(=Cc1ccc(cc1)c1ccc(cc1)C=C(c1ccc(cc1)OC(=O)c1cc(ccc1)C(=O)*)c1ccccc1)c1ccccc1,224.0,tg
*NC(=O)c1cc(ccc1)C(=O)NCc1cc(ccc1)C*,167.33,tg
*CNC(=O)ONC(=O)NO*,1.7609,nc
*Oc1ccc(S(=O)c2ccc(OC(*)=O)cc2)cc1,4.6592,egc
*O[Si](O[Si](O[Si](c1ccc(cc1)[Si](*)(C)C)(C)C)(C)C)(C)C,-62.0,tg
*NOC(=O)NCC(=O)NC(*)=O,1.7831,nc
*NC(=O)OC(*)=O,1.7525,nc
*C(=O)c1ccc(-c2ccc(-c3ccc(*)s3)cc2)s1,2.5812,nc
*c1nc(nc(n1)N(CCCCCCN(*)c1ccccc1)c1ccccc1)c1ccccc1,74.0,tg
*OC(C(=O)OCC*)C,-21.0,tg
*C(C*)OCCOc1ccc(cc1)C=C(C(=O)OC)C#N,47.0,tg
*c1cc(*)c(O)c(C=Nc2ccc(C(=O)O)cc2)c1,2.8212,egc
*CC(*)OC(=O)CC1CCCC1,6.5327,egc
*c1n(c(cc1)c1sc(cc1)c1sc(cc1)c1sc(cc1)c1sc(cc1)*)CCCCCCCCCCCC,53.0,tg
*CC1(CO*)CC2C=CC1C2,5.6096,egc
*Cc1ccc(-c2ccc(C(*)=S)cc2)cc1,2.0502,nc
*Cc1ccc(Nc2ccc(*)cc2)cc1,0.9546,eea
*CCc1ccc(O*)cc1,1.7865,nc
*CC(*)(F)F,8.1531,ei
*OC(CC(*)=O)C1CO1,6.1493,egb
*NOC(=O)NCC(=O)NC(*)=O,4.9352,egb
*SC1C(CCCC1)*,-45.0,tg
*CC(*)C(=O)Oc1ccc(OC)cc1,4.4447,egc
*Oc1ccc(C(C)(c2ccccc2)c2ccc(OC(=O)OC3C(C)(C)C(OC(*)=O)C3(C)C)cc2)cc1,5.136,egc
*N1C(=O)c2c(C1=O)cc(cc2)Oc1ccc(cc1)C1(CCCCC1)c1ccc(cc1)Oc1cc2c(C(=O)N(C2=O)c2ccc(cc2)N(c2ccc(cc2)*)c2ccc(cc2)C#N)cc1,243.0,tg
*Oc1ccc(cc1)C1(c2cc(ccc2c2ccc(cc12)[N+](=O)[O-])N(C)C)c1ccc(cc1)OC(=O)CCC(=O)*,215.0,tg
*c1nc2c(c(c1)c1ccccc1)cc(cc2)C1(c2ccccc2C(=O)c2ccccc12)c1cc2c(nc(cc2c2ccccc2)c2ccc(cc2)c2ccc(cc2)*)cc1,350.0,tg
*C1COC2C1OCC2OC(=O)OCCOCCOC(=O)O*,46.5,tg
*Oc1ccc(cc1)NC(=O)c1cc(ccc1)C(=O)Nc1ccc(cc1)Oc1ccc(cc1)C1(C2CC3CC(CC1C3)C2)c1ccc(cc1)*,257.33,tg
*N1C(=O)c2c(C1=O)cc(cc2)Sc1cc2c(C(=O)N(C2=O)c2c(cc(cc2)Cc2cc(c(cc2)*)C(C)(C)C)C(C)(C)C)cc1,300.5,tg
*Nc1ccc(-c2ccc(NC(=O)c3cc(C(*)=O)cc(S(=O)(=O)c4ccccc4)c3)cc2)cc1,2.4795,egb
*C(C*)OC(=O)c1cc(ccc1)Cl,61.75,tg
*c1ccc(-c2cnc3cc4ncc(*)nc4cc3n2)cc1,2.7084,egc
*CC(=O)c1ccc(O*)cc1,2.3793,eea
*N1CCN(CC1)C(=O)OCCOC(=O)*,60.0,tg
*c1cc(*)c(O)c(C=Nc2ccc(Cl)cc2)c1,2.9264,egc
*Oc1ccc(cc1)Oc1ccc(cc1)C=NCCN=Cc1ccc(cc1)*,101.0,tg
*OC1CCC(OC(*)=O)CC1,7.1786,egc
*c1oc2c(n1)ccc(c2)c1ccc2c(oc(n2)c2ccc(cc2)C(c2ccc(cc2)*)(c2ccccc2)C(F)(F)F)c1,350.0,tg
*Oc1ccc(cc1)N1ON1c1ccc(cc1)OCCCCCCOC(=O)C(C(=O)OCCCCCC*)CCCCCP(=O)(OCC)OCC,12.0,tg
*C1CC2C3CC4C(C3*)C24C1,5.9559,egc
*C1OCC(OC1)CNC(=O)CCCCC(=O)NC*,93.0,tg
*C1C(=O)OC(=O)C1C1C2CC(C(=O)OC3CCCCC3)C(C2)C1*,6.0803,egc
*Oc1c(c(ccc1)Oc1cc(ccc1)*)C#N,144.25,tg
*C(=O)C(S1)=CC=C1OC(=S)*,3.5676,egc
*OC(=S)c1ccc(-c2ccc(*)cc2)cc1,2.7321,eea
*CC(=S)CC(*)=S,1.9346,nc
*c1cc2c(C(=O)N(C2=O)c2ccc(cc2)Cc2ccc(cc2)N2C(=O)c3c(C2=O)cc(cc3)C(=O)c2ccc(cc2)Oc2ccc(cc2)C2(c3c(C(=O)O2)cccc3)c2ccc(cc2)Oc2ccc(cc2)C(=O)*)cc1,268.0,tg
*c1nc(ccc1)C=Cc1c2c(ccc1OC(=O)c1ccc(cc1)C(=O)Oc1c(c3c(cc1)cccc3)C=C*)cccc2,145.0,tg
*c1c2C(=O)N(C(=O)c2c(c2ccccc12)c1ccc(cc1)Oc1ccc(cc1)C(=O)c1ccc(cc1)Oc1ccc(cc1)*)c1c(cccc1)C(F)(F)F,260.0,tg
*Oc1ccc(cc1)CC(NC(=O)CCc1ccc(cc1)OC(=O)CCC(=O)*)C(=O)OCCCC,67.0,tg
*CC(=O)NC(*)=S,3.0348,egb
*OC(CC(=O)*)(C)C(F)(F)F,26.2,tg
*C1COC2C1OCC2OC(=O)c1ccc(cc1)C(=O)O*,255.5,tg
*Nc1cc(cc(c1)C(=O)OCCOc1ccc(cc1)C=CC(=O)c1ccccc1)NC(=O)c1ccc(cc1)c1ccc(cc1)C(=O)*,254.0,tg
*C(=O)NCCCCCCNC(=O)c1ccc(*)nc1,4.574,egc
*NOC(=S)O*,1.942,nc
*OC(=O)NCCCCCCNC(=O)OCCN(CC*)c1ccc(cc1)N=Nc1ccc(cc1)P(=O)(c1ccccc1)c1ccccc1,120.0,tg
*N(c1ccc(cc1)N(c1ccc(cc1)/C=C(/C(=O)NC1C(CCCC1)NC(=O)/C(=C/c1ccc(cc1)*)/C#N)\C#N)c1ccccc1)c1ccccc1,239.0,tg
*c1nc2cc3nc(-c4ccc(*)o4)[nH]c3cc2[nH]1,2.2261,egc
*N1C(=O)c2c(C1=O)cc(cc2)NC(=O)OCCOc1c(cc(cc1Br)C(c1cc(c(c(c1)Br)OCCOC(=O)Nc1cc2c(C(=O)N(C2=O)c2cc(ccc2)P(=O)(c2cc(ccc2)*)C)cc1)Br)(C)C)Br,191.0,tg
*Oc1ccc(cc1)C(c1ccc(cc1)Oc1ccc(cc1)C(=O)c1c(cccc1)c1c(cccc1)C(=O)c1ccc(cc1)*)(C)C,172.0,tg
*N1C(=O)c2c(C1=O)c(ccc2)Oc1ccc(cc1)C(c1ccc(cc1)Oc1c2c(C(=O)N(C2=O)c2ccc(cc2)Oc2ccc(cc2)*)ccc1)(C)C,233.67,tg
*N(CC*)C(=O)c1ccc(cc1)SC(F)(F)F,100.0,tg
*CC(COc1cccc(C)c1)O*,5.1113,egc
*Oc1ccc(cc1)S(=O)(=O)c1ccc(cc1)Oc1ccc(cc1)P(=O)(c1ccc(cc1)*)C,233.0,tg
*c1cc2c(C(=O)N(C2=O)c2cc(ccc2)C(=O)c2ccc(cc2)Cc2ccc(cc2)N2C(=O)c3c(C2=O)cc(cc3)C(=O)*)cc1,290.0,tg
*NNC(=O)C(*)=O,5.5325,egc
*OC(=O)c1ccc(cc1)C(=O)OCCCCCCC*,-1.0,tg
*C(=O)c1ccc(-c2ccc(-c3ccc(*)cc3)cc2)cc1,5.9803,ei
*Cc1ccc(-c2ccc(-c3ccc(*)cc3)s2)cc1,1.8331,eea
*Cc1ccc(COC(=O)O*)cc1,5.5423,egc
*Cc1ccc(C(=O)O*)s1,4.17,eps
*NC(=O)NCCCCCCC*,62.0,tg
*c1cc2c(C(=O)N(C2=O)c2ccc(cc2)C(=O)OCCCSCCCCSCCCOC(=O)*)cc1,39.0,tg
*CC(=O)c1ccc(C(*)=S)cc1,2.4669,egb
*OC(=O)OCC(C(C*)OC(=O)C(=O)OCC)OC(=O)C(=O)OCC,51.38,tg
*C(C*)(C(=O)OC1C(CCCC1)C)C,85.0,tg
*Oc1ccc(cc1)S(=O)(=O)c1ccc(cc1)Oc1ccc(cc1)C1(CCCCCC1)c1ccc(cc1)*,247.0,tg
*CCCCCCCCCCNC(=O)CCCCCCCCC(=O)N*,5.9125,egc
*Nc1ccc(cc1)NC(=O)CCCCCCCC(=O)*,130.0,tg
*CCCCCCCCCOc1ccc(C=CC=Cc2ccc(O*)cc2)cc1,3.5795,egc
*N1C(=O)c2c(C1=O)cc(cc2)c1cc2c(C(=O)N(C2=O)CCCCCOC(=O)CCCCCCCCCCN2C(=O)c3c(C2=O)cc(cc3)c2ccc(cc2)c2cc3c(C(=O)N(C3=O)CCCCCCCCCCC(=O)OCCCCC*)cc2)cc1,41.0,tg
*N1C(=O)c2c(C1=O)cc(cc2)c1cc2c(C(=O)N(C2=O)CCCCCCOC(=O)CCCCCCCCCCN2C(=O)c3c(C2=O)cc(cc3)c2ccc(cc2)c2cc3c(C(=O)N(C3=O)CCCCCCCCCCC(=O)OCCCCCC*)cc2)cc1,45.0,tg
*c1[nH]c(nc1c1ccc(cc1)NC1C(=O)N(C(=O)C1)c1ccc(cc1)Cc1ccc(cc1)N1C(=O)C(CC1=O)Nc1ccc(cc1)*)c1ccc(cc1)N=Nc1ccc(cc1)[N+](=O)[O-],258.0,tg
*c1ccc(cc1)C(C(*)(F)F)(F)F,76.95,tg
*Nc1cc(cc(c1)c1c(=O)oc2c(cccc2)n1)NC(=O)c1ccc(cc1)C(=O)*,103.0,tg
*C(C*)OC(=O)c1cc(ccc1)C,49.0,tg
*C(C*)CCCCC,-45.5,tg
*NC(=O)CCCCC(=O)NCCCP(=O)(CCC*)C,33.0,tg
*C(C*)(C(=O)OCCCCOc1cc2c(cc1)cc(cc2)C(=O)Oc1ccccc1)C,88.0,tg
*OC1CCC(C2CCC(OC(=O)CCCCCCCCCC(*)=O)CC2)CC1,6.4908,egc
*OC(=O)Oc1cccc(OC(=O)OC2CC3CC(*)CC(C2)O3)c1,5.8268,egc
*Nc1ccc(-c2ccc(C(*)=S)cc2)s1,2.3374,eea
*CC(*)C,0.4343,eea
*N1C(=O)c2c(C1=O)cc(cc2)c1cc2c(C(=O)N(C2=O)c2cc(c(cc2)Oc2c(cc(cc2C(C)(C)C)c2ccc(cc2)*)C(C)(C)C)C(F)(F)F)cc1,389.0,tg
*c1cc2c(C(=O)N(C2=O)c2c(cc(cc2C)C2(c3ccccc3c3ccccc23)c2cc(c(c(c2)C)N2C(=O)c3c(C2=O)cc(cc3)C(*)(C(F)(F)F)C(F)(F)F)C)C)cc1,361.0,tg
*CCSCCO*,5.5968,egc
*CCCCCC(=O)NCCOC(=O)CCCCC(=O)O*,6.3289,egc
*NC(=O)CC(c1ccc(cc1)C(CC(=O)NCCCCCC*)C)C,88.0,tg
*CCCCCCCCCCOC(=O)C1CCC(C(=O)O*)CC1,6.5731,egc
*Oc1ccc(cc1)CC(NC(=O)CCc1ccc(cc1)OC(=O)COCCOCC(=O)*)C(=O)OCC(C)C,50.0,tg
*C1(OC(OC1*)(C(F)(F)F)C(F)(F)F)F,256.0,tg
*c1cc2c(C(=O)N(C2=O)c2c(ccc(c2)N2C(=O)c3c(C2=O)cc(cc3)C(*)(C(F)(F)F)C(F)(F)F)C)cc1,307.0,tg
*N1C(=O)c2c(C1=O)cc(cc2)Oc1ccc(cc1)Oc1cc2c(C(=O)N(C2=O)c2c(cc(c(c2)C)Cc2c(cc(c(c2)C)*)C)C)cc1,278.0,tg
*c1ccc(Oc2ccc(-c3csc(-c4nc(*)cs4)n3)cc2)cc1,3.5312,egc
*Oc1c(cc(cc1)Oc1ccc(cc1)C(=O)c1ccc(cc1)C(=O)c1ccc(cc1)*)c1cc(ccc1)C,159.0,tg
*C(=O)c1ccc(-c2ccc(-c3ccc(*)cc3)s2)cc1,5.8483,ei
*CNC(=S)c1ccc(*)s1,2.7289,egb
*c1nc2c(c(c1)c1ccccc1)cc(cc2)c1ccc(cc1)*,383.0,tg
*OC1C(C)(C)C(OC(=O)c2ccc(C(*)=O)cc2)C1(C)C,4.7185,egc
*C=c1ccc(=c2ccc(=Cc3ccc(-c4ccc(*)s4)s3)s2)s1,0.8337,egc
*OS(=O)(=O)c1c(ccc(c1)S(=O)(=O)Oc1ccc(cc1)C1(CCCC1)c1ccc(cc1)*)C,134.0,tg
*N1C(=O)c2c(C1=O)cc(cc2)c1cc2c(C(=O)N(C2=O)c2ccc(cc2)Oc2ccc(cc2)C(c2ccc(cc2)Oc2ccc(cc2)*)(C)C)cc1,230.0,tg
*Oc1ccc(C(c2ccccc2)c2ccc(OC(*)=O)cc2C)c(C)c1,4.7259,egc
*C(C*)c1c(ccc(c1)C(=O)Oc1ccc(cc1)OCCCCCCCCCCCC)C(=O)Oc1ccc(cc1)OCCCCCCCCCCCC,108.0,tg
*OCC(C*)(COCCC#N)C,-52.0,tg
*Nc1cccc(NC(=O)c2cccc(C(*)=O)c2)c1,4.1202,egc
*C1C(=O)N(C(=O)C1CC*)CCCCCCCCCCCC,55.4,tg
*CCCO*,1.6476,nc
*OC(C)CCOC(=O)CCCCCC(*)=O,6.5798,egc
*NC(=O)C(C=C1)=CC=C1C(C=C2)=CC=C2*,3.3965,egc
*C(F)(F)C(F)(F)C(=O)C(C=C1)=CC=C1*,4.443,egc
*c1cc(C#N)c(*)s1,1.691,egc
*OC(COC(=O)c1cc2c(cc1)cc(cc2)C(=O)*)COc1ccc(cc1)N=Nc1ccc(cc1)C#N,138.0,tg
*c1cc2n(c3c(c2cc1)ccc(c3)c1sc(cc1CCCCCC)c1c2c(nsn2)c(cc1)c1sc(c(c1)CCCCCC)*)C(CCCCCCCC)CCCCCCCC,77.0,tg
*c1sc(cc1SCCCCCCCCCCCC)*,33.0,tg
*OC(=O)CN(c1ccc(cc1)N=Nc1ccc(cc1)S(=O)(=O)CCC*)CCCC,92.4,tg
*C(=O)c1ccc(-c2ccc(-c3ccc(*)s3)s2)cc1,5.5122,ei
*S(=O)(=O)C(C*)CC,32.73,tg
*N1C(=O)c2c(C1=O)cc(cc2)Oc1ccc(cc1)Sc1ccc(cc1)Oc1cc2c(C(=O)N(C2=O)c2cc(ccc2)Oc2cc(ccc2)Oc2cc(ccc2)*)cc1,190.5,tg
*c1ccc(C(=O)C(F)(F)C(*)(F)F)cc1,3.85,eps
*CC(=S)CO*,1.8843,nc
*CC(C=C1)=CC=C1C(=O)C(=S)*,2.9385,egc
*CCOC(=O)c1ccc(NC(=O)CCCCCCCC(=O)Nc2ccc(C(=O)O*)cc2)cc1,4.188,egc
*OC(=O)c1cc2c(cc1)cc(cc2)C(=O)OCCC*,84.0,tg
*CCCCCC(=O)NCc1ccc(CNC(=O)CCCCCO*)cc1,5.243,egc
*C1C(=O)N(C(=O)C1*)CCCCOc1ccc(cc1)c1ccc(cc1)C#N,115.0,tg
*C(C*)[Si](C)(C)C,147.0,tg
*c1cc2c(C(=O)N(C2=O)c2ccc(cc2)OCCOc2ccc(cc2)N2C(=O)c3c(C2=O)cc(cc3)C(=O)*)cc1,246.0,tg
*OC1C(CO)OC(*)C(O)C1O,1.6879,nc
*C1C2CC(C(C1*)C2)CCCCc1ccccc1,148.0,tg
*NC(=O)c1ccc(NC(=S)c2ccc(Nc3ccc(*)cc3)cc2)s1,5.2813,ei
*c1sc(cc1)C=Nc1ccc(cc1)C(=O)OCCCCOCCCCOCCCCOC(=O)c1ccc(cc1)N=C*,25.0,tg
*c1c2C(=O)N(C(=O)c2c(c2ccccc12)c1ccc(cc1)Oc1ccc(cc1)S(=O)(=O)c1ccc(cc1)Oc1ccc(cc1)*)c1cc(ccc1)C(F)(F)F,280.5,tg
*c1cc2c(C(=O)OC2=Nc2cc(ccc2)Oc2cc(ccc2)Oc2cc(ccc2)N=C2OC(=O)c3c2cc(cc3)C(=O)*)cc1,190.0,tg
*c1nc2c(n1c1ccc(cc1)n1c(nc3c1cccc3)c1ccc(cc1)Oc1ccc(cc1)C(=O)c1ccc(cc1)C(=O)c1ccc(cc1)Oc1ccc(cc1)*)cccc2,238.0,tg
*c1cc2c(C(=O)N(C2=O)c2cc(ccc2)Oc2ccc(cc2)N2C(=O)c3c(C2=O)cc(cc3)C(*)(C(F)(F)F)C(F)(F)F)cc1,261.3,tg
*O[Si](Oc1ccc(cc1)C(c1ccc(cc1)*)(C)C)(c1ccccc1)C,58.0,tg
*ON(C(F)(F)F)C(F)(C(*)(F)F)C(F)(F)F,7.0955,egb
*OC(=O)Nc1ccc(cc1)Cc1ccc(cc1)NC(=O)OCCN(CC*)c1cc(c(cc1)N=Nc1c(cc(cc1)[N+](=O)[O-])C)C,130.0,tg
*CCCOC(=O)CCCCCCCCOC(=O)CCCOC(=O)CCCCCCCCOC(*)=O,6.5329,egb
*Oc1ccc(CC(NC(=O)CCc2ccc(OC(=O)COCCOCC(*)=O)cc2)C(=O)OC)cc1,5.2022,egc
*c1sc(cc1C(C(=O)OC)C(=O)OC)*,-20.1,tg
*C(C(CCCCCCCCCC*)Cl)Cl,-32.0,tg
*Oc1ccc(S(=O)(=O)c2ccc(*)cc2)cc1,4.3172,egc
*C(=C(C(C*)(F)F)F)Cl,-17.0,tg
*c1cc2c(oc(n2)c2ccc(cc2)Oc2ccc(cc2)c2oc3c(n2)cc(cc3)C(*)(C(F)(F)F)C(F)(F)F)cc1,294.92,tg
*CCCCCNC(=O)CCCCCCCCCCCCCCCCCCC(=O)N*,5.895,egc
*c1cc2c(C(=O)N(C2=O)c2cc(ccc2)P(=O)(c2cc(ccc2)N2C(=O)c3c(C2=O)cc(cc3)C(*)(C(F)(F)F)C(F)(F)F)c2ccc(cc2)C(F)(F)F)cc1,260.0,tg
*c1sc(cc1)Oc1ccc(cc1)C1(c2ccccc2c2ccccc12)c1ccc(cc1)Oc1ccc(cc1)C(=O)*,195.0,tg
*N1C(=O)C2C(C1=O)CC(CC2)C1CC2C(C(=O)N(C2=O)c2ccc(cc2)Oc2cc(ccc2)Oc2ccc(cc2)*)CC1,215.0,tg
*Oc1ccc(cc1)CCNC(=O)c1cc(ccc1)C(=O)*,152.0,tg
*Oc1ccc(cc1)OC(=O)c1c(cc(cc1)C(=O)*)Oc1ccc(cc1)Br,112.5,tg
*Oc1ccc(cc1)CC(NC(=O)CCc1ccc(cc1)OC(=O)CCC(=O)*)C(=O)OC,91.5,tg
*C(=C(*)c1ccccc1)c1cc(ccc1)[Ge](C)(C)C,200.0,tg
*Cc1ccc(COC(=O)CCCC(=O)O*)cc1,5.4521,egc
*Oc1ccc(cc1)Oc1ccc(cc1)Oc1ccc(cc1)C(c1ccc(cc1)*)(C)C,122.0,tg
*C(C*)C(=O)NC(C)C,132.69,tg
*NC(=O)CCCCCCCCC*,43.0,tg
*C(I)=C(*)I,3.8335,egc
*C1COC2C1OCC2OC(=O)OCCCCOC(=O)O*,49.0,tg
*CCCCCCCCC(Cl)C(*)Cl,6.9929,egc
*CC(=O)O*,3.99,eps
*OC(C)CCOC(=O)C(*)=O,5.5088,egc
*OC(=S)C(F)(F)C(*)(F)F,3.1746,egb
*c1ccc(-c2ccc(-c3ccc(-c4ccc(*)n4CCCCCCCCCCCC)s3)s2)s1,2.1442,egb
*Oc1c(c(c(c(c1)C)*)C)Br,280.15,tg
*N1C(=O)c2c(C1=O)cc(cc2)Oc1cc2c(C(=O)N(C2=O)c2ccc(cc2)*)cc1,363.0,tg
*CC(COCC)O*,5.5518,egc
*C12CC3CC(C1)CC(*)(C3)C2,5.7519,egc
*C(C*)c1ccc(cc1)COCCO,46.0,tg
*NC(C)C(*)=O,6.0729,egc
*NC(=O)CCc1ccc(cc1)CCC(=O)NCCCCCCCCCCCC*,85.0,tg
*OC(=O)c1ccc(cc1)c1ccc(cc1)C(=O)OCCOCCOCCOCC*,4.0,tg
*Oc1ccc(cc1)CCc1ccc(cc1)OCCCCCCOC(=O)NC1CCC(CC1)CC1CCC(CC1)NC(=O)OCCCCCC*,40.3,tg
*OC(=O)Nc1c(ccc(c1)NC(=O)OCCN(CC*)c1ccc(cc1)N=Nc1c(cc(c(c1)OC)N=Nc1ccc(cc1)[N+](=O)[O-])OC)C,150.0,tg
*c1ccc2c(nc([nH]2)c2cc(ccc2)c2nc3c([nH]2)ccc(c3)C(=O)Nc2nc(ccc2)NC(=O)*)c1,302.0,tg
*Oc1c(cc(cc1C)*)C(CCCCCCCCCCCC)C,-10.0,tg
*C(C*)c1c(ccc(c1)c1ccc(cc1)C(=O)OC(CC)C)c1ccc(cc1)C(=O)OC(CC)C,212.5,tg
*Oc1ccc(cc1)CC(NC(=O)CCc1ccc(cc1)OC(=O)COCCOCC(=O)*)C(=O)OC(CC)C,44.0,tg
*C(C*)(C(=O)OCc1cc(ccc1)Cl)C,18.25,tg
*NC(=O)C(=S)c1ccc(*)cc1,5.85,eps
*c1ccc(C)c(N2C(=O)c3ccc(-c4ccc5c(c4)C(=O)N(*)C5=O)cc3C2=O)c1,3.4309,egc
*C(C*)C(=O)OCCCCCC,-57.0,tg
*c1sc(*)c2c1OCC(CCCCS(=O)(=O)O)O2,2.1668,egc
*NC(=O)c1cc(ccc1)C(=O)NCCCCCC*,121.6,tg
*OC(=O)NCCCCCCNC(=O)OCCCCCCCCCCCC*,36.0,tg
*C(C*)OCC(CCCC)CC,-66.0,tg
*NC(C(=O)*)CCC(=O)Nc1ccc(cc1)N(c1ccccc1)c1ccccc1,132.0,tg
*c1cccc(*)n1,4.35,eps
*NC(=S)OC(*)=S,6.0,eps
*C1C(CC(C1)C=C*)C1CC=CCC1,105.0,tg
*Oc1cc(cc(c1)CCCC)OC(=O)c1cc(ccc1)C(=O)*,97.5,tg
*S(=O)(=O)c1ccc(cc1)Nc1ccc(cc1)C(c1ccc(cc1)Nc1ccc(cc1)*)(C(F)(F)F)C(F)(F)F,145.0,tg
*CNC(=S)N*,4.2179,egc
*c1cc2c(C(=O)N(C2=O)c2ccc(cc2)C(=O)Nc2ccc(cc2)C(=O)OCCCCCCCCOC(=O)*)cc1,105.0,tg
*OC(C)CCOC(=O)COCC(*)=O,6.1998,egc
*CNC(=S)O*,4.2201,egb
*c1cc2sc3cc(*)sc3c2s1,1.8464,egc
*Nc1ccc(cc1)C1(c2ccccc2c2ccccc12)c1ccc(cc1)NC(=O)c1ccc(cc1)C(=O)*,319.0,tg
*NC(=O)C(=S)C(C=C1)=CC=C1*,2.9128,egc
*CCCCCCCCCCCCCCCCCCCCOC(=O)COCC(=O)O*,6.3895,egc
*Cc1ccc(-c2ccc(-c3ccc(*)cc3)s2)cc1,1.9726,nc
*N1C(=O)c2c(C1=O)cc(cc2)c1cc2c(C(=O)N(C2=O)c2ccc(cc2)Oc2ccc(cc2)Oc2ccc(cc2)*)cc1,264.88,tg
*CNOC(S1)=CC=C1*,4.5017,egc
*Oc1c(cc(cc1)Oc1ccc(cc1)C(=O)Nc1ccc(cc1)Oc1ccc(cc1)S(=O)(=O)c1ccc(cc1)Oc1ccc(cc1)NC(=O)c1ccc(cc1)*)C,217.0,tg
*CC(=O)Cc1ccc(*)cc1,1.8209,eea
*C(C*)c1ccc(cc1)C(=O)N(CC)CC,102.0,tg
*c1cc2c(C(=O)N(C2=O)c2cc(c(c(c2)Br)Oc2c(cc(cc2Br)N2C(=O)c3c(C2=O)cc(cc3)C(=O)*)Br)Br)cc1,323.0,tg
*Oc1c(cc(cc1C)c1cc(c(c(c1)C)OC(=O)CCCCCCCCC(=O)*)C)C,57.0,tg
*Cc1ccc(NC(*)=S)cc1,3.5265,egb
*Oc1ccc(cc1)C(=O)c1ccc(cc1)Oc1ccc(cc1)C(=O)c1ccc(cc1)Oc1ccc(cc1)Cc1ccc(cc1)*,128.0,tg
*CC(C#N)(C#N)CC(C#N)(C#N)C(C#N)C(*)(C#N)C#N,6.5308,egb
*CONC(*)=O,1.7438,nc
*CCCCCCSCCS*,5.0604,egb
*Cc1ccc(CSSSS*)cc1,4.3206,egc
*CC(C)(CO*)COCC(F)(F)F,5.3043,egc
*c1cc(N=Nc2ccc(S(=O)(=O)O)cc2)cc(*)c1O,3.0327,egc
*NC(C=C1)=CC=C1C(=S)C(C=C2)=CC=C2*,2.322,egc
*Cc1ccc(NC(*)=S)s1,2.8469,egb
*C(C*)(C(=O)Oc1c(c(ccc1)C)C)C,120.0,tg
*c1cc2c(C(=O)N(C2=O)c2c3c(ccc2)c(ccc3)Oc2ccc(cc2)N2C(=O)c3c(C2=O)cc(cc3)C(=O)Nc2nc(nc(n2)NC(=O)*)c2ccccc2)cc1,291.0,tg
*C(C*)CCc1ccccc1,17.5,tg
*Cc1ccc(NC(*)=S)s1,2.0497,eea
*Cc1ccc(NO*)s1,1.8806,nc
*Nc1ccc(C(=O)C(*)=S)cc1,5.95,eps
*Oc1c2c(c(cc1)c1c3c(c(cc1)OCCCCCCC*)cccc3)cccc2,129.5,tg
*CCNc1ccc(*)cc1,0.6326,eea
*N1C(=O)c2c(C1=O)cc(cc2)Oc1cc2c(C(=O)N(C2=O)c2c(ccc(c2)C(c2cc(c(cc2)OCCN(c2ccc(cc2)C=CC2=CC(=C(C(=O)OCc3ccc(cc3)Oc3c(c(c(c(c3F)F)F)F)F)C#N)CC(C2)(C)C)c2ccccc2)*)(C(F)(F)F)C(F)(F)F)OCCN(c2ccc(cc2)C=CC2=CC(=C(C(=O)OCc3ccc(cc3)Oc3c(c(c(c(c3F)F)F)F)F)C#N)CC(C2)(C)C)C)cc1,162.0,tg
*CCc1nc(-c2ccc(-c3csc(*)n3)cc2)cs1,3.7563,egc
*Nc1ccc(cc1)c1ccc(cc1)NC(=O)c1ccc(cc1)NC(=O)c1ccc(cc1)[Si](c1ccc(cc1)C(=O)Nc1ccc(cc1)C(=O)*)(C)C,320.0,tg
*c1cc2c(C(=O)N(C2=O)c2ccc(cc2)Oc2ccc(cc2)N2C(=O)c3c(C2=O)cc(cc3)C(=O)c2cc(ccc2)C(=O)*)cc1,244.0,tg
*CC(*)c1ccc(Cl)c([N+](=O)[O-])c1,1.4833,egc
*c1cc2c(C(=O)N(C2=O)c2c(ccc(c2)C(c2cc(c(cc2)OCCN(c2ccc(cc2)N=Nc2ccc(cc2)[N+](=O)[O-])CC)N2C(=O)c3c(C2=O)cc(cc3)C(*)(C(F)(F)F)C(F)(F)F)(C(F)(F)F)C(F)(F)F)OCCN(c2ccc(cc2)N=Nc2ccc(cc2)[N+](=O)[O-])CC)cc1,199.0,tg
*Oc1ccc(cc1)NC(=O)c1cc2c(cc1)cc(cc2)C(=O)Nc1ccc(cc1)Oc1ccc(cc1)C1(C2CC3CC(CC1C3)C2)c1ccc(cc1)*,266.0,tg
*CCCCCCCCCCCCNC(=O)CCCCCCCCC(=O)N*,5.9688,egc
*CC#CC#CCOC(=O)NCCCCCCNC(=O)O*,4.9601,egc
*OC(=O)c1ccc(cc1)C(=O)OCC(C(C*)C)C,37.5,tg
*CCCCCCCNC(=O)CCCCCCCCCCCCCCCCCCC(=O)N*,5.9137,egc
*c1sc(cc1CCOC(=O)C(Br)C)*,49.0,tg
*N=Nc1ccc(cc1)Nc1ccc(cc1)C(=O)c1ccc(cc1)C(=O)c1ccc(cc1)Nc1ccc(cc1)*,203.0,tg
*c1cc2c(C(=O)N(C2=O)c2c(cc(cc2)c2cc(c(cc2)N2C(=O)c3c(C2=O)cc(cc3)C(*)(C(F)(F)F)C(F)(F)F)OCCN(c2ccc(cc2)C(=C(C#N)C#N)C#N)CC)OCCN(c2ccc(cc2)C(=C(C#N)C#N)C#N)CC)cc1,222.0,tg
*CC(=S)c1ccc(O*)cc1,3.1915,eea
*C1COC2C1OCC2OC(=O)OCC(C(COC(=O)O*)O)O,78.5,tg
*C(C*)(Cl)Cl,-11.96,tg
*Oc1ccc(cc1)C(=O)c1ccc(cc1)NC(=O)c1cc(ccc1)C(=O)Nc1ccc(cc1)C(=O)c1ccc(cc1)*,204.2,tg
*O[Si](O[Si](O[Si](*)(c1c(c(c(c(c1F)F)F)F)F)C)(C)C)(C)C,-83.0,tg
*Nc1cc(NC(=O)c2ccc3cc(C(*)=O)ccc3c2)cc(C(=O)OCCOc2ccc(C=CC(=O)c3ccccc3)cc2)c1,2.7406,egc
*CC(*)c1c(F)c(F)c(OC)c(F)c1F,4.6291,egc
*N(CCNC(=O)c1ccc(cc1)[Si](c1ccc(cc1)C(=O)NCC*)(CCCC)CCCC)c1ccc(cc1)/C=C/c1ccc(cc1)[N+](=O)[O-],115.0,tg
*Nc1ccc(-c2ccc(O*)cc2)cc1,4.41,eps
*c1ccc2n(c3c(c2c1)cc(cc3)c1ccc2n(c3c(c2c1)cc(cc3)C=Cc1ccc(cc1)c1n(c(nn1)c1ccc(cc1)C=C*)c1ccccc1)CCCCCCCC)CCCCCCCC,157.0,tg
*Oc1ccc(cc1)CC(=O)NCCCCCCNC(=O)C*,69.5,tg
*Oc1ccc(-c2ccc(C(*)=O)cc2)cc1,1.9035,nc
*OC(=O)c1ccc(cc1)[Si](c1ccc(cc1)C(=O)OCCN(CC*)c1ccc(cc1)C=Cc1ccc(cc1)[N+](=O)[O-])(C)C,127.0,tg
*Oc1ccc(C(CC)(c2ccccc2)c2ccc(OC(*)=S)cc2)cc1,4.1012,egc
*Oc1cc(ccc1)Oc1ccc(cc1)C(=O)c1ccc(cc1)NC(=O)c1cc(ccc1)C(=O)Nc1ccc(cc1)C(=O)c1ccc(cc1)*,214.0,tg
*Nc1cc(cc(c1)C(=O)Nc1c2C(=O)c3c(C(=O)c2ccc1)cccc3)NC(=O)NC1CCC(CC1)CC1CCC(CC1)NC(=O)*,156.0,tg
*c1oc(nn1)c1ccc(cc1)Oc1cc(ccc1)n1c(=O)c2ccc3c(=O)n(c(=O)c4ccc(c1=O)c2c34)c1cc(ccc1)Oc1ccc(cc1)*,318.0,tg
*N1C(=O)c2c(C1=O)cc(cc2)Oc1cc2c(C(=O)N(C2=O)CCCCCC*)cc1,164.0,tg
*Oc1ccc(cc1)CC(NC(=O)Cc1ccc(cc1)OC(=O)CC(CCC(=O)*)C)C(=O)OCCCCCCCC,30.0,tg
*NNC(=O)CCCCCCCCC(*)=O,6.0464,egc
*c1cc(C(=O)Oc2cccc3cccnc23)c(*)s1,2.8057,egc
*N1C(=O)c2c(C1=O)cc(cc2)Oc1cc2c(C(=O)N(C2=O)c2cc(cc(c2)OCCCCCCCCCCCC)*)cc1,162.0,tg
*N1C(=O)c2c(C1=O)cc(cc2)c1cc2c(C(=O)N(C2=O)c2cc(c(c(c2)C(=O)OCCCCCCCCCC)c2c(cc(cc2Br)*)C(=O)OCCCCCCCCCC)Br)cc1,116.0,tg
*c1ccc(cc1)c1ccc(cc1)C(=Cc1c(cc(c(c1)OC)C=C(*)c1ccc(cc1)F)OC)c1ccc(cc1)F,201.0,tg
*OC(COC(=O)c1c(cccc1)C(=O)*)C,95.0,tg
*CCCCCCOCO*,6.7419,egc
*c1cncc(-c2nc3ccc(-c4ccc5nc(*)sc5c4)cc3s2)c1,3.1882,egc
*c1cc2c(C(=O)N(C2=O)c2cc(ccc2)N2C(=O)c3c(C2=O)cc(cc3)C(=O)c2cc(ccc2)C(=O)*)cc1,259.5,tg
*Oc1c(cc(cc1OC)C=Cc1ccc(cc1)C=Cc1cc(c(c(c1)OC)OCCCCCCCC*)OC)OC,80.45,tg
*C(C*)c1c(ccc(c1)C(=O)OCCCCCCCCCCCC)c1ccc(cc1)OCCCCCCCC,42.0,tg
*C=CC(C)(C)C(*)(C)C,5.1816,egc
*Nc1c(cc(cc1)NC(=O)c1ccc(cc1)NC(=O)CCCCCCCCCCCCC(=O)Nc1ccc(cc1)C(=O)*)C(=O)OCCCCCCCCCCCCCC,204.5,tg
*C(C*)(C(=O)OCCCCCCCCOc1ccc(cc1)C(=O)Oc1ccc(cc1)C(=O)C=Cc1c(c2c(n1C)cccc2)C)C,75.0,tg
*CCCCCCN(C)C(=O)CCC(=O)N(*)C,5.3815,egc
*c1cc(-c2cc(CCCCCCCC)ccc2CCCCCCCC)c(*)s1,1.6967,egc
*CC(O)CN(*)c1cc(C)cc(C)c1,4.5575,egc
*c1cc2c(C(=O)N(C2=O)c2cc(ccc2)C(=O)Nc2ccc(cc2)NC(=O)c2ccc(cc2)NC(=O)c2cc(ccc2)N2C(=O)c3c(C2=O)cc(cc3)C(*)(C(F)(F)F)C(F)(F)F)cc1,328.0,tg
*c1nc2c(c(c1)c1ccc(cc1)Oc1ccc(cc1)Oc1ccccc1)cc(cc2)c1cc2c(nc(cc2c2ccc(cc2)Oc2ccc(cc2)Oc2ccccc2)c2ccc(cc2)c2ccc(cc2)*)cc1,348.33,tg
*C(=S)C(=O)CCNc1ccc(C(=S)c2ccc(*)cc2)cc1,5.8838,ei
*Oc1cc(ccc1)NC(=O)CCCCCCCCC(=O)Nc1ccc(cc1)*,125.0,tg
*CCCCCCCNC(=S)Nc1ccc(NC(=S)N*)cc1,3.5538,egb
*Oc1cc(ccc1)C(=O)OC(=O)c1cc(ccc1)OCCCCC*,61.0,tg
*Oc1ccc(cc1)Oc1ccc(cc1)C(=O)c1cc(ccc1)NC(=O)c1cc(ccc1)C(=O)Nc1cc(ccc1)C(=O)c1ccc(cc1)*,202.0,tg
*NOC(F)(F)C(*)(F)F,1.6008,nc
*c1ccc2c(c1)c1cc(*)ccc1n2-c1ccccc1,3.553,egc
*O[Ca]OC(=O)c1c(cccc1)C(=O)OCCCCCOC(=O)NCCCCCCNC(=O)OCCCCCOC(=O)c1c(cccc1)C(=O)*,-2.4,tg
*Oc1cc(c(cc1)CCc1ccc(cc1)OCCCCC*)C,15.4,tg
*C=CCCCCCCCCCC*,5.8787,egc
*Oc1c(cc(cc1C)C(c1cc(c(c(c1)C)OC(=O)CCCCCC(=O)*)C)(C)C)C,84.0,tg
*c1nc2c(c(c1)c1ccccc1)cc(cc2)c1cc2c(nc(cc2c2ccccc2)c2ccc(cc2)c2ccc(cc2)*)cc1,372.0,tg
*c1cc2c(C(=O)N(C2=O)c2ccc(cc2)S(=O)(=O)c2ccc(cc2)N2C(=O)c3c(C2=O)cc(cc3)C(C(C(*)(F)F)(F)F)(F)F)cc1,259.0,tg
*CCOC(=O)c1ccc(O*)c(C)c1,4.4876,egc
*CCCCCCCCCCCOC(=O)c1ccc2cc(C(=O)O*)ccc2c1,3.7387,egc
*c1nc(ccc1)C(=O)Nc1cc(cc(c1)c1oc(nn1)c1ncccc1)NC(=O)*,255.0,tg
*Oc1ccc(cc1)OC(=O)c1ccc(cc1)OCCOCCOCCOc1ccc(cc1)C(=O)Oc1ccc(cc1)OCCCCCCCCCC*,64.0,tg
*OC1=CC(=O)C(*)=CC1=O,3.1359,egc
*Cc1ccc(Cc2ccc(*)cc2)cc1,6.2368,ei
*CC(*)(C)C(=O)OCc1ccc(Cl)cc1,4.9536,egc
*C(=O)c1ccc(NC(=S)Oc2ccc(Nc3ccc(*)s3)s2)s1,2.7059,eea
*N1C(=O)C(=C(C1=O)c1ccccc1)c1ccc(cc1)C1=C(C(=O)N(C1=O)c1ccc(cc1)Oc1ccc(cc1)c1ccc(cc1)Oc1ccc(cc1)*)c1ccccc1,257.67,tg
*CC=CCNC(=O)CCC=CCCC(=O)N*,5.3865,egc
*N1C(=O)c2c(C1=O)cc(cc2)Oc1cc(ccc1)C(=O)Nc1ccc(cc1)Oc1ccc(cc1)Oc1ccc(cc1)*,213.0,tg
*CCNC(*)=S,3.6727,egb
*OC(=O)c1ccc(cc1)C(=O)OCC(C*)C,55.0,tg
*C1CC2CC(CC(C1)O2)OC(=O)Oc1ccc(cc1)S(=O)(=O)c1ccc(cc1)OC(=O)O*,184.0,tg
*N1C(=O)CC(CC1=O)CCC*,90.23,tg
*Nc1ccc(cc1)C(c1ccc(cc1)NC(=O)c1cc(cc(c1)NC(=O)CCCCCN1C(=O)c2c(C1=O)cccc2)C(=O)*)(C(F)(F)F)C(F)(F)F,225.0,tg
*CCCCNC(=O)c1cccc(C(=O)N*)c1,5.1173,egc
*COC(=S)O*,6.8707,ei
*Nc1cc(*)ccc1CCCCCCCCCCCC,4.025,egc
*Nc1ccc(Br)cc1-c1ccc(NC(=O)c2ccc(C(*)=O)cc2)cc1,2.9894,egb
*Oc1cc(ccc1)C(=O)OCC(C(C(COC(=O)c1cc(ccc1)*)(F)F)(F)F)(F)F,20.0,tg
*CNOC(*)=S,3.89,eps
*CCC(O*)(C(F)(F)F)C(F)(F)F,3.05,eps
*OC(COCC(OC(=O)c1c(cccc1)C(=O)*)C)C,25.0,tg
*C(C*)(C(=O)OCCOc1ccc(cc1)c1ccc(cc1)c1ccc(cc1)C#N)C,115.0,tg
*Oc1ccc(cc1)N=CCCCC=Nc1ccc(cc1)OC(=O)Nc1c(ccc(c1)NC(=O)*)C,69.0,tg
*C(=O)C(=S)OC(*)=S,6.46,eps
*c1cc2c(C(=O)N(C2=O)c2ccc(cc2)C(c2ccc(cc2)N2C(=O)c3c(C2=O)cc(cc3)C(=O)*)(C(F)(F)F)C(F)(F)F)cc1,300.0,tg
*CC(*)c1ccncc1,2.5368,egc
*CCOC(=O)NCCOCCOCCNC(=O)O*,6.4585,egb
*OC(=O)c1ccc(cc1)c1ccc(cc1)c1ccc(cc1)C(=O)OCC(C*)(CC)CC,-20.0,tg
*Nc1cc(cc(c1)C(=O)OC1C(CCC(C1)C)C(C)C)NC(=O)c1cc(cc(c1)OCCN(c1ccc(cc1)[N+](=O)[O-])C)C(=O)*,193.0,tg
*CCCCCCC(=O)N*,0.6934,eea
*N1C(=O)C(CC1=O)(SCCOCCSC1(C(=O)N(C(=O)C1)c1ccc(cc1)Cc1ccc(cc1)N1C(=O)C(C(C1=O)C)SCCOCCSC1C(=O)N(C(=O)C1C)c1ccc(cc1)Cc1ccc(cc1)*)C)C,105.0,tg
*c1ccc(N(*)c2ccc(S(=O)(=O)O)cc2)cc1,3.3685,egc
*N1C(=O)c2c(C1=O)c(ccc2)Oc1c(cc(cc1C)Cc1cc(c(c(c1)C)Oc1c2c(C(=O)N(C2=O)c2c(cc(c(c2C)*)C)C)ccc1)C)C,287.0,tg
*C1C(CC(C1)C=C*)C(=O)OCCN(C)C,12.5,tg
*C(C*)OC(=O)c1ccc(cc1)OC(=O)CC,71.5,tg
*c1cc2c(cc1)cc(cc2)C(=Cc1c(cc(c(c1)OC)C=C(*)c1ccccc1)OC)c1ccccc1,198.0,tg
*N1C(=O)c2c(C1=O)cc(cc2)Oc1ccc(cc1)Oc1cc2c(C(=O)N(C2=O)c2c(c(c(cc2)Cc2c(c(c(cc2)*)C)C)C)C)cc1,277.0,tg
*SSCCCCCCCCCC*,-65.0,tg
*N1C(=O)c2c(C1=O)c(ccc2)Oc1c2c(C(=O)N(C2=O)c2ccc(cc2)Oc2ccc(cc2)*)ccc1,292.5,tg
*CCCCCCCCCCCCCCCCCCOCO*,6.7236,egc
*C(C=C1)=CC=C1C(C=C2)=CC=C2C(C=C3)=CC=C3C(=S)*,2.6076,egc
*Nc1ccc(NC(=O)C=CC(*)=O)cc1,2.7273,egc
*C(F)(F)C(C=C1)=CC=C1C(F)(F)O*,4.9933,egc
*Oc1ccc(cc1)S(=O)(=O)c1ccc(cc1)Oc1ccc(cc1)C1(CCCCC1)c1ccc(cc1)*,226.0,tg
*Oc1ccc(cc1)c1ccc(cc1)c1ccc(cc1)Oc1ccc(cc1)C(=O)c1cc(ccc1)C(=O)c1ccc(cc1)*,174.0,tg
*C1C(CC(C1)C=C*)(CCC)C#N,108.0,tg
*Oc1ccc(cc1)Oc1ccc(cc1)Oc1ccc(cc1)c1ccc(cc1)Oc1ccc(cc1)Oc1ccc(cc1)Oc1c(cc(cc1)C(=O)c1cc(c(cc1)*)S(=O)(=O)O[Na])S(=O)(=O)O[Na],348.0,tg
*C(C*)O,76.98,tg
*C(F)(F)CC(F)(F)C(=O)*,4.9534,egc
*C(C*)(CC(=O)Oc1ccc(cc1)OCCCCCCC)C(=O)Oc1ccc(cc1)OCCCCCCC,111.0,tg
*NCCCNC(=O)NC(*)=O,4.19,eps
*Oc1c(cc(c(c1)C(C)(C)C)Oc1ccc(cc1)C(=O)Nc1ccc(cc1)C(c1ccc(cc1)NC(=O)c1ccc(cc1)*)(C)C)C(C)(C)C,254.0,tg
*C(C*)(c1nc2c(cc1)cccc2)C,181.8,tg
*c1cc2c(C(=O)N(C2=O)c2c(cccc2)C(=O)c2cc(ccc2)N2C(=O)c3c(C2=O)cc(cc3)C(=O)*)cc1,258.33,tg
*C(C*)(C(=O)OCC#C)C,58.0,tg
*C=CC1CC(*)C(C(=O)OC)C1C(=O)OC,5.0643,egc
*Oc1cc(cc(c1)CCC)OC(=O)c1cc(ccc1)C(=O)*,129.0,tg
*Nc1c(cc(cc1)NC(=O)c1ccc(cc1)NC(=O)CCCCCCCCCCCCC(=O)Nc1ccc(cc1)C(=O)*)C(=O)OCCCCCCCCCCCCCCCC,250.0,tg
*Nc1ccc(NC(=O)C=Cc2ccc(C=CC(*)=O)cc2)cc1,3.0305,egc
*c1cc2c(C(=O)N(C2=O)c2cc(c(cc2)c2c(cc(cc2)N2C(=O)c3c(C2=O)cc(cc3)C(=O)Oc2ccc(cc2)C2(C3C4C(CCC4)C(C2)C3)c2ccc(cc2)OC(=O)*)C)C)cc1,226.0,tg
*CCCCCCOC(=O)CCCCS(=O)(=O)CCCCC(=O)O*,6.5053,egc
*NNC(=O)c1cccc(C(*)=O)c1,5.0927,egc
*Cc1ccc(CO*)s1,4.0,eps
*Cc1ccc(Oc2ccc(*)s2)s1,1.8388,nc
*Oc1ccc(cc1)C=Cc1ccc(cc1)OCCCCCC*,76.0,tg
*c1cc2c(C(=O)N(C2=O)c2c(cc(cc2C(C)C)C(c2cc(c(c(c2)C(C)C)N2C(=O)c3c(C2=O)cc(cc3)C(*)(C(F)(F)F)C(F)(F)F)C(C)C)(c2ccccc2)C(F)(F)F)C(C)C)cc1,274.0,tg
*C=CCC*,-89.57,tg
*CCOC(=O)CC(=O)O*,6.8494,egc
*Nc1c(Cl)cc(C(*)=O)cc1Cl,3.9189,egc
*CC#CCOC(=O)CCCCCCCCC(=O)O*,6.1042,egc
*C(=S)C(F)(F)CC(*)(F)F,1.7605,nc
*c1cc2c(C(=O)N(C2=O)c2c(c(ccc2)C(=O)Nc2ccc(cc2)C(c2ccc(cc2)NC(=O)c2c(c(ccc2)N2C(=O)c3c(C2=O)cc(cc3)C(*)(C(F)(F)F)C(F)(F)F)C)(C(F)(F)F)C(F)(F)F)C)cc1,250.0,tg
*Oc1ccc(cc1)NC(=O)c1ccc(cc1)P(=O)(c1ccc(cc1)C(=O)Nc1ccc(cc1)Oc1ccc(cc1)P(=O)(c1ccc(cc1)*)c1ccccc1)c1ccccc1,225.0,tg
*CC(=O)c1ccc(C(*)=S)cc1,6.4748,ei
*c1ccc(*)cc1,2.0982,nc
*c1ccc(C(F)(F)c2ccc(C(*)(F)F)s2)s1,2.5399,eea
*c1c2c(c(nn1)c1ccc(cc1)Oc1ccc(cc1)C1(c3ccccc3c3ccccc13)c1ccc(cc1)Oc1ccc(cc1)*)c(c(c(c2c1ccc(cc1)F)c1ccc(cc1)F)c1ccc(cc1)F)c1ccc(cc1)F,311.33,tg
*Oc1ccc(C(c2ccccc2)c2ccc(OC(*)=O)cc2)cc1,5.1003,egc
*Nc1c(cc(c(c1)[N+](=O)[O-])NC(=O)CCCCCCCCC(=O)*)C=Cc1ccc(cc1)N(C)C,159.0,tg
*C(C*)(C(=O)NC(=O)Oc1ccc(cc1)S(=O)(=O)c1ccc(cc1)O)C,182.0,tg
*c1cc2c(C(=O)N(C2=O)c2cc(ccc2)C(c2ccc(cc2)N2C(=O)c3c(C2=O)cc(cc3)C(*)(C(F)(F)F)C(F)(F)F)(C)C)cc1,260.0,tg
*OC(=O)C(F)(F)C(*)(F)F,3.31,eps
*Oc1ccc(cc1)N=Nc1ccc(cc1)Oc1ccc(cc1)C(c1ccc(cc1)*)(C)C,175.0,tg
*Oc1ccc(cc1)C(=Cc1ccc(cc1)c1ccc(cc1)C=C(c1ccc(cc1)OC(=O)c1ccc(cc1)C(=O)*)c1ccccc1)c1ccccc1,236.0,tg
*N1C(=O)C(CC1=O)Nc1ccc(cc1)NC1C(=O)N(C(=O)C1)c1ccc(cc1)C(=O)Oc1c(cc(cc1C)C(c1cc(c(c(c1)C)OC(=O)c1ccc(cc1)*)C)c1cnccc1)C,212.0,tg
*OC(COC(F)(C(F)(F)F)C(F)(F)F)C(*)COC(F)(C(F)(F)F)C(F)(F)F,6.5255,egc
*c1cc2c(C(=O)N(C2=O)c2c(cc(cc2)C2(c3ccccc3c3ccccc23)c2cc(c(cc2)N2C(=O)c3c(C2=O)cc(cc3)C(*)(C(F)(F)F)C(F)(F)F)F)F)cc1,352.0,tg
*Oc1ccc(cc1)C(c1ccc(cc1)OCCOC(=O)C1CCC(CC1)C(=O)OCC*)(C)C,57.0,tg
*Oc1ccc(cc1)S(=O)(=O)c1ccc(cc1)c1ccc(cc1)*,265.5,tg
*c1n(nc(c1)c1ccc(cc1)Oc1ccc(cc1)C(=O)c1ccc(cc1)Oc1ccc(cc1)*)c1ccccc1,205.0,tg
*c1nc2c([nH]1)cc(cc2)c1cc2c(nc([nH]2)c2cc(ccc2)*)cc1,395.88,tg
*C1(NCC(NC1)(C(=O)OCC(CSCC(COC(=O)*)(C)C)(C)C)C)C,40.0,tg
*CNc1ccc(C(*)=S)s1,5.3497,ei
*c1cc2c(C(=O)N(C2=O)c2cc3C(=O)c4c(c3cc2)ccc(c4)N2C(=O)c3c(C2=O)cc(cc3)C(=O)*)cc1,331.0,tg
*c1c(nc2c(n1)cc(cc2)Oc1ccc(cc1)NC(=O)c1cc2c(C(=O)N(C2=O)c2ccc(cc2)C(c2ccc(cc2)N2C(=O)c3c(C2=O)cc(cc3)C(=O)Nc2ccc(cc2)Oc2cc3c(nc(c(n3)c3ccc(cc3)Oc3ccc(cc3)*)c3ccc(cc3)[N+](=O)[O-])cc2)(C(F)(F)F)C(F)(F)F)cc1)c1ccc(cc1)[N+](=O)[O-],303.0,tg
*Oc1ccc(OC(*)=O)cc1,4.3251,egb
*Nc1ccc(cc1)C(c1ccc(cc1)NC(=O)c1cc(cc(c1)NC(=O)CCCN1C(=O)c2c(C1=O)cccc2)C(=O)*)(C(F)(F)F)C(F)(F)F,240.0,tg
*OC(C*)CCCCCCCCCC,-41.0,tg
*C(C*)c1c(ccc(c1)C(=O)Oc1ccc(cc1)OC)C(=O)Oc1ccc(cc1)OC,109.67,tg
*c1ccc2oc3c(c2c1)cc(cc3)S(=O)(=O)*,360.0,tg
*c1cc2c(cc1OC(=O)COc1ccc3c(c1)oc(=O)cc3)oc(=O)c(c2)C(=O)Nc1ccc(cc1)C(c1ccc(cc1)NC(=O)c1c(=O)oc2c(cc(c(c2)OC(=O)COc2ccc3c(c2)oc(=O)cc3)C*)c1)(C(F)(F)F)C(F)(F)F,257.0,tg
*C(C*)C(=O)OCCOc1ccc(cc1)C(=O)Oc1ccc(cc1)OC(=O)c1ccc(cc1)OCCCC,45.0,tg
*Oc1ccc(cc1)C(=Nc1ccc(cc1)N=C(c1ccc(cc1)Oc1ccc(cc1)C(c1ccc(cc1)*)(c1ccccc1)c1ccccc1)c1ccccc1)c1ccccc1,198.0,tg
*OC(c1ccc(OC)cc1)C(C)(C)C(*)=O,4.5832,egb
*C(=O)c1ccc(C(=O)C(*)=S)cc1,1.6753,egb
*Oc1ccc(cc1)Oc1ccc(cc1)OCCCCCCOC(=O)OCCOC(=O)OCCCCCC*,-4.0,tg
*N1C(=O)c2c(C1=O)cc(cc2)NC(=O)Nc1c2c(ccc1)c(ccc2)NC(=O)Nc1cc2c(C(=O)N(C2=O)c2ccc(cc2)Oc2c(c3c(cc2)cccc3)c2c3c(ccc2Oc2ccc(cc2)*)cccc3)cc1,297.0,tg
*C(C*)(C(=O)Oc1cc(c(cc1)[N+](=O)[O-])C)C,101.0,tg
*Nc1c(cc(cc1)Br)c1ccc(cc1)NC(=O)c1ccc(cc1)C(=O)*,267.0,tg
*Cc1ccc(-c2ccc(O*)cc2)s1,1.4385,eea
*O[Si](*)(c1ccccc1)C,-24.27,tg
*OP(=O)(Oc1c(cc(cc1C)S(=O)(=O)c1cc(c(c(c1)C)*)C)C)Oc1ccc(cc1)[N+](=O)[O-],173.0,tg
*c1sc(cc1)[Si]([Si](*)(CCCC)CCCC)(CCCC)CCCC,-53.0,tg
*C1=CC(C)C(C(=O)C(=O)C2CC3C(*)CC3(O)C2=O)C(=O)N1C,2.7097,egc
*Oc1ccc(cc1)NC(=O)c1cc(cc(c1)C(C)(C)C)C(=O)Nc1ccc(cc1)Oc1ccc(cc1)C(c1ccc(cc1)*)(C(F)(F)F)C(F)(F)F,254.25,tg
*C(=O)C(C=C1)=CC=C1C(S2)=CC=C2C(C=C3)=CC=C3*,2.9694,egc
*Nc1ccc(-c2ccc(-c3ccc(*)s3)cc2)cc1,1.8885,eea
*CC(=O)Cc1ccc(*)cc1,6.2518,ei
*CCc1ccc(Cc2ccc(CCS*)cc2)cc1,4.9003,egc
*Cc1ccc(C(=S)c2ccc(*)cc2)cc1,5.6687,ei
*C(=S)c1ccc(C(=S)c2ccc(*)cc2)cc1,1.8035,egb
*C(C*)(C(=O)OC1CCCCCCCCC1)C,58.0,tg
*C(C(=O)C*)c1ccc(cc1)C(C)(C)C,158.0,tg
*Oc1c(c(cc(c1)Cl)Cl)*,165.0,tg
*CCOC(=O)CCCCCCCCC(=O)O*,6.8048,egc
*c1cccc(-c2nc3cc4nc(*)c(-c5ccccc5)nc4cc3nc2-c2ccccc2)c1,1.9959,egb
*NOc1ccc(O*)cc1,4.5587,egb
*SC1CCCC(*)C1,4.9242,egc
*Oc1cc(ccc1)C(=O)c1ccc(cc1)Oc1ccc(cc1)C(=O)c1ccc(cc1)*,146.0,tg
*N1C(=O)c2c(C1=O)cc(cc2)C(c1cc2c(C(=O)N(C2=O)CCCCC*)cc1)(C(F)(F)F)C(F)(F)F,170.0,tg
*c1cc2c(C(=O)N(C2=O)c2cc(ccc2)OCCOCCOc2cc(ccc2)N2C(=O)c3c(C2=O)cc(cc3)C(=O)*)cc1,152.33,tg
*C1=C(CC(C1)(C(=O)OCC)C(=O)OCC)C=C*,27.65,tg
*C(OC(C)=O)=C(OC(C)=O)c1ccc(*)cc1,3.7517,egc
*Oc1c(cc(cc1)OCCCCC(=O)NNC(=O)c1ccc(cc1)C(=O)NNC(=O)CCCC*)C,139.5,tg
*OC(CC(=O)*)CCCCCC,-47.0,tg
*C1C(CC(C1)C=C*)C(=O)OCCCCCCCCOc1ccc(cc1)C=Cc1ccc(cc1)[N+](=O)[O-],49.6,tg
*OC(=O)CCCCCCCCC(=O)OCCCCCCCCCC*,-53.0,tg
*CC(*)C,7.6997,egb
*OC(COC(=O)c1cc(ccc1)C(=O)OCC(*)(F)F)(F)F,28.0,tg
*C=CC(C)C(*)C(=O)OCCCC,5.2364,egc
*C=CC(C)C(*)C(=O)OCCCC,5.4974,egb
*C(=O)Oc1ccc(OC(=O)c2ccc3c(c2)C(=O)N(c2ccc(Sc4ccc(N5C(=O)c6ccc(*)cc6C5=O)cc4)cc2)C3=O)cc1,2.9567,egc
*C(C*)C(=O)OCC,-9.27,tg
*O[Si](c1ccc(cc1)[Si](Oc1c(cc(cc1C)c1cc(c(c(c1)C)*)C)C)(C)C)(C)C,67.0,tg
*C(C*)(C(=O)OCCCCCCCCCCOc1ccc(cc1)OC(=O)c1ccc(cc1)OC)C,21.0,tg
*Oc1ccc(cc1)N=CC=Nc1ccc(cc1)OC(=O)Nc1ccc(cc1)Cc1ccc(cc1)NC(=O)*,133.0,tg
*c1cc(C)c(-c2c(C)cc(N3C(=O)c4ccc(-c5ccc6c(c5)C(=O)N(*)C6=O)cc4C3=O)cc2C)c(C)c1,3.1002,egc
*C=Cc1ccc(*)n1CCCCCC,1.5103,egc
*Oc1ccc(cc1)C(=O)OC(COC(COC(COC(=O)c1ccc(cc1)OC(=O)c1ccc(cc1)C(=O)*)C)C)C,36.0,tg
*CCCCCCCCC(=O)N*,6.101,egc
*c1cc2c(C(=O)N(C2=O)c2c(ccc(c2)N2C(=O)c3c(C2=O)cc(cc3)C(=O)Nc2c(cc(cc2C)Cc2cc(c(c(c2)C)NC(=O)*)C)C)N=Nc2ccc(cc2)OC(F)(F)F)cc1,278.0,tg
*C(C*)C(C(F)(F)F)(F)F,41.0,tg
*NC(=O)OC(=O)*,5.6538,egc
*C(C*)OCCCCCCCCCCCOc1ccc(cc1)C(=O)Oc1ccc(cc1)C#N,37.0,tg
*CCCCCCO*,6.1189,egc
*Oc1ccc(cc1)C(=O)OCCCCOC(=O)c1ccc(cc1)*,38.0,tg
*c1ccc(cc1)C(C(*)(C(=O)OCC)C#N)(C(=O)OCC)C#N,108.0,tg
*OC(=O)c1ccc(cc1)C(=O)OCCCCOC(=O)CCCCC(=O)OCCCC*,-20.0,tg
*N=P(*)(OCc1ccc(cc1)Br)OCc1ccc(cc1)Br,-0.8,tg
*NC(=O)CCCCCCCCCCC(=O)NCCCCCC*,50.61,tg
*C(C)C(*)O,7.9156,egb
*CCCCCCOC(=O)SC(=O)O*,5.9655,egc
*Nc1ccc(Oc2ccc(*)s2)cc1,1.9073,nc
*c1ccc(-c2nc3cc4nc(-c5ccccc5)c(*)nc4cc3nc2-c2ccccc2)cc1,2.8531,egc
*CCCO*,3.03,eps
*c1cc2c(C(=O)N(C2=O)c2ccc(cc2)C(=O)Nc2ccc(cc2)C(=O)OCCCCCCCOC(=O)*)cc1,106.0,tg
*Oc1ccc(cc1)c1ccc(cc1)OC(=O)CCCCCCCCCCCCC(=O)*,95.0,tg
*CCCC(*)C#N,7.4859,egb
*Oc1ccc(NC(=O)NCCCCCCNC(*)=O)cc1C,4.8377,egc
*C(C*)c1c(cc(c(c1)C)C)C,104.0,tg
*CC1CC(CNC(=O)c2cccc(C(=O)N*)c2)CC(C(C)(C)C)C1,4.8842,egc
*C(=CCC*)C(C)C,-47.0,tg
*c1ccc(-c2ccc(-c3ccc(-c4ccc(-c5ccc(*)n5CCCCCCCCCCCC)s4)s3)s2)s1,2.1419,egc
*c1cc2c(C(=O)N(C2=O)c2ccc(cc2)Oc2ccc(cc2)N2C(=O)c3c(C2=O)cc(cc3)C(C(C(*)(F)F)(F)F)(F)F)cc1,216.5,tg
*OC(CC(*)=O)C1CO1,6.757,egc
*OC(F)(F)C(*)(F)F,10.1137,egb
*c1ccc(OC(=S)c2ccc(*)s2)cc1,2.0472,egb
*Cc1ccc(C(=O)N*)cc1,4.2448,egb
*C(c1ccccc1)=c1ccc(=c2ccc(=C(c3ccccc3)c3ccc(-c4ccc(*)s4)s3)s2)s1,1.4486,egc
*CNC(C=C1)=CC=C1O*,4.3424,egc
*O[Si](*)(CCCOc1ccc(cc1)N=Nc1ccc(cc1)S(=O)(=O)O)C,9.2,tg
*OC(=S)C(F)(F)C(*)(F)F,3.6605,eea
*OC(=O)Nc1ccc(cc1)Cc1ccc(cc1)NC(=O)OCCN(CC*)c1ccc(cc1)N=Nc1ccc(cc1)[N+](=O)[O-],136.4,tg
*CCCC(*)=O,1.2346,eea
*c1cc2c(C(=O)N(C2=O)c2ccc(cc2)Oc2ccc(cc2)N2C(=O)c3c(C2=O)cc(cc3)C(=O)Nc2ccc(cc2)Sc2ccc(cc2)NC(=O)*)cc1,284.0,tg
*Oc1ccc(cc1)C(c1ccc(cc1)OC(=O)C1CCC(CC1)C(=O)*)(C)C,150.0,tg
*c1cc2c(C(=O)N(C2=O)c2ccc(cc2)NC(=O)C(C(C(C(C(=O)Nc2ccc(cc2)N2C(=O)c3c(C2=O)cc(cc3)C(*)(C(F)(F)F)C(F)(F)F)(F)F)(F)F)(F)F)(F)F)cc1,285.0,tg
*c1cc2c(C(=O)N(C2=O)c2c(cc(cc2C)C2(c3ccccc3c3ccccc23)c2cc(c(c(c2)C(C)C)N2C(=O)c3c(C2=O)cc(cc3)C(*)(C(F)(F)F)C(F)(F)F)C)C(C)C)cc1,335.0,tg
*OC(C(=O)OCCC*)C,-33.0,tg
*OC(=O)CCCC(=O)OCCOCC*,-55.0,tg
*C(=O)c1ccc2c(c1)C(=O)N(c1ccc(N3C(=O)c4ccc(*)cc4C3=O)cc1)C2=O,2.8765,egc
*C1(c2c(C(=O)N1C)cccc2)c1ccc(cc1)Oc1ccc(cc1)C(=O)c1ccc(cc1)Oc1ccc(cc1)*,245.0,tg
*CCCCOC(=O)CCCCC(=O)O*,6.8238,egc
*OC(=O)c1c(ccc(c1)N=Nc1ccc(cc1)OCC)c1c(cc(cc1)N=Nc1ccc(cc1)OCC)C(=O)OCCC*,101.0,tg
*C(C=C1)=CC=C1C(S2)=CC=C2C(C=C3)=CC=C3O*,3.449,egc
*C(C*)(C(=O)OC(COc1c2c(ccc1)cccc2)COc1c2c(ccc1)cccc2)C,80.0,tg
*C(C*)CC,-22.54,tg
*C(=O)c1ccc2c(c1)C(=O)N(c1cccc(Nc3ncnc(Nc4cccc(N5C(=O)c6ccc(*)cc6C5=O)c4)n3)c1)C2=O,2.4957,egc
*Oc1ccc(cc1)C(=O)c1cc(ccc1)C(=O)c1ccc(cc1)*,139.0,tg
*C(C*)(C(=O)OCCOC)C,22.75,tg
*n1nc(-n2c(=O)c3cc4c(=O)n(*)c(=O)c4cc3c2=O)c2ccccc2c1=O,2.9967,egc
*CC(*)(C)C(=O)OCc1cccs1,4.9884,egc
*Oc1ccc(cc1)CC(NC(=O)CCc1ccc(cc1)OC(=O)CCCCC(=O)*)C(=O)OC,68.67,tg
*CC(*)C(=O)OCCCCC,6.4787,egc
*c1cc2c(C(=O)N(C2=O)C2C(=O)N(C(=O)C2)c2c(ccc(c2)C)NC(=O)*)cc1,237.0,tg
*Cc1ccc(-c2ccc(O*)cc2)cc1,3.7323,egb
*NC(C=C1)=CC=C1C(C=C2)=CC=C2C(=S)*,2.813,egc
*c1sc(cc1CCCCCCCCCCCC)c1sc(c(c1)CCCCCCCCCCCC)c1cc2cc3c(cc2cc1)cc(cc3)*,158.0,tg
*c1ccc(Oc2ccc(-c3cnc4cc5ncc(*)nc5cc4n3)cc2)cc1,2.782,egc
*OCCC(=O)CC(=O)Oc1ccc(*)cc1,1.7251,nc
*CCCCCCCCCCCCCCCCCCNC(=O)CCCCCCCCCCC(=O)N*,5.6172,egc
*S(=O)(=O)c1cc(ccc1)NC(=O)CCCCCCCCC(=O)Nc1cc(ccc1)*,112.0,tg
*Nc1ccc(NC(=O)c2ccc(NC(=O)c3cc(NC(=O)C45CC6CC(CC(C6)C4)C5)cc(C(*)=O)c3)cc2)cc1,3.1839,egc
*Oc1c(cc(cc1)Oc1ccc(cc1)C(=O)Nc1ccc(cc1)Oc1ccc(cc1)c1ccc(cc1)Oc1ccc(cc1)NC(=O)c1ccc(cc1)*)c1ccccc1,232.0,tg
*Oc1ccc(cc1)C(c1ccc(cc1)OCC(CN(S(=O)(=O)c1ccc(cc1)c1ccc(cc1)S(=O)(=O)N(CC(C*)O)CCO)CCO)O)(C)C,76.0,tg
*c1oc(nn1)c1ccc(cc1)Oc1ccc(cc1)c1c(cc(c(c1)OCCCCCC)c1ccc(cc1)Oc1ccc(cc1)*)OCCCCCC,103.0,tg
*Nc1cc(ccc1)NC(=O)c1cc(ccc1)C(=O)Nc1cc(ccc1)NC(=S)NC(=O)CCCCC(=O)NC(=S)*,242.0,tg
*CC(=O)CC(*)=O,1.5258,eea
*Oc1cc(ccc1)OC(=O)c1cc(ccc1)C(=O)*,141.6,tg
*c1nc2c(c(c1)c1ccccc1)cc(cc2)Oc1cc2c(nc(cc2c2ccccc2)c2ccc(cc2)c2ccc(cc2)c2ccc(cc2)*)cc1,282.5,tg
*c1cc(-c2ccc(OCCCCCC)cc2)c(*)s1,2.6448,egc
*Oc1ccc(cc1)Oc1ccc(cc1)OC(=O)*,118.0,tg
*Nc1ccc(cc1)Cc1ccc(cc1)NC(=O)c1cc(cc(c1)NC(=O)c1ccccc1)C(=O)*,285.0,tg
*OC(F)(F)C(F)(F)C(F)(F)C(*)(F)F,8.7307,egb
*NC(=O)c1ccc(-c2ccc(*)cc2)s1,5.5458,ei
*Oc1ccc(C(=O)OCCCOC(=O)c2ccc(OC(=O)c3ccc(C(*)=O)cc3)cc2)cc1,4.0079,egc
*CCCCCCNC(=O)CCCCCCCC(=O)N*,5.6457,egc
*CC(*)C(=O)OCCO,6.417,egc
*Oc1ccc(cc1)C1(CCC(CC1)C(c1ccc(cc1)OCC(C*)O)(C)C)C,135.0,tg
*NC(=O)c1c(cc(cc1)C(=O)NCCCCCCCCCCCC*)Oc1ccccc1,75.0,tg
*Oc1ccc(cc1)CC(NC(=O)CCc1ccc(cc1)OC(=O)COCC(=O)*)C(=O)OCCCCCC,45.0,tg
*C(CCC*)(C(=O)O)C,132.0,tg
*OC(CC(=O)*)C(Cl)(Cl)Cl,156.0,tg
*N(CC*)C(=O)c1c(cccc1)F,109.0,tg
*C(C*)(C(=O)OCCCCCCCCCCOc1ccc(cc1)N=Nc1ccc(cc1)OC)C,62.0,tg
*CCCCCCCCCCNCCCCCCN*,5.4327,egc
*CCCC(*)Cl,6.9806,egc
*OC(=O)C(Cc1ccccc1)NC(=O)CCCCC(=O)NC(Cc1ccccc1)C(=O)OC1COC2C(*)COC12,5.287,egc
*O[Si](O[Si](O[Si](O[Si](O[Si](Oc1c2ccccc2c2ccccc2c1*)(C)C)(C)C)(C)C)(C)C)(C)C,-38.0,tg
*C(C#N)=C(C#N)n1c(=O)c2cc3c(=O)n(*)c(=O)c3cc2c1=O,3.4736,egc
*NC1(F)CC(C(F)F)C(*)C(F)(F)C1F,6.3292,egc
*CCC(=S)O*,3.71,eps
*C(=O)Nc1ccc(C2(c3ccc(N4C(=O)c5ccc(*)cc5C4=O)cc3)CC(C)CC(C)(C)C2)cc1,2.7929,egc
*N1C(=O)c2c(C1=O)cc(cc2)c1cc2c(C(=O)N(C2=O)c2ccc(cc2)N2C(=O)c3c(C2=O)cc(cc3)C(c2cc3c(C(=O)N(C3=O)c3ccc(cc3)*)cc2)(C(F)(F)F)C(F)(F)F)cc1,342.0,tg
*Oc1ccc(cc1)Cc1ccc(cc1)OC(=O)c1cc(cc(c1)OCCCCC)C(=O)*,110.0,tg
*NC(=S)c1ccc(O*)cc1,5.884,ei
*CC(=O)C(=S)c1ccc(*)cc1,2.03,nc
*N(CC*)C(=O)c1c(c(ccc1)F)F,110.0,tg
*CCOC(=O)Nc1ccc(C(C)(C)c2ccc(NC(=O)O*)cc2)cc1,4.3346,egb
*N1C(=O)c2c(C1=O)c(c(c(c2c1ccccc1)c1ccccc1)c1ccc(cc1)Oc1ccc(cc1)c1c(c2c(C(=O)N(C2=O)c2ccc(cc2)Cc2ccc(cc2)*)c(c1c1ccccc1)c1ccccc1)c1ccccc1)c1ccccc1,356.0,tg
*c1cc2c(C(=O)N(C2=O)c2cc(ccc2)C(C(C(C(C(c2cc(ccc2)N2C(=O)c3c(C2=O)cc(cc3)C(C(C(C(*)(F)F)(F)F)(F)F)(F)F)(F)F)(F)F)(F)F)(F)F)(F)F)cc1,144.0,tg
*CNc1ccc(O*)cc1,1.8414,nc
*Nc1ccc(cc1)C(c1ccc(cc1)NC(=O)c1cc(cc(c1)N1C(=O)C2C(C1=O)C1CCC2C1)C(=O)*)(C)C,311.0,tg
*CCc1ccc(O*)s1,0.6627,eea
*N1C(=O)c2c(C1=O)cc(cc2)c1cc2c(C(=O)N(C2=O)c2cc(c(cc2)Oc2c(cc(cc2)*)Br)Br)cc1,275.0,tg
*OC(=O)OCCCC*,-28.75,tg
*c1cc(SCCCCCCCCCCCC)c(*)s1,1.5021,egc
*N1C(=O)c2c(C1=O)cc(cc2)Oc1cc(ccc1)Oc1cc2c(C(=O)N(C2=O)c2ccc(cc2)Oc2ccc(cc2)*)cc1,209.0,tg
*c1cc2c(C(=O)N(C2=O)c2ccc(cc2)Oc2ccc(cc2)N2C(=O)c3c(C2=O)cc(cc3)C(=O)*)cc1,270.76,tg
*CCCNC(=O)CCCCCCCC(=O)NCCCNC(=O)C(=O)N*,4.6809,egb
*Oc1cc(ccc1)OC(=O)c1ccc(cc1)Oc1ccc(cc1)C(=O)*,159.0,tg
*CNC(=O)ONC(=O)NO*,6.8117,egc
*c1ncc(cc1)C(=O)NNC(=O)c1ccc(cc1)[Si](c1ccc(cc1)C(=O)NNC(=O)*)(c1ccccc1)c1ccccc1,256.0,tg
*Cc1ccc(CO*)cc1,1.7774,nc
*c1cc2c(C(=O)N(C2=O)c2ccc(cc2)C2(CC(CC(C2)C)(C)C)c2ccc(cc2)NC(=O)*)cc1,328.0,tg
*NC(=O)c1ccc(-c2ccc(*)cc2)cc1,2.0808,nc
*OC1CC(C)CC(*)O1,6.2631,egc
*C(C*)(C(=O)OCc1[se]ccc1)C,54.43,tg
*N1C(=O)c2c(C1=O)cc(cc2)NC(=O)OCCOc1c(cc(cc1Br)C(c1cc(c(c(c1)Br)OCCOC(=O)Nc1cc2c(C(=O)N(C2=O)c2cc(ccc2)P(=O)(c2cc(ccc2)*)c2ccccc2)cc1)Br)(C)C)Br,201.0,tg
*NC(=S)NC(*)=S,7.0636,ei
*C(C(*)(c1c(c(c(c(c1[2H])[2H])[2H])[2H])[2H])[2H])([2H])[2H],86.29,tg
*CC(O*)C(C)(C)C,5.5394,egc
*OC(=O)c1ccc(C(C)(C)c2ccc(C(*)=O)cc2)cc1,4.3936,egc
*CCc1ccc(C(*)=S)s1,4.38,eps
*OC(=O)Nc1c(ccc(c1)NC(=O)OCCN(CC*)c1c(cc(cc1)[N+](=O)[O-])C)C,98.0,tg
*C(*)(Cl)F,77.0,tg
*C=NCCN=Cc1ccc(Sc2ccc(*)o2)o1,3.3427,egc
*S(=O)(=O)CC(=CC*)C,88.2,tg
*C1C(=O)N(C(=O)C1*)CCCCCCCCOc1ccc(cc1)c1ccc(cc1)C#N,43.0,tg
*Oc1cc(ccc1)NC(=O)CCCCCCC(=O)Nc1ccc(cc1)*,140.0,tg
*Oc1ccc(Oc2cccc(*)n2)c(-c2ccccc2)c1,4.2637,egc
*c1ccc(cc1)c1c(cc(c(c1c1ccccc1)c1ccccc1)c1cc(ccc1)c1c(c(c(c(c1)c1ccccc1)c1ccc(cc1)CCCCCCCCCC*)c1ccccc1)c1ccccc1)c1ccccc1,180.0,tg
*N1C(=O)c2c(C1=O)cc(cc2)c1cc2c(C(=O)N(C2=O)c2c(cc(cc2)Cc2cc(c(cc2)*)C(C)(C)C)C(C)(C)C)cc1,324.0,tg
*Oc1c(cc(cc1)Oc1ccc(cc1)C(=O)c1ccc(cc1)c1ccc(cc1)C(=O)c1ccc(cc1)*)c1cc(ccc1)C,170.0,tg
*N1C(=S)N(C(=O)CC1=O)c1ccc(cc1)Oc1ccc(cc1)c1ccc(cc1)Oc1ccc(cc1)*,158.5,tg
*[SiH](C#Cc1cc(ccc1)C#C*)C,72.0,tg
*C(=O)C(F)(F)C(=O)C(*)(F)F,3.1408,egb
*C1(c2c(C(=O)O1)cccc2)c1cc(c(c(c1)Br)OC(=O)c1ccc(cc1)C(=O)Oc1c(cc(cc1Br)*)Br)Br,319.0,tg
*NC(=S)Nc1ccc(NC(=S)Nc2ccc(Oc3ccc(*)cc3)cc2)cc1,2.2298,eea
*Oc1ccc(cc1)Oc1cc(ccc1)C(=O)Oc1ccc(cc1)OC(=O)c1cc(ccc1)*,119.0,tg
*CC(*)(C#N)C(=O)OCC,6.5171,egc
*OC(=O)NCCCCNC(=O)OCCCCCC*,16.0,tg
*OC(=O)OC1COC2C(*)COC12,6.8979,egc
*OC(=O)C1CCC(CC1)C(=O)OCC*,25.0,tg
*OC(C*)COC(C(F)(F)F)(C(F)(F)F)F,-43.0,tg
*C(C*)C(=O)OCCCCCCCCn1c2ccccc2c2ccccc12,12.0,tg
*Oc1c(cc(cc1)c1ccc(cc1)NC(=O)c1cc(cc(c1)C(C)(C)C)C(=O)Nc1ccc(cc1)c1cc(c(cc1)Oc1ccc(cc1)C(c1ccc(cc1)*)(C)C)C(F)(F)F)C(F)(F)F,248.5,tg
*C(=O)Nc1cccc(NC(=O)c2ccc(-c3nc4cc(*)ccc4[nH]3)cc2)c1,3.2886,egc
*c1ccc(-c2ccc(-c3ccc(-c4ccc(*)s4)s3)s2)cc1,2.752,eea
*c1ccc(CC(F)(F)C(*)(F)F)s1,6.8904,ei
*c1oc(cc1)CNC(=O)OC(COC(=O)NC*)c1occc1,30.0,tg
*C(C*)c1ccc(cc1)COCCCCO,20.0,tg
*Oc1c(c(c(c(c1F)F)c1c(c(c(c(c1F)F)Oc1c(cc(cc1)Cc1cc(c(cc1)*)C=O)C=O)F)F)F)F,198.0,tg
*C(C*)c1c(cccc1)COCC,74.0,tg
*Oc1ccc(cc1)S(=O)(=O)c1ccc(cc1)OCC(COc1ccc(cc1)C(c1ccc(cc1)OCC(C*)O)(C)C)O,130.33,tg
*C(=C(*)C)[Si](C[Si](C)(C)C)(C)C,200.0,tg
*OC(C)CCOC(=O)CCCCC(*)=O,6.6227,egc
*C(C*)(C(=O)OCCC1CCCCC1)C,76.33,tg
*C=CCC(C*)(C(=O)OC12CC3CC(CC(C1)C3)C2)C(=O)OC12CC3CC(CC(C1)C3)C2,34.0,tg
*O[Si](O[Si](O[Si](O[Si](c1cc(ccc1)[Si](*)(c1ccccc1)C)(c1ccccc1)C)(C)C)(C)C)(C)C,-42.0,tg
*c1ccc(-c2ccc(-c3ccc(-c4ccc(*)s4)cc3)cc2)cc1,2.2986,nc
*c1ccc(Sc2ccc(-c3nc4ccc(-c5ccc6nc(*)c(-c7ccccc7)nc6c5)cc4nc3-c3ccccc3)cc2)cc1,3.3214,egc
*c1cc2c(cc1OC(=O)COc1ccc3c(c1)oc(=O)cc3)oc(=O)c(c2)C(=O)Nc1ccc(cc1)NC(=O)c1c(=O)oc2c(cc(c(c2)OC(=O)COc2ccc3c(c2)oc(=O)cc3)C*)c1,252.0,tg
*C1C(=O)OC(=O)C1*,6.0081,egb
*C(=O)Oc1ccc(C(*)=S)s1,5.33,eps
*CCNC(=O)CCCCCCCCCCC(=O)N*,5.5657,egc
*CCCCCOCO*,6.5668,egc
*c1sc(cc1)c1sc(cc1)[Si]([Si](*)(C)C)(C)C,45.0,tg
*NC(=S)Nc1ccc(Cc2ccc(*)cc2)cc1,5.378,ei
*Nc1cc(cc(c1)C(=O)OCCN(c1ccc(cc1)C#N)C)NC(=O)c1cc(cc(c1)OCCN(c1ccc(cc1)S(=O)(=O)C(C(C(C(C(C(C(C(F)(F)F)(F)F)(F)F)(F)F)(F)F)(F)F)(F)F)(F)F)C)C(=O)*,157.0,tg
*Cc1cccc(CNC(=O)C2=C(C(=O)N*)C3C=CC2C3)c1,3.5629,egc
*c1ccc(-c2ccc(-c3ccc(-c4ccc(*)s4)s3)s2)cc1,1.1128,egb
*OC(=O)CCCCCCCCCCC(=O)OCC#CC*,-27.0,tg
*Cc1ccc(C(=S)c2ccc(*)s2)s1,2.0063,nc
*c1nc2c([nH]1)ccc(c2)NC(=O)c1ccc(cc1)OCCOCCOCCOCCOCCOc1ccc(cc1)C(=O)Nc1ccc(cc1)*,125.0,tg
*C(C*)(CC(=O)OCc1ccccc1)C(=O)OCc1ccccc1,55.0,tg
*N1C(=O)c2c(C1=O)c(ccc2)Oc1c(c(cc(c1)C(C)(C)C)C(C)(C)C)Oc1c2c(C(=O)N(C2=O)c2ccc(cc2)Oc2ccc(cc2)c2ccc(cc2)Oc2ccc(cc2)*)ccc1,237.0,tg
*C(C*)c1c(ccc(c1)c1ccc(cc1)C(=O)OC(CCCCCC)C)c1ccc(cc1)C(=O)OC(CCCCCC)C,102.0,tg
*OC(CC(=O)*)CCCCC,-34.5,tg
*C(C*)(C(=O)OCCN(c1ccc(cc1)N=Nc1ccc(cc1)S(=O)(=O)C)CC)C,144.0,tg
*CC(=O)Nc1ccc(*)s1,1.3272,eea
*OCC(C*)(COCC(F)(F)F)C,-41.0,tg
*OS(=O)(=O)c1cc(ccc1)S(=O)(=O)Oc1ccc(cc1)C1(CCCCC1)c1ccc(cc1)*,126.0,tg
*c1cc2c(C(=O)N(C2=O)C2CC(CC(C2)(CN2C(=O)c3c(C2=O)cc(cc3)C(=O)*)C)(C)C)cc1,275.0,tg
*C(=O)Nc1ccc(N2C(=O)c3ccc(*)cc3C2=O)cc1,3.1573,egc
*c1sc(*)c(C)c1C,3.3355,egc
*c1nc(C)nc(N(*)c2ccccc2)n1,4.4826,egc
*Oc1c(cc(c(c1)OC(=O)c1ccc(cc1)OCCCCCCCCCCCC)OC(=O)CCCC(=O)*)OC(=O)c1ccc(cc1)OCCCCCCCCCCCC,23.0,tg
*Oc1ccc(cc1)CC(NC(=O)CCc1ccc(cc1)OC(=O)CCCCCCCCC(=O)*)C(=O)OCCCCCCCC,14.25,tg
*C=C(*)C#N,0.5068,egb
*c1ccc2c(nc([nH]2)c2cc(ccc2)c2nc3c([nH]2)ccc(c3)C(=O)Nc2cc(ccc2)NC(=O)c2cc(ccc2)NC(=O)*)c1,331.0,tg
*CC(*)C(=O)OCC(F)(F)C(F)(F)OC(F)(F)C(F)(F)C(F)(F)C(F)(F)F,6.0236,egb
*C1C=C(C)C(*)S1,5.0392,egc
*CCCCCCCCCCOC(=O)NNC(=O)CCCCCCCCC(=O)NNC(=O)O*,5.6458,egc
*OC1CCCC1*,5.3919,egc
*CC(*)OC(=O)OCC(F)(F)F,7.9003,egb
*N1C(=O)c2c(C1=O)cc(cc2)Oc1ccc(cc1)C(c1ccc(cc1)Oc1cc2c(C(=O)N(C2=O)c2ccc(cc2)Oc2ccc(cc2)c2ccc(cc2)Oc2ccc(cc2)*)cc1)(C)C,220.0,tg
*C=C(*)c1cccc(C#C)c1,0.069,egc
*CC1CCCC(CC(=O)N*)C1,6.0189,egc
*OC(CCCCCCC=C)CC(*)=O,5.5852,egb
*N(CC*)CCOCCOC,-76.0,tg
*N1C(=O)c2c(C1=O)cc(cc2)c1cc2c(C(=O)N(C2=O)c2cc(c(c(c2)C(=O)OCCCCCCCC)c2c(cc(cc2Br)*)C(=O)OCCCCCCCC)Br)cc1,135.5,tg
*Oc1ccc(C(F)(F)C(*)(F)F)s1,6.8728,ei
*C(C*)C(=O)OCCCCCCOC(=O)c1ccc(cc1)OC(=O)c1ccc(cc1)C#N,30.0,tg
*c1cc2c(C(=O)N(C2=O)c2ccc(cc2)S(=O)(=O)c2ccc(cc2)S(=O)(=O)c2ccc(cc2)N2C(=O)c3c(C2=O)cc(cc3)C(*)(C(F)(F)F)C(F)(F)F)cc1,331.0,tg
*Oc1cc2c(cc1)ccc(c2)OCCNC(=O)c1ccc(cc1)C(=O)NCC*,159.0,tg
*c1ccc2c(c1)c1cc(*)ccc1n2C,3.4554,egc
*CC1CCC(COC(C)OC(=O)c2cccc(C(=O)OC(C)O*)c2)CC1,4.9396,egc
*Oc1ccc(cc1)C1(c2ccccc2c2ccccc12)c1ccc(cc1)OCCOC(=O)NC1CCC(CC1)CC1CCC(CC1)NC(=O)OCC*,140.0,tg
*c1cc2c(C(=O)N(C2=O)c2cc(ccc2)C(=O)Nc2ccc(cc2)Oc2ccc(cc2)C(c2ccc(cc2)Oc2ccc(cc2)NC(=O)c2cc(ccc2)N2C(=O)c3c(C2=O)cc(cc3)C(*)(C(F)(F)F)C(F)(F)F)(C(F)(F)F)C(F)(F)F)cc1,266.0,tg
*c1ccc(C(c2ccc(-n3c(=O)c4cc5c(=O)n(*)c(=O)c5cc4c3=O)cc2)(C(F)(F)F)C(F)(F)F)cc1,2.7195,egc
*Oc1ccc(cc1)OCC(CN(S(=O)(=O)c1ccc(cc1)c1ccc(cc1)S(=O)(=O)N(CC(C*)O)C)C)O,84.0,tg
*c1c(c2c(C(=O)N(C2=O)c2cc(ccc2)N2C(=O)c3c(C2=O)c(c(c(c3c2ccccc2)c2ccccc2)c2ccc(cc2)Oc2ccc(cc2)*)c2ccccc2)c(c1c1ccccc1)c1ccccc1)c1ccccc1,357.0,tg
*Oc1ccc(Oc2ccc(C(=O)c3ccc(*)cc3)cc2)cc1C,3.5517,egc
*c1ccc(CC(F)(F)C(*)(F)F)s1,1.7679,nc
*c1sc(nn1)c1ccc(cc1)OCCCCCCCCCCCOC(=O)c1ccc(cc1)C(=O)OCCCCCCCCCCCOc1ccc(cc1)*,49.5,tg
*O[Si](c1cc(ccc1)[Si](*)(C)C)(C)C,-52.0,tg
*Oc1ccc(cc1)NC(=O)c1cc(ccc1)C(=O)Nc1ccc(cc1)*,205.39,tg
*Nc1cc(ccc1)C=Cc1ccc(cc1)NC(=O)c1cc(ccc1)C(=O)*,272.0,tg
*CC(CO*)(CS(=O)(=O)CC)CS(=O)(=O)CC,5.0473,egc
*C(=S)CC(F)(F)C(*)(F)F,3.5657,eea
*CC(=S)NC(=S)*,2.5403,egc
*C(=S)C(F)(F)NC(*)(F)F,1.7879,nc
*c1cc2c(C(=O)N(C2=O)c2ccc(cc2)C(=O)Nc2ccc(cc2)Cc2ccc(cc2)NC(=O)*)cc1,222.0,tg
*c1oc(nn1)c1ccc(cc1)C(=O)OCCCCCCOc1ccc(cc1)C=C1C(=O)C(=Cc2ccc(cc2)OCCCCCCOC(=O)c2ccc(cc2)*)CCC1,71.0,tg
*C(C*)(C(=O)OCCOCCOCCOCCOCCOCCOCCOCCOC)C,-58.0,tg
*CCCc1ccc(*)cc1,3.14,eps
*OC1CCC(OC(=O)CCC(*)=O)CC1,6.4253,egc
*OC(=O)c1ccc(cc1)CC(=O)OCc1ccc(cc1)C*,47.0,tg
*c1ccc(S(=O)(=O)c2ccc(-n3nc(-c4ccc(Oc5ccc(-c6nn(*)c(=O)c7ccccc67)cc5)cc4)c4ccccc4c3=O)cc2)cc1,3.5201,egc
*OP(=O)(Oc1c(cc(cc1C)S(=O)(=O)c1cc(c(c(c1)C)*)C)C)Oc1ccc(cc1)C,128.0,tg
*CCCC1CC(=O)N(*)C(=O)C1,5.8014,egc
*CC(=O)C(=S)C(S1)=CC=C1*,2.5515,egc
*c1oc(nn1)c1ccc(cc1)NC(=O)c1cc(cc(c1)N1C(=O)c2c(C1=O)cccc2)C(=O)Nc1ccc(cc1)*,327.0,tg
*C(=C(C(C(*)(F)F)(C(F)(F)F)F)F)F,-3.0,tg
*C(C*)(C(=O)Oc1ccc(cc1)N=Nc1ccc(cc1)OC)C,120.0,tg
*OC(=O)C(=S)C(*)=O,1.4341,egb
*Oc1ccc(cc1)S(=O)(=O)c1ccc(cc1)Oc1ccc(cc1)C(=C)c1ccc(cc1)*,167.0,tg
*NC(=O)Nc1ccc(*)cc1,3.4515,egb
*Oc1c(ccc(c1)Oc1ccc(cc1)NC(=O)c1cc(cc(c1)NC(=O)C12CC3CC(CC(C1)C3)C2)C(=O)Nc1ccc(cc1)*)C12CC3CC(CC(C1)C3)C2,345.0,tg
*C(C*)OC(=O)C[N-][N+]#N,24.6,tg
*N1C(=O)c2c(C1=O)c(ccc2)c1cc2c(C(=O)N(C2=O)c2cc(ccc2)C(=O)Nc2ccc(cc2)Oc2ccc(cc2)c2ccc(cc2)Oc2ccc(cc2)NC(=O)c2cc(ccc2)*)cc1,275.0,tg
*N1C(=O)c2c(C1=O)cc(cc2)c1cc2c(C(=O)N(C2=O)c2ccc(cc2)Sc2ccc(cc2)Sc2ccc(cc2)Sc2ccc(cc2)*)cc1,227.1,tg
*CCC(=O)NCC(=O)N*,6.1234,egc
*OC(=O)NCC(C*)C,40.0,tg
*CCCCCCCCCCCCNC(=O)C(=O)N*,5.7269,egc
*Oc1ccc(cc1)C1(c2ccccc2c2ccccc12)c1ccc(cc1)Oc1ccc(cc1)C(=O)c1ccc(cc1)Oc1ccc(cc1)C(=O)c1ccc(cc1)*,231.0,tg
*C(=O)CC(F)(F)C(*)(F)F,5.0395,egb
*Oc1ccc(cc1)C(c1ccc(cc1)OC(=O)*)C1C2C3C(C(C1)C2)C1CCC3C1,253.0,tg
*c1cc2c(C(=O)N(C2=O)c2cc(c(cc2)Oc2c(cc(cc2C(C)(C)C)c2ccc(cc2)N2C(=O)c3c(C2=O)cc(cc3)C(=O)*)C(C)(C)C)C(F)(F)F)cc1,362.0,tg
*CCC(O*)(C(F)(F)F)C(F)(F)F,8.3643,ei
*N1C(=O)c2c(C1=O)cc(cc2)Oc1cc2c(C(=O)N(C2=O)c2ccc(cc2)N(c2ccc(cc2)*)c2ccc(cc2)C#N)cc1,304.0,tg
*c1sc(*)c2nc(-c3ccccc3)c(C)nc12,2.498,egc
*OC(=O)OCCOCCOC(=O)OC1COC2C(*)COC12,6.5378,egb
*OCC(C*)(CSCC)CSCC,-32.0,tg
*c1cc2c(C(=O)N(C2=O)c2ccc(cc2)Oc2ccc(cc2)C(=O)c2ccc(cc2)C(=O)c2ccc(cc2)C(=O)c2ccc(cc2)Oc2ccc(cc2)N2C(=O)c3c(C2=O)cc(cc3)C(=O)*)cc1,233.0,tg
*NC(=O)c1ccc(cc1)C(=O)NCC(CC(CC*)CC)C,139.0,tg
*C1C(CC(C1)OC(=O)CCCCCCCCCCOc1ccc(cc1)c1ccc(cc1)C#N)CC*,24.0,tg
*CCOC(=O)CCCCC(=O)O*,3.25,eps
*N1C(=O)c2c(C1=O)cc(cc2)Oc1cc2c(C(=O)N(C2=O)c2cc(c(cc2)c2c(cc(cc2)*)C(F)(F)F)C(F)(F)F)cc1,275.0,tg
*c1ccc(Oc2ccc(C(C)(C)c3ccc(Oc4ccc(-n5c(=O)c6cc7c(=O)n(*)c(=O)c7cc6c5=O)cc4)cc3)cc2)cc1,2.1293,egc
*N1C(=O)c2c(C1=O)cc(cc2)C(c1cc2c(C(=O)N(C2=O)CC*)cc1)(C(F)(F)F)C(F)(F)F,180.0,tg
*C1=CC(=C(C#N)C#N)C=C(O1)C=Cc1ccc(cc1)N=Nc1ccc(cc1)N(CCOC(=O)Nc1c(ccc(c1)NC(=O)OCCN(c1ccc(cc1)N=Nc1ccc(cc1)C=C*)C)C)C,196.0,tg
*N1C(=O)c2c(C1=O)cc(cc2)Oc1c(cc(cc1C)C(c1cc(c(c(c1)C)Oc1cc2c(C(=O)N(C2=O)c2ccc(cc2)Oc2cc(c(cc2)c2c(cc(cc2)Oc2ccc(cc2)*)C)C)cc1)C)(C)C)C,257.0,tg
*C1C2CC(C(C1*)C2)C(=O)OCCc1ccc(cc1)N(c1cc(ccc1)C)c1ccccc1,305.0,tg
*Oc1ccc(cc1)/C(=C/c1ccc(cc1)OCCOCCOCCOCC*)/C,7.5,tg
*N1C(=O)c2c(C1=O)cc(cc2)c1cc2c(C(=O)N(C2=O)CCCCCCOC(=O)c2cc(cc(c2)OCCCCCCOc2ccc(cc2)N=Nc2ccc(cc2)C#N)C(=O)OCCCCCC*)cc1,93.0,tg
*C(C*)OC(=O)C1(C(C(C(C(C1(F)F)(F)F)(F)F)(F)F)(F)F)F,54.0,tg
*C=CC1CC(*)C(C(=O)OCCNC(C)(C)C)C1,5.2249,egc
*Nc1c(Cl)cc(*)cc1Cl,4.3983,egc
*Oc1ccc(cc1)C1(CCC(CC1)C(C)(C)C)c1ccc(cc1)OC(=O)OC1C(C(C1(C)C)OC(=O)*)(C)C,172.0,tg
*c1ccc(C(F)(F)NC(*)(F)F)s1,7.3853,ei
*Oc1ccc(cc1)OC(=O)/C=C/c1ccc(cc1)/C=C/C(=O)*,210.0,tg
*NC(=S)C(=O)O*,2.1342,nc
*CC(=O)c1ccc(O*)cc1,6.5457,ei
*N1C(=O)c2c(C1=O)c(ccc2)c1cc2c(C(=O)N(C2=O)c2ccc(cc2)C(=O)Nc2cc(ccc2)Oc2ccc(cc2)S(=O)(=O)c2ccc(cc2)Oc2cc(ccc2)NC(=O)c2ccc(cc2)*)cc1,241.0,tg
*CCCCCOC(=O)CCCCSCCCCC(=O)O*,5.2896,egc
*CCOC(=O)CCC(=O)O*,6.5377,egc
*C(C*)C(=O)OCC(C(C(C(C(C(C(F)(F)F)(F)F)(F)F)(F)F)(F)F)(F)F)(F)F,-17.0,tg
*Nc1cccc(NC(=O)C=CC(*)=O)c1,3.628,egc
*C(=O)OCCCCOC(=O)N1CCN(*)CC1,5.8653,egc
*Oc1cc(ccc1)NC(=O)c1cc(ccc1)C(=O)Nc1cc(ccc1)OCCOCCOCC*,111.0,tg
*OC1C(C)(C)C(OC(*)=O)C1(C)C,6.5093,egc
*Cc1nc2cc3sc(*)nc3cc2s1,3.8345,egc
*[Si](C/C=C\C*)(CCCOc1ccccc1)C,-30.0,tg
*CCOC(=O)C=CC(=O)O*,4.8762,egc
*C(C*)(C(=O)OCCN(CC)c1ccccc1)C,36.5,tg
*c1oc(nn1)c1ccc(cc1)NC(=O)c1cc(cc(c1)NC(=O)c1ccc(cc1)OC(=O)C)C(=O)Nc1ccc(cc1)*,280.0,tg
*CCCCNC(=O)CCCCCCCCCC(=O)N*,5.9628,egc
*c1c2C(=O)N(C(=O)c2c(c2ccccc12)c1ccc(cc1)Oc1c(cc(cc1)c1ccc(cc1)c1ccc(cc1)c1cc(c(cc1)Oc1ccc(cc1)*)C(F)(F)F)C(F)(F)F)c1ccccc1,334.0,tg
*S(=O)(=O)c1ccc(cc1)NC(=O)CCCCCCCCCCC(=O)Nc1ccc(cc1)*,160.0,tg
*c1ccc(C(F)(F)C(=O)C(*)(F)F)cc1,1.7375,nc
*Oc1ccc(cc1)C(c1ccc(cc1)OC(=O)CCCCCCCCC(=O)*)(CC)c1ccccc1,88.0,tg
*N(CCC*)C(=O)C(C(C(C(C(C(C(F)(F)F)(F)F)(F)F)(F)F)(F)F)(F)F)(F)F,25.0,tg
*Oc1c(c2c(cc1)cccc2)Sc1c2c(ccc1OCC(=O)Nc1ccc(cc1)Cc1ccc(cc1)NC(=O)C*)cccc2,241.0,tg
*C=CC1CC(*)C(C#N)(CC)C1,6.1381,egc
*OC(=O)OCC*,15.33,tg
*C(C*)(C(=O)OCC1OC(OC1)CP(=O)(OCC)OCC)C,-38.0,tg
*c1cc2c(C(=O)N(C2=O)c2ccc(cc2)Oc2ccc(cc2)N2C(=O)c3c(C2=O)cc(cc3)C(=O)c2ccc(cc2)Oc2ccc(cc2)C(c2ccc(cc2)Oc2ccc(cc2)C(=O)*)(C)C)cc1,229.0,tg
*c1cc2Sc3c(Sc2cc1)cc(cc3)Sc1ccc(cc1)Sc1ccc(cc1)S*,151.2,tg
*CCCCCCCCc1nc2cc(-c3ccc4oc(*)nc4c3)ccc2o1,4.6999,egc
*Oc1c(cc(cc1)Oc1ccc(cc1)C(=O)c1ccc(cc1)c1ccc(cc1)C(=O)c1ccc(cc1)*)c1cc(c(cc1)S(=O)(=O)O)C,182.0,tg
*CC(*)(Br)Br,5.2567,egc
*OC(=O)C(C(=O)OCCOCC*)C,-29.0,tg
*ON(C(F)(F)F)C(F)(Cl)C(*)(F)F,6.7405,egc
*C(C*)(C(=O)OCCCCCCCCCCOc1ccc(cc1)OC(=O)c1ccc(cc1)c1ccc(cc1)OC)C,57.0,tg
*c1oc(nn1)c1ccc(cc1)c1oc(nn1)CCCCOc1c(cc(cc1)OCCCC*)C,139.5,tg
*OC(=O)CSCc1ccc(cc1)Cc1ccc(cc1)CSCC(=O)OCCSCc1ccc(cc1)Cc1ccc(cc1)CSCC*,-1.25,tg
*c1cc2c(oc(n2)c2ccc(cc2)C(c2ccc(cc2)c2oc3c(n2)cc(cc3)C(*)(c2ccccc2)C(F)(F)F)(c2ccccc2)C(F)(F)F)cc1,330.0,tg
*C(=S)Oc1ccc(-c2ccc(*)cc2)s1,5.67,eps
*c1cc2c(C(=O)N(C2=O)c2cc(cc(c2)c2oc3c(n2)cccc3)N2C(=O)c3c(C2=O)cc(cc3)C(=O)Nc2nc(ccc2)NC(=O)*)cc1,365.0,tg
*N(CC*)C(=O)c1c(c(c(c(c1F)F)F)F)F,136.0,tg
*Oc1ccc(cc1)CC(NC(=O)Cc1ccc(cc1)OC(=O)COCCOCC(=O)*)C(=O)OCC,50.0,tg
*c1c(nc2c(n1)cc(cc2)Oc1cc2c(nc(c(n2)c2cc(ccc2)*)c2ccccc2)cc1)c1ccccc1,263.2,tg
*OC(=O)c1ccc(cc1)C(=O)OCCN(CC*)c1ccc(cc1)N=Nc1ccc(cc1)c1nc2c(n1CC)cc(cc2)[N+](=O)[O-],149.0,tg
*N1C(=O)c2c(C1=O)cc(cc2)Oc1cc2c(C(=O)N(C2=O)c2ccc(cc2)c2nc(cc(c2)c2ccc(cc2)OCCCC#N)c2ccc(cc2)*)cc1,315.0,tg
*C(=O)c1ccc2c(c1)C(=O)N(c1ccc(C(c3ccccc3)c3ccc(N4C(=O)c5ccc(*)cc5C4=O)cc3)cc1)C2=O,2.6954,egc
*Oc1ccc(cc1)NC(=O)C=CC(=O)NNC(=O)C=CC(=O)Nc1ccc(cc1)OC(=O)C=CC(=O)NNC(=O)C=CC(=O)*,265.0,tg
*c1cc2c(C(=O)N(C2=O)c2ccc(cc2)Oc2c3c(ccc2)c(ccc3)Oc2ccc(cc2)N2C(=O)c3c(C2=O)cc(cc3)C(=O)Nc2ccc(cc2)Oc2ccc(cc2)Oc2ccc(cc2)NC(=O)*)cc1,285.0,tg
*Oc1cc(ccc1)Oc1ccc(cc1)NC(=O)c1c(cc(cc1)c1cc(c(cc1)C(=O)Nc1ccc(cc1)*)C)C,213.0,tg
*C(C*)c1c(ccc(c1)C(=O)Oc1ccc(cc1)OCCCC)C(=O)Oc1ccc(cc1)OCCCC,104.36,tg
*OC(=O)OCC(C(C*)O)O,51.38,tg
*CCCCCCCCN1C(=O)CC(C2C=C(C)C3C(=O)N(*)C(=O)C3C2)C1=O,5.4303,egc
*CCCCCCCCCCNC(=O)CCCCCCCC(=O)N*,5.9559,egc
*C(C*)c1ccc(cc1)C(=O)OCCCC,76.0,tg
*C(=O)c1ccc(OC(*)=S)cc1,6.7719,ei
*c1cc2c(C(=O)N(C2=O)c2c(ccc(c2)C(=O)Oc2ccc(cc2)C(c2ccc(cc2)OC(=O)c2cc(c(cc2)C)N2C(=O)c3c(C2=O)cc(cc3)C(*)(C(F)(F)F)C(F)(F)F)(C(F)(F)F)C(F)(F)F)C)cc1,289.0,tg
*N1C(=O)c2c(C1=O)cc(cc2)Oc1ccc(cc1)S(=O)(=O)c1ccc(cc1)Oc1cc2c(C(=O)N(C2=O)c2ccc(cc2)Oc2cc(ccc2)Oc2ccc(cc2)*)cc1,219.0,tg
*CCOC(=O)Nc1cccc(NC(=O)O*)c1,5.098,egc
*OC(=O)OC(*)=O,7.4502,ei
*Oc1ccc(-c2ccc(-c3ccc(*)cc3)cc2)cc1,1.6576,eea
*c1nc2c(c(c1)c1ccccc1)cc(cc2)c1cc2c(nc(cc2c2ccccc2)c2ccc(cc2)Oc2ccc(cc2)*)cc1,286.67,tg
*CNC(=O)NCOCO*,0.7808,eea
*C(C*)c1c(cccc1)Cl,112.63,tg
*OC(C)C(*)C,5.7581,egc
*c1cc2c(C(=O)N(C2=O)c2cc(ccc2)N2C(=O)c3c(C2=O)cc(cc3)C(=O)Nc2ccc(cc2)Oc2c(cccc2)c2c(cccc2)Oc2ccc(cc2)NC(=O)*)cc1,237.0,tg
*c1ccc(-c2ccc(-c3cnc4cc(Oc5ccc6nc(*)cnc6c5)ccc4n3)cc2)cc1,3.0165,egc
*C(C*)C(=O)OCCCCCCCCCCCOc1ccc(cc1)C(=O)Oc1ccc(cc1)c1ccc(cc1)OC(CCCCCC)C,50.0,tg
*c1cc2c(C(=O)N(C2=O)c2ccc(cc2)C2(CCC(CC2)C)c2ccc(cc2)NC(=O)*)cc1,322.0,tg
*c1nc2c(n1C)C(=O)N(*)C2=O,4.0674,egc
*N1C(=O)c2c(C1=O)cc(cc2)C(c1cc2c(C(=O)N(C2=O)CCN(CC*)c2ccc(cc2)N=Nc2ccc(cc2)[N+](=O)[O-])cc1)(C(F)(F)F)C(F)(F)F,210.0,tg
*c1c2C(=O)N(C(=O)c2c(c2ccccc12)c1ccc(cc1)Oc1ccc(cc1)S(=O)(=O)c1ccc(cc1)Oc1ccc(cc1)*)c1ccccc1,305.0,tg
*c1cc2c(C(=O)N(C2=O)c2ccc(cc2)S(=O)(=O)c2ccc(cc2)N2C(=O)c3c(C2=O)cc(cc3)C(=O)Nc2ccc(cc2)S(=O)(=O)c2ccc(cc2)NC(=O)*)cc1,307.0,tg
*C(C*)c1ccc(cc1)B(c1ccc(cc1)C(C)(C)C)Oc1c2ncccc2c(cc1)Cl,238.0,tg
*c1cc2c(C(=O)N(C2=O)c2cc(ccc2)P(=O)(c2cc(ccc2)N2C(=O)c3c(C2=O)cc(cc3)C(=O)Nc2ccc(cc2)c2nc(cc(c2)c2ccccc2)c2ccc(cc2)NC(=O)*)c2ccccc2)cc1,258.0,tg
*Cc1ccc(C(=S)O*)s1,4.71,eps
*c1ccc(Oc2ccc(C(=O)c3ccc(Oc4ccc(-n5c(=O)c6cc7c(=O)n(*)c(=O)c7cc6c5=O)cc4)cc3)cc2)cc1,2.395,egc
*/C=C\C(C#N)C*,5.3057,egc
*Oc1ccc(cc1)C(c1ccc(cc1)Oc1ccc(cc1)C(=O)Nc1ccc(cc1)NC(=O)c1ccc(cc1)*)(c1ccccc1)c1ccccc1,254.0,tg
*OC(=O)c1ccc(cc1)C(=O)OCCCCCCCCCC*,5.33,tg
*C(=O)NNC(=O)c1cccc(*)n1,4.6124,egc
*CC(CC(CC(CC(*)c1ccccc1)c1ccccc1)c1ccccc1)c1ccccc1,1.6244,nc
*C(C*)(C(=O)OCCCCCCOc1ccc(cc1)OC(=O)c1ccc(cc1)OCCCC)C,36.0,tg
*C(C)=C(*)CCC,5.0895,egc
*c1ccc(-c2ccc(C(F)(F)C(*)(F)F)cc2)cc1,1.9016,nc
*C(C(CCCCCCCCCC*)c1ccc(cc1)O)c1c(cc(cc1)O)C,-4.0,tg
*CC(=O)c1ccc(C(*)=O)cc1,2.9172,egb
*Oc1ccc(-c2ccc(C(*)=O)s2)cc1,2.0204,egb
*CCC(=O)c1ccc(*)s1,2.6933,eea
*CCCCCCCCCCCCCCCCCCCCOC(=O)CCCCCCC(=O)O*,6.7452,egc
*c1cc2c(C(=O)N(C2=O)c2ccc(cc2)Oc2cc3c(cc2)ccc(c3)Oc2ccc(cc2)N2C(=O)c3c(C2=O)cc(cc3)C(=O)Nc2ccc(cc2)Oc2ccc(cc2)C(c2ccc(cc2)Oc2ccc(cc2)NC(=O)*)(C)C)cc1,250.0,tg
*C(C*)(C(=O)OCCCCCCOc1ccc(cc1)N=Nc1ccc(cc1)OCCCC)C,79.0,tg
*c1cc2c(C(=O)N(C2=O)c2c(cc(cc2C)Cc2cc(c(c(c2)C(C)C)N2C(=O)c3c(C2=O)cc(cc3)C(*)(C(F)(F)F)C(F)(F)F)C)C(C)C)cc1,276.0,tg
*C(C*)c1cc(c(cc1)Cl)F,122.0,tg
*CC(CO*)(CS(C)(=O)=O)CS(C)(=O)=O,5.8874,egc
*c1cc(CC)c(*)s1,2.3523,egc
*Oc1c(c(c(c(c1F)F)Sc1c(c(c(c(c1F)F)Oc1ccc(cc1)C(c1ccc(cc1)*)(C(F)(F)F)C(F)(F)F)F)F)F)F,130.33,tg
*CC(S1)=CC=C1CO*,4.6049,egc
*c1cc2c(C(=O)N(C2=O)c2ccc(cc2)NC(=O)Nc2ccc(cc2)N2C(=O)c3c(C2=O)cc(cc3)C(=O)Nc2ccc(cc2)NC(=O)*)cc1,216.0,tg
*C(C*)c1ccc(cc1)COCCOCC,0.0,tg
*C(=S)c1ccc(-c2ccc(-c3ccc(*)cc3)cc2)cc1,4.57,eps
*c1sc(cc1)c1sc(c(c1)CCCCCCCC)c1sc(cc1)c1sc(cc1)c1sc(cc1CCCCCCCC)c1sc(cc1)[Si]([Si](*)(CCCC)CCCC)(CCCC)CCCC,-10.0,tg
*Oc1cc(ccc1)NC(=O)C(=O)Nc1cc(ccc1)OCC(COc1ccc(cc1)C(c1ccc(cc1)OCC(C*)O)(C)C)O,119.0,tg
*C(=O)c1ccc(-c2ccc(C(*)=S)s2)s1,6.113,ei
*N1C(=O)c2c(C1=O)cc(cc2)Oc1cc2c(C(=O)N(C2=O)CCCCCCCCC*)cc1,89.0,tg
*NC(=O)C(C(C(=O)NCCCCCCC*)OC)OC,87.0,tg
*OC(=O)c1ccc(CCCc2ccc(C(*)=O)cc2)cc1,4.5456,egc
*c1sc(nn1)c1ccc(cc1)OC(=O)CCCCCCCCC(=O)Oc1cc(ccc1)C=C*,55.0,tg
*CC1CCC(COC(=O)CCCCC(=O)O*)CC1,6.7775,egc
*c1c(nc2c(n1)cc(cc2)c1cc2c(nc(c(n2)c2ccc(cc2)Oc2ccc(cc2)*)c2ccccc2)cc1)c1ccccc1,297.36,tg
*N1C(=O)c2c(C1=O)cc(cc2)c1cc2c(C(=O)N(C2=O)c2cc(ccc2)Oc2cc(ccc2)Oc2cc(ccc2)*)cc1,208.0,tg
*N1C(=O)c2c(C1=O)cc(cc2)c1cc2c(C(=O)N(C2=O)c2cc(c(c(c2)C(=O)OCCCCCCCCCCCCCCCC)c2c(cc(cc2Br)*)C(=O)OCCCCCCCCCCCCCCCC)Br)cc1,92.0,tg
*c1nc(Cl)nc(N(c2ccccc2)c2nc(Nc3ccccc3)nc(N(*)c3ccccc3)n2)n1,3.6448,egc
*c1ccc(C(C)(C)c2ccc(-n3c(=O)c4cc5c(=O)n(*)c(=O)c5cc4c3=O)cc2)cc1,2.5724,egc
*OC1(C)CC(C)(C)C(C)(N2CCCC(*)C2)C1C,4.6138,egc
*c1cc(CC(=O)Cl)c(*)s1,2.8053,egc
*CNCCNC(=O)OC*,6.3844,ei
*C(C*)(C(=O)OCCCCCCCCCCCCOc1ccc(cc1)C(=O)Oc1ccc(cc1)c1cc(ccc1)OC(=O)c1ccc(cc1)OC(=O)c1ccc(cc1)OCCCCCCCCCCCC)C,74.5,tg
*Oc1ccc(cc1)S(=O)(=O)c1ccc(cc1)OC(=O)OC1C(C(C1(C)C)OC(=O)*)(C)C,162.0,tg
*C(F)(F)C(S1)=CC=C1C(F)(F)C(=S)*,2.8122,egc
*Nc1ccc(-c2ccc(C(*)=S)s2)cc1,1.4764,egb
*C(C*)c1c(cc(cc1)C)C,98.83,tg
*C1(c2c(C(=O)O1)cccc2)c1ccc(cc1)Oc1c(c(c(c(c1F)F)C(=O)c1c(c(c(c(c1F)F)Oc1ccc(cc1)*)F)F)F)F,215.0,tg
*C(C*)C(=O)OCCC#N,4.0,tg
*c1ccc(-c2ccc(-c3nc4ccc(Oc5ccc6nc(*)c(-c7ccccc7)c(-c7ccccc7)c6c5)cc4c(-c4ccccc4)c3-c3ccccc3)cc2)cc1,3.3136,egc
*CCc1ccc(-c2ccc(*)cc2)cc1,3.58,eps
*CCOCCOCCOC(=O)C=CC(=O)NCCCCCCNC(=O)C=CC(=O)O*,4.4951,egc
*OC(=O)c1ccc(cc1)C(=O)OCC*,77.74,tg
*Oc1c(cc(cc1Br)C(c1cc(c(c(c1)Br)OC(=O)c1ccc(cc1)OCCCCCCCCCCOc1ccc(cc1)C(=O)*)Br)(C)C)Br,128.0,tg
*NC(=S)Nc1ccc(NC(=S)Nc2ccc(Cc3ccc(*)cc3)cc2)cc1,1.9843,nc
*C(=O)Nc1ccc(S(=O)(=O)c2ccc(NC(=O)c3ccc4c(c3)C(=O)N(c3ccc(Oc5ccc(N6C(=O)c7ccc(*)cc7C6=O)cc5)cc3)C4=O)cc2)cc1,2.6835,egc
*CC(O)CN(*)c1ccc(N=Nc2ccc(C#N)cc2)cc1,2.0164,egc
*c1cc2c(C(=O)N(C2=O)c2cc(ccc2)C(=O)Nc2ccc(cc2)Oc2ccc(cc2)Oc2ccc(cc2)NC(=O)c2cc(ccc2)N2C(=O)c3c(C2=O)cc(cc3)C(*)(C(F)(F)F)C(F)(F)F)cc1,283.0,tg
*NC(C(=O)*)CCC(=O)OCCCCC,-20.0,tg
*N1C(=O)c2c(C1=O)cc(cc2)Oc1cc2c(cc1Oc1cc3c(C(=O)N(C3=O)c3cc(ccc3)*)cc1)cccc2,228.75,tg
*S(=O)(=O)c1cc(ccc1)NC(=O)CCCCC(=O)Nc1cc(ccc1)*,140.0,tg
*OCCCCONC(*)=O,5.6793,egb
*N1C(CN(C(C1)C)C(=O)OCC(CS(=O)(=O)CC(COC(=O)*)(C)C)(C)C)C,85.0,tg
*C(=O)Nc1ccc(Oc2ccc(NC(=O)c3ccc4c(c3)C(=O)N(c3ccc(Oc5ccc(N6C(=O)c7ccc(*)cc7C6=O)cc5)cc3)C4=O)cc2)cc1,2.699,egc
*C(C*)(C(=O)OCCCCCCOc1ccc(cc1)C(=O)Oc1ccc(cc1)OCCCC)Cl,75.75,tg
*Oc1ccc(C(=S)c2ccc(*)cc2)s1,4.54,eps
*Oc1ccc(cc1)C1(c2ccccc2c2ccccc12)c1ccc(cc1)OC(=O)CCCCCCCC(=O)*,150.0,tg
*C=Cc1cc(Cl)c(*)cc1Cl,3.2579,egc
*C(=O)c1ccc2c(c1)C(=O)N(c1ccc(-c3ccc(-c4ccc(N5C(=O)c6ccc(*)cc6C5=O)cc4)cc3)cc1)C2=O,2.3242,egc
*Oc1c2c(c(cc1)c1c3c(c(cc1)Oc1ccc(cc1)*)cccc3)cccc2,226.0,tg
*N1C(=S)N(C(=O)CC1=O)c1ccc(cc1)Oc1ccc(cc1)C1(c2ccccc2c2ccccc12)c1ccc(cc1)Oc1ccc(cc1)*,175.0,tg
*C(=S)NC(F)(F)C(*)(F)F,6.3593,ei
*CCCCCS*,4.989,egb
*c1cc(CCCCCCCCCCCCCCCC)c(*)[nH]1,3.0442,egc
*C1(c2c(CO1)cccc2)c1ccc(cc1)OC(=O)c1ccc(cc1)C(=O)Oc1ccc(cc1)*,312.0,tg
*NC(=O)CCP(=O)(CCC(=O)NCCCCCCCCCCCC*)C,44.0,tg
*CCCCCCCCNC(=O)C(CCCCCCCCCCCC)C(=O)N*,5.9457,egc
*c1ccc(Oc2ccc(-n3c(=O)c4c(F)c5c(=O)n(*)c(=O)c5c(F)c4c3=O)cc2)cc1,2.0451,egc
*Oc1ccc(OC(=O)Oc2ccc(C(*)=O)cc2)cc1,4.5384,egc
*CCCCCCOC(=O)CCCCCCCC(=O)O*,6.8043,egc
*CCCOC(=O)CCCCCCCCCCCCCCCCC(=O)O*,6.9154,egc
*CCC(F)(F)C(*)(F)Cl,7.738,egc
*CCOC(=O)CCCCC(=O)O*,1.6581,nc
*C(C*)C(=O)NC(CC(=O)C)(C)C,86.0,tg
*Nc1ccc(OC(*)=S)s1,5.02,eps
*OC(=O)C(NC(=O)C=CC(=O)NC(C(=O)OCCCCCC*)Cc1ccccc1)Cc1ccccc1,92.0,tg
*N1C(=O)c2c(C1=O)cc(cc2)Oc1cc2c(C(=O)N(C2=O)CC2C3C(CC2)C2C(CC3C2)C*)cc1,201.0,tg
*COc1ccc(O*)cc1,4.685,egb
*Cc1ccc(-c2ccc(-c3ccc(*)s3)cc2)cc1,2.0164,nc
*C(C*)C(=O)Oc1ccc(cc1)C(=O)OCC,37.0,tg
*OC1CCC(C2CCC(OC(=O)CCCCCCCCC(*)=O)CC2)CC1,6.3469,egc
*C(C*)(C(=O)OCCC(C(C(C(C(C(C(C(F)(F)F)(F)F)(F)F)(F)F)(F)F)(F)F)(F)F)(F)F)F,87.5,tg
*Oc1ccc(cc1)NC(=O)C=CC(=O)NNC(=O)C=CC(=O)Nc1ccc(cc1)OC(=O)c1c(cccc1)C(=O)NNC(=O)c1c(cccc1)C(=O)*,240.0,tg
*Oc1ccc(cc1)C(=O)OC(=O)c1ccc(cc1)OCCOCC*,41.0,tg
*Oc1ccc(cc1)CC(NC(=O)CCc1ccc(cc1)OC(=O)CCCCCCCCC(=O)*)C(=O)OC(C)C,44.0,tg
*C(F)(F)C(F)(F)CN*,6.8454,egc
*C(=O)CCN(C)CCN(C)CCC(=O)N1CCN(*)CC1,4.9845,egc
*CC(=O)CC(C=C1)=CC=C1*,4.4305,egc
*c1c2c(c(=O)n(n1)c1ccc(cc1)S(=O)(=O)c1ccc(cc1)*)cccc2,422.0,tg
*CC(*)C(=O)N(CCC)CCC,5.3191,egc
*CC(=S)CC(=S)*,2.5423,egc
*c1cc2c(C(=O)N(C2=O)c2ccc(cc2)NC(=O)c2ccc(cc2)N2C(=O)c3c(C2=O)cc(cc3)C(=O)*)cc1,300.0,tg
*N1C(=O)c2c(C1=O)cc(cc2)c1cc2c(C(=O)N(C2=O)c2ccc(cc2)Oc2c(cc(cc2)Oc2ccc(cc2)*)C(C)(C)C)cc1,274.0,tg
*NC(C(*)=O)C(C)CC,5.462,egc
*CC(*)(C)C#N,7.1863,egb
*Oc1ccc(OC(*)=O)s1,4.26,eps
*c1cc2c(C(=O)N(C2=O)c2ccc(cc2)C2(CCCCC2)c2ccc(cc2)NC(=O)*)cc1,319.0,tg
*Oc1ccc(CC(C#N)(C#N)Cc2ccc(*)cc2)cc1,4.9531,egc
*N=Nc1ccc(cc1)Nc1ccc(cc1)C(=O)c1ccc(cc1)Nc1ccc(cc1)*,216.42,tg
*Cc1ccc(-c2ccc(O*)cc2)s1,1.9368,nc
*Nc1cc(cc(c1)C(=O)OCCOc1ccc(cc1)C=CC(=O)c1ccccc1)NC(=O)c1cc(ccc1)C(=O)*,216.0,tg
*Nc1ccc(NC(=S)NC(=O)c2ccc(C(=O)NC(*)=S)cc2)cc1,2.6945,egc
*CNC(=S)C(C=C1)=CC=C1*,3.4579,egc
*Nc1cc(cc(c1)C(=O)OCCN(c1ccc(cc1)C#N)C)NC(=O)c1cc(cc(c1)OCCN(c1ccc(cc1)C#N)C)C(=O)*,167.0,tg
*C(C*)OC(=O)C,34.27,tg
*Nc1ccc(cc1)C(c1ccc(cc1)NC(=O)c1cc(ccc1)C(=O)*)(C)C,278.33,tg
*c1ccc(cc1)C=C(c1ccc(cc1)C(=Cc1ccc(cc1)C=Cc1c(cc(c(c1)OC)C=C*)OC)Oc1ccccc1)c1ccc(cc1)Oc1ccccc1,175.0,tg
*c1c2c(c(nn1)c1ccc(cc1)Oc1ccc(cc1)C(c1ccc(cc1)Oc1ccc(cc1)*)(C)C)c(c(c(c2c1ccccc1)c1cc2c(cc1)cccc2)c1cc2c(cc1)cccc2)c1ccccc1,286.0,tg
*N1C(=O)c2c(C1=O)c(ccc2)c1cc2c(C(=O)N(C2=O)c2cc(ccc2)*)cc1,341.0,tg
*CC(*)C(=O)OCC=C,6.066,egc
*N(CC(C*)O)c1ccc(cc1)N=Nc1ccc(cc1)Cl,160.0,tg
*CC(C=C1)=CC=C1C(S2)=CC=C2C(C=C3)=CC=C3*,3.4745,egc
*NC1CCCC1C(*)=O,5.8804,egc
*Oc1cc2c(cc1)cc(cc2)OC(=O)c1c(cc(cc1)c1ccc(cc1)C(=O)*)c1ccccc1,125.0,tg
*CCCCCOC(=O)NCCSCCSCCNC(=O)O*,5.3739,egc
*CC(COc1c(Cl)cc(Cl)cc1Cl)O*,4.5851,egc
*CC(F)(F)C(F)=C(*)Cl,4.8591,egc
*Oc1ccc(C(C)(C)c2ccc(OC(=O)OCCN(CCOC(*)=O)c3ccc(OC)cc3)cc2)cc1,4.212,egc
*c1cc2c(C(=O)N(C2=O)c2c(cc(cc2)c2cc(c(cc2)N2C(=O)c3c(C2=O)cc(cc3)C(=O)*)C)C)cc1,365.0,tg
*CC(CO*)(CS(=O)(=O)CCC)CS(=O)(=O)CCC,4.6292,egc
*Oc1ccc(cc1)NC(=O)CCCCCCCC(=O)Nc1ccc(cc1)*,160.0,tg
*Nc1ccc(-c2ccc(-c3ccc(*)s3)s2)cc1,2.587,egb
*Nc1cc(cc(c1)C(=O)OCCCN(c1ccc(cc1)N=Nc1ccc(cc1)S(=O)(=O)C)C)NC(=O)c1cc(cc(c1)OCCCN(c1ccc(cc1)N=Nc1ccc(cc1)S(=O)(=O)C)C)C(=O)*,168.0,tg
*c1cc(CCCCCC)c(*)s1,2.5608,egc
*c1ccc(Oc2ccc(N3C(=O)N(*)C3=O)cc2)cc1,4.3691,egc
*Oc1c(cc(cc1C)C(c1cc(c(c(c1)C)OC(=O)CCCCCCCCC(=O)*)C)(C)C)C,45.0,tg
*N1C(=O)C(CC1=O)Nc1ccc(cc1)N(c1ccc(cc1)NC1C(=O)N(C(=O)C1)c1ccc(cc1)Cc1ccc(cc1)*)c1ccc(cc1)Nc1ccc(cc1)[N+](=O)[O-],324.0,tg
*C(C*)(C(=O)OCCCn1c2ccccc2c2ccccc12)C,113.0,tg
*C(=O)c1ccc(-c2ccc(-c3ccc(*)s3)cc2)cc1,3.0595,eea
*Oc1c2c(c(cc1)c1c3c(c(cc1)Oc1ccc(cc1)Oc1c(c(ccc1)Oc1ccc(cc1)*)C)cccc3)cccc2,156.0,tg
*Oc1c2c(c(cc1)C=Cc1ccc(cc1)C=Cc1c3c(c(cc1)OCCOCCOCC*)cccc3)cccc2,83.5,tg
*Cc1ccc(COC(=O)CCCCSCCCCC(=O)O*)cc1,4.7687,egc
*OC(=O)c1ccc(cc1)c1ccc(cc1)C(=O)OCCOCC*,53.5,tg
*Nc1ccc(C(=S)c2ccc(*)cc2)cc1,6.72,eps
*c1cc2c(C(=O)N(C2=O)c2c(ccc(c2)C(c2cc(c(cc2)OC(=O)C23CC4CC(CC(C2)C4)C3)N2C(=O)c3c(C2=O)cc(cc3)C(*)(C(F)(F)F)C(F)(F)F)(C(F)(F)F)C(F)(F)F)OC(=O)C23CC4CC(CC(C2)C4)C3)cc1,305.0,tg
*Oc1ccc(cc1)C(c1ccc(cc1)OC(=O)c1c(cccc1)c1c(cccc1)C(=O)*)(C(F)(F)F)C(F)(F)F,162.0,tg
*c1cc2c(C(=O)N(C2=O)c2ccc(cc2)Oc2ccc(cc2)C(=O)c2nc(ccc2)C(=O)c2ccc(cc2)Oc2ccc(cc2)N2C(=O)c3c(C2=O)cc(cc3)C(=O)*)cc1,314.5,tg
*c1cc2c(C(=O)N(C2=O)c2ccc(cc2)Oc2ccc(cc2)N2C(=O)c3c(C2=O)cc(cc3)C(=O)Oc2ccc(cc2)C(c2ccc(cc2)OC(=O)*)(C)C)cc1,200.0,tg
*Cc1ccc(Cc2ccc(*)s2)cc1,4.0831,egb
*C(C*)(CC(=O)OCCC1CCCCC1)C(=O)OCCC1CCCCC1,48.0,tg
*CC(*)(C)C(=O)OCC,6.2424,egb
*N1C(=O)c2cc3C(c4c(Oc3cc2C1=O)cc1C(=O)N(C(=O)c1c4)c1ccc(cc1)C(c1ccc(cc1)*)(C(F)(F)F)C(F)(F)F)(C(F)(F)F)C(F)(F)F,430.0,tg
*C(=S)c1ccc(C(F)(F)C(*)(F)F)s1,4.44,eps
*C(C*)C(=O)OCCOCC(F)(F)F,-38.0,tg
*Oc1ccc(cc1)c1ccc(cc1)OC(=O)c1cc(cc(c1)CCCCC)C(=O)*,138.0,tg
*Oc1c(cc(cc1C)C(c1cc(c(c(c1)C)OCC(C*)O)C)(C)C)C,130.0,tg
*OC1C(CCCC1)OC(=O)*,117.3,tg
*c1cc(COCCCCCCCCCCCCOc2ccc(-c3ccc(OC)cc3)cc2)c(*)s1,2.5163,egc
*Oc1c(cc(cc1)OC(=O)c1ccc(cc1)OCCCCCCCCCCOc1ccc(cc1)C(=O)*)S(=O)(=O)c1ccccc1,88.0,tg
*N1C(=O)N(C(=O)C1=O)c1ccc(cc1)CCc1ccc(cc1)*,197.0,tg
*c1ccc(Sc2ccc(-n3c(=O)c4cc5c(=O)n(*)c(=O)c5cc4c3=O)cc2)cc1,2.5188,egc
*Oc1ccc(Oc2ccc(*)cc2)s1,5.9034,ei
*Oc1ccc(cc1)N=Nc1c(cc(c(c1C)[N+](=O)[O-])Cc1c(c(c(c(c1)C)N=Nc1ccc(cc1)OC(=O)c1ccc(cc1)C(=O)*)C)[N+](=O)[O-])C,203.0,tg
*c1ccc(*)c2nccnc12,3.0389,egc
*c1cc2c(C(=O)N(C2=O)c2ccc(cc2)C(=O)NC2CCC(CC2)CC2CCC(CC2)NC(=O)*)cc1,275.0,tg
*CCOCCOC(=O)CCCCCCCC(=O)O*,6.5091,egc
*Oc1ccc(cc1)*,119.75,tg
*C(C(*)(F)F)OC(F)(F)F,-10.0,tg
*O[Si](COC(=O)CCCCCCCCC(=O)Oc1ccc(cc1)S(=O)(=O)c1ccc(cc1)Oc1ccc(cc1)C=C1C(=O)C(=Cc2ccc(cc2)Oc2ccc(cc2)S(=O)(=O)c2ccc(cc2)OC(=O)CCCCCCCCC(=O)OC[Si](*)(C)C)CCCC1)(C)C,81.0,tg
*N1C(=O)c2c(C1=O)c(ccc2)c1cc2c(C(=O)N(C2=O)c2cc(ccc2)Oc2ccc(cc2)*)cc1,286.0,tg
*NC(=O)CCC1(c2ccccc2c2ccccc12)CCC(=O)NCCCC1(c2ccccc2c2ccccc12)CCC*,165.0,tg
*Nc1c2c(ccc1)c(ccc2)NC(=O)Nc1cc(cc(c1)C(=O)Nc1ccc2C(=O)c3c(C(=O)c2c1)cccc3)NC(=O)*,178.0,tg
*c1nc2c(c(c1c1ccccc1)c1ccccc1)cc(cc2)Oc1cc2c(nc(c(c2c2ccccc2)c2ccccc2)c2ccc(cc2)c2ccc(cc2)*)cc1,351.0,tg
*CC(F)(F)C(F)(F)C(F)(F)C(F)(F)COC(=O)CCCC(=O)O*,7.0209,egc
*C(=O)c1ccc(-c2ccc(C(*)=S)s2)cc1,6.162,ei
*Nc1ccc(cc1)NC(=O)c1cc(ccc1)C(=O)c1ccc(cc1)C(=O)*,257.5,tg
*C1c2c(CC1*)cccc2,200.0,tg
*Oc1ccc(cc1)C(c1ccc(cc1)OCCCCCCCC*)(C)C,13.37,tg
*CCCCCC(=O)S*,5.0001,egb
*c1cc2c(C(=O)N(C2=O)c2cc(ccc2)N2C(=O)c3c(C2=O)cc(cc3)C(=O)*)cc1,292.1,tg
*C(=O)NNC(=O)c1cccc(C(=O)NNC(=O)c2cnc(*)cn2)c1,3.3027,egc
*Nc1ccc(-c2ccc(C(*)=S)s2)s1,2.7581,nc
*Nc1ccc(C(=S)c2ccc(*)cc2)cc1,2.3239,nc
*c1cc2c(C(=O)N(C2=O)c2ccc(cc2)NC(=O)Nc2ccc(cc2)N2C(=O)c3c(C2=O)cc(cc3)C(=O)Nc2ccc(cc2)NC(=O)Nc2ccc(cc2)NC(=O)*)cc1,208.0,tg
*C(CCCCC*)CCC,-68.0,tg
*Oc1ccc(cc1)c1ccc(cc1)C(=O)NCC*,169.0,tg
*C(C(*)(F)F)(c1c(c(c(c(c1F)F)F)F)F)F,194.0,tg
*c1ccc(C(=O)C(F)(F)C(*)(F)F)cc1,3.4595,eea
*Oc1cc(cc(c1)CCCCCC)OC(=O)c1cc(ccc1)C(=O)*,67.5,tg
*CC(C)CO*,5.976,egc
*NC(=O)c1ccc(C(*)=S)cc1,5.0,eps
*CC(=O)c1ccc(C(*)=O)s1,4.49,eps
*NC(=O)CCCCCCCCCCCCCCC(=O)NCCCCCCCC*,52.0,tg
*c1cc2c(C(=O)N(C2=O)c2ccc(cc2)C(=O)c2cc(ccc2)C(=O)c2ccc(cc2)N2C(=O)c3c(C2=O)cc(cc3)C(=O)*)cc1,276.0,tg
*C(C*)(CC(=O)OC)C(=O)O,159.0,tg
*NC(=O)c1ccc(-c2ccc(*)s2)cc1,2.1302,eea
*O[Si](*)(CCCOc1ccc(cc1)C(=O)OC1CC2=CCC3C(CCC4(C(CCC34)C(CCCC(C)C)C)C)C2(CC1)C)C,72.08,tg
*CC1CCC(COC(=O)NCCSCCCCCSCCNC(=O)O*)CC1,5.4414,egb
*N1C(=O)c2c(C1=O)cc(cc2)C(c1cc2c(C(=O)N(C2=O)CCCC*)cc1)(C(F)(F)F)C(F)(F)F,185.0,tg
*CCOC(=O)Nc1ccc(NC(=O)O*)cc1,4.8391,egc
*OCCOCCOCCCNC(=O)C(NC(=O)C(NC(=O)CCCCCCCCC(=O)NC(C(=O)NC(C(=O)NCCC*)C(C)C)Cc1ccccc1)Cc1ccccc1)C(C)C,66.0,tg
*c1cc(nc2c1cccc2)c1cc(ccc1)c1nc2c(c(c1)c1ccc(cc1)Oc1ccc(cc1)*)cccc2,268.0,tg
*C(F)(F)NC(F)(F)C(S1)=CC=C1*,4.586,egc
*NC(=O)CCCCCCCC*,44.29,tg
*N(c1ccc(cc1)c1ccc(cc1)N(c1ccc(cc1)C(c1ccc(cc1)*)c1ccccc1)c1ccc(cc1)C)c1ccc(cc1)C,239.0,tg
*c1ccc(NC(=O)c2cc(NC(=O)c3ccc(OC(C)=O)cc3)cc(C(=O)Nc3ccc(-c4nnc(*)o4)cc3)c2)cc1,3.4669,egc
*N1C(=O)c2c(C1=O)cc(cc2)Oc1cc2c(C(=O)N(C2=O)c2cc(ccc2)Oc2ccc(cc2)*)cc1,233.75,tg
*Cc1ccc(-c2ccc(C(*)=S)cc2)s1,2.0986,nc
*c1c(cc(c(c1)OC)C=C*)OCC(CCCC)CC,70.67,tg
*Nc1ccc(Oc2ccc(*)cc2)cc1,3.2074,egb
*N1C(=O)c2c(C1=O)cc(cc2)Oc1cc2c(cc1)cc(cc2)Oc1cc2c(C(=O)N(C2=O)c2cc(ccc2)Oc2ccc(cc2)*)cc1,225.0,tg
*CC(*)c1ccc(C(=O)CCN2CCOCC2)cc1,3.2629,egc
*c1ccc2c(c1)Cc1cc(N3C(=O)c4ccc(-c5ccc6c(c5)C(=O)N(*)C6=O)cc4C3=O)ccc1-2,2.6588,egc
*OC(F)(F)c1ccc(C(*)(F)F)s1,7.2935,ei
*OC(OC(=O)c1ccc(cc1)C(=O)OC(OCC1CCC(CC1)C*)C)C,61.0,tg
*NC(=O)CCCCC(=O)NCCCCCC*,55.55,tg
*c1ccc(C(=O)Nc2ccc(-c3ccc(NC(=O)c4ccc(-n5c(=O)c6sc7c(=O)n(*)c(=O)c7sc6c5=O)cc4)cc3)cc2)cc1,1.2847,egc
*CCCCCCCCCCCNC(=O)CCCCCCCCCCC(=O)N*,6.009,egc
*Oc1ccc(cc1)C(=O)c1ccc(cc1)OCCCCCCOC(=O)OCCCOC(=O)OCCCCCC*,16.0,tg
*OC1CCC(OC(=O)CCCCC(*)=O)CC1,6.706,egc
*CCCCCCCCCCNC(=O)CCC(=O)N*,5.9532,egc
*N1C(=O)c2c(C1=O)cc(cc2)Oc1ccc(cc1)C(=O)c1ccc(cc1)Oc1cc2c(C(=O)N(C2=O)c2ccc(cc2)Oc2cc(ccc2)Oc2ccc(cc2)*)cc1,194.0,tg
*N=P(*)(OCC(C(F)(F)F)(F)F)OCC(C(F)(F)F)(F)F,-65.0,tg
*Nc1ccc(C(=O)c2ccc(NC(=O)c3ccc(C(*)=O)cc3)cc2)cc1,3.6944,egc
*C1C(=O)N(C(=O)C1*)C(C)(C)C,195.0,tg
*Oc1c2c(c(cc1)c1c3c(c(cc1)Oc1c(c4c(cc1)cccc4)c1c4c(ccc1*)cccc4)cccc3)cccc2,301.0,tg
*CCOC(=O)CSC(=O)Nc1ccc(Cc2ccc(NC(=O)SCC(=O)O*)cc2)cc1,4.3268,egc
*C([2H])([2H])C(*)(C(=O)OC([2H])([2H])C([2H])([2H])[2H])C([2H])([2H])[2H],6.3862,egc
*O[Si](C)(C)O[Si](C)(C)O[Si](C)(C)OC(C)CCC(*)C,6.3039,egc
*CCOC(=O)c1ccc(C(=O)O*)c2c1CC2,4.3335,egc
*C1OC(=O)C(C1)CCC1C(=O)OC(C1)CCCCC=CCCCC*,24.7,tg
*c1nc2c([nH]1)ccc(c2)NC(=O)c1ccc(cc1)OCCOCCOCCOc1ccc(cc1)C(=O)Nc1cc(ccc1)*,180.0,tg
*C1(c2c(C(=O)O1)cccc2)c1ccc(cc1)C(=O)NNC(=O)c1ccc(cc1)C(=O)NNC(=O)c1ccc(cc1)*,237.0,tg
*CCCC(Cl)C(*)Cl,6.8622,egc
*OC(=O)c1c(cccc1)C(=O)OCC*,70.88,tg
*CNC(=O)C(*)=S,5.23,eps
*Oc1ccc(cc1)C(c1ccc(cc1)OCC(COC(=O)c1cc(ccc1)C(=O)OCC(C*)O)O)(C)C,97.0,tg
*c1c2c(c(nn1)c1ccc(cc1)Oc1ccc(cc1)c1ccc(cc1)Oc1ccc(cc1)*)c(c(c(c2c1ccccc1)c1cc2c(cc1)cccc2)c1cc2c(cc1)cccc2)c1ccccc1,326.33,tg
*N1C(=O)c2c(C1=O)cc(cc2)Oc1c(cccc1)Oc1cc2c(C(=O)N(C2=O)c2cc(c(cc2)Oc2ccc(cc2)Oc2c(cc(cc2)*)C(F)(F)F)C(F)(F)F)cc1,197.0,tg
*Cc1ccc(CC(*)=S)cc1,2.9253,egb
*Oc1ccc(S(=O)(=O)c2cccc3c(S(=O)(=O)c4ccc(Oc5ccc(-c6ccc(*)cc6)cc5)cc4)cccc23)cc1,3.4062,egc
*C(=O)SSCCCCSSC(=O)N1CCN(*)CC1,4.2166,egc
*Oc1ccc(cc1)C(=O)Nc1c(cc(cc1)Br)c1ccc(cc1)NC(=O)c1ccc(cc1)*,267.0,tg
*CC(=S)CO*,4.16,eps
*C1C(=O)N(C(=O)C1C(C*)OC)c1ccc(cc1)N(C)C,221.0,tg
*Oc1ccc(cc1)C(c1ccc(cc1)OC(=S)*)(CC)C,102.0,tg
*C(C=C1)=CC=C1C(=O)NC(=O)*,4.4505,egc
*NC(=O)CCCCC(=O)NCCCP(CCC*)CC(C)C,71.0,tg
*COCOCCCO*,3.51,eps
*C=C(*)c1cccc2ccccc12,0.8664,egc
*N1C(=O)N(C(=O)C1=O)c1ccc(cc1)Oc1ccc(cc1)N1C(=O)N(C(=O)C1=O)CCCCCC*,172.0,tg
*c1c(nc2c(n1)cc(cc2)S(=O)(=O)c1cc2c(nc(c(n2)c2ccc(cc2)*)c2ccccc2)cc1)c1ccccc1,291.8,tg
*CC(=O)C(=S)O*,2.8847,eea
*C(C*)(C(=O)OCC(C(C(C(C(C(C(C(F)F)(F)F)(F)F)(F)F)(F)F)(F)F)(F)F)(F)F)C,-15.0,tg
*c1n(c(nn1)c1ccc(cc1)Oc1ccc(cc1)C(c1ccc(cc1)Oc1ccc(cc1)*)(C)C)c1cc(ccc1)C(F)(F)F,190.0,tg
*N1C(=O)c2c(C1=O)cc(cc2)c1cc2c(C(=O)N(C2=O)CCC[Si](O[Si](CCC*)(C)C)(C)C)cc1,75.0,tg
*NS(=O)Nc1cccc(*)n1,4.5634,egc
*OC(F)(F)CC(*)(F)F,3.47,eps
*Oc1ccc(-c2ccc(-c3ccc(*)cc3)s2)s1,5.6406,ei
*Oc1ccc(cc1)C(c1ccc(cc1)OCC(C*)OC(=O)C=Cc1occc1)(C)C,107.2,tg
*CCCCCCCCCCC(Cl)C(*)Cl,7.2165,egc
*CCCCCCCCCCCCCCCCOC(=O)CCCCCCC(=O)O*,6.8244,egc
*Oc1ccc(cc1)C(c1ccc(cc1)Oc1c(c(c(c(c1F)F)COC(c1cc(ccc1)C(OCc1c(c(c(c(c1F)F)*)F)F)(C(F)(F)F)C(F)(F)F)(C(F)(F)F)C(F)(F)F)F)F)(C(F)(F)F)C(F)(F)F,113.0,tg
*C(=O)CNC(=O)C1CCCN1C(=O)C1CCCN1*,5.248,egc
*c1ccc(-c2ccc(Oc3ccc(*)s3)s2)cc1,2.1868,nc
*N=P(*)(Oc1c(cc(cc1)Cl)Cl)Oc1c(cc(cc1)Cl)Cl,2.0,tg
*c1c2C(=O)N(C(=O)c2c(c2ccccc12)c1ccc(cc1)Oc1ccc(cc1)C(=O)c1ccc(cc1)Oc1ccc(cc1)*)c1c(cccc1)c1ccccc1,245.0,tg
*C(C*)C(=O)OCC(O)C,-7.0,tg
*Cc1ccc(C(=O)c2ccc(*)cc2)cc1,1.9018,nc
*CC(*)c1ccc(C(=O)c2ccccc2)cc1,3.5289,egc
*c1cc2c(C(=O)N(C2=O)c2ccc(cc2)Oc2ccc(cc2)N2C(=O)c3c(C2=O)cc(cc3)C(=O)Nc2ccc(cc2)C2(c3ccccc3c3ccccc23)c2ccc(cc2)NC(=O)*)cc1,240.0,tg
*OC(=O)c1cc(c(cc1)c1c(cc(cc1)C(=O)OCC*)C)C,73.0,tg
*c1ccc(NC(=O)c2cccc(C(=O)Nc3ccc(-n4c(=O)c5cc6c(=O)n(*)c(=O)c6cc5c4=O)cc3)c2)cc1,2.46,egc
*NC(C(=O)*)CCC(=O)OCc1ccc(cc1)F,46.9,tg
*C(C*)C(=O)c1ccc(cc1)Br,101.5,tg
*Oc1c(c(c(c(c1[2H])[2H])S(=O)(=O)c1c(c(c(c(c1[2H])[2H])Oc1c(c(c(c(c1[2H])[2H])C(c1c(c(c(c(c1[2H])[2H])*)[2H])[2H])(C([2H])([2H])[2H])C([2H])([2H])[2H])[2H])[2H])[2H])[2H])[2H])[2H],175.0,tg
*NC(C=C1)=CC=C1OC(=S)*,3.7435,egc
*C(C*)(C(=O)OCCCCCCOc1ccc(cc1)C(=O)Oc1c2c(c(cc1)N=Nc1ccc(cc1)F)cccc2)C,42.0,tg
*c1c(cc(c(c1)c1ccc(cc1)N(c1ccc(cc1)OC)c1ccc(cc1)OC)C=C*)OCC(CCCC)CC,163.0,tg
*c1cc2c(C(=O)N(C2=O)c2cc(ccc2)NC(=O)c2ccc(cc2)N2C(=O)c3c(C2=O)cc(cc3)C(=O)*)cc1,311.0,tg
*c1ccc(cc1)c1c(cc(c(c1c1ccccc1)c1ccccc1)c1ccc(cc1)c1c(c(c(c(c1)c1ccccc1)c1ccc(cc1)CCCC*)c1ccccc1)c1ccccc1)c1ccccc1,205.0,tg
*OC(=O)NC1CC(CC(C1)(CNC(=O)OCCN(CC*)c1ccc(cc1)N=Nc1ccc(cc1)C#N)C)(C)C,136.0,tg
*N1C(=O)c2c(C1=O)cc(cc2)Oc1ccc(cc1)c1ccc(cc1)Oc1cc2c(C(=O)N(C2=O)c2ccc(cc2)Oc2ccc(cc2)Sc2ccc(cc2)Oc2ccc(cc2)*)cc1,212.0,tg
*c1cc2c(C(=O)N(C2=O)c2c3c(ccc2)c(ccc3)Oc2ccc(cc2)N2C(=O)c3c(C2=O)cc(cc3)C(=O)Nc2ccc(cc2)c2nc(cc(c2)c2ccccc2)c2ccc(cc2)NC(=O)*)cc1,295.0,tg
*C(C*)(C(=O)OCc1ccc2n(c3c(c2c1)cccc3)CCCCCC)C,73.0,tg
*OC1C(CO)OC(*)C(O)C1O,5.8509,egc
*OC(=O)NCC(C(C(C(CNC(=O)OCCCCC*)(F)F)(F)F)(F)F)(F)F,33.0,tg
*c1c(ccc(c1)*)c1oc2c(n1)cc(cc2)C,221.0,tg
*C(=O)c1ccc(-c2ccc(C(*)=S)cc2)cc1,2.2139,nc
*c1cc2c(C(=O)N(C2=O)c2c(cccc2)Cc2ccc(cc2)N2C(=O)c3c(C2=O)cc(cc3)C(=O)*)cc1,286.0,tg
*NC(=O)CCc1ccc(cc1)CCC(=O)NCCCCCCCCCCCCCCCCCC*,65.0,tg
*c1nc2c(nc1c1ccc(cc1)C(=O)NCCCCCCCCCCNC(=O)c1ccc(cc1)*)cccc2,166.0,tg
*N1C(=O)c2c(C1=O)cc(cc2)C(=O)Oc1ccc(cc1)C1(c2c(C(=O)O1)cccc2)c1ccc(cc1)OC(=O)CCCCCCCCCCC*,114.0,tg
*c1cc2c(C(=O)N(C2=O)c2cc(c(cc2)c2c(cc(cc2)N2C(=O)c3c(C2=O)cc(cc3)C(=O)Oc2ccc(cc2)C2(CCC(CC2)C(C)(C)C)c2ccc(cc2)OC(=O)*)C)C)cc1,217.0,tg
*NC(=O)c1cc(cc(c1)C(C)(C)C)C(=O)NCCC(C(CC*)C)C,173.0,tg
*CONC(*)=O,1.2523,eea
*CCOC(=O)c1ccc(O*)cc1Cl,4.6773,egc
*c1cc2c(C(=O)N(C2=O)c2ccc(cc2)NC(=O)Nc2ccc(cc2)N2C(=O)c3c(C2=O)cc(cc3)C(=O)Nc2cc3Cc4c(c3cc2)ccc(c4)NC(=O)*)cc1,224.0,tg
*CCCCCCOC(=O)NCCSCCSCCNC(=O)O*,5.3918,egc
*OP(=O)(Oc1c(cc(cc1Br)C(c1cc(c(c(c1)Br)*)Br)(C(F)(F)F)C(F)(F)F)Br)Oc1ccc(cc1)OC,151.0,tg
*C(=O)c1ccc(C(=O)C(*)=S)cc1,6.7765,ei
*CCOCCOC(=O)c1ccc(NC=Nc2ccc(C(=O)O*)cc2)cc1,4.1569,egc
*CCC(=O)N(CCN(C(=O)CCN1CCN(*)CC1)C(C)C)C(C)C,4.3463,egc
*OP(=O)(Oc1c(c(c(c(c1Cl)Cl)*)Cl)Cl)Oc1c(cccc1Cl)Cl,144.0,tg
*C(=O)Nc1ccc(Cc2ccc(N3C(=O)c4ccc(*)cc4C3=O)cc2)cc1,3.1109,egc
*c1ccc2n(c3c(c2c1)cc(cc3)C=Cc1nc(c(c(c1C#N)C=Cc1ccc(cc1)N(c1ccccc1)c1ccccc1)C#N)C=C*)CCCCCC,134.0,tg
*N1C(=O)c2c(C1=O)cc(cc2)Oc1ccc(cc1)C1(CCCCCCCCCCC1)c1ccc(cc1)Oc1cc2c(C(=O)N(C2=O)c2ccc(cc2)Cc2ccc(cc2)*)cc1,240.0,tg
*NC(C)C(=O)NC(C)C(=O)NC(C(=O)NC(C(*)=O)C(C)C)C(C)C,5.8867,egb
*N1C(=O)c2c(C1=O)cc(cc2)Oc1cc2c(C(=O)N(C2=O)c2cc(ccc2)Oc2c(ccc(c2)Oc2cc(ccc2)*)P(=O)(c2ccccc2)c2ccccc2)cc1,212.0,tg
*C1C(=O)OC(=O)C1*,6.3452,egc
*N(c1ccc(cc1)C=C(c1ccc(cc1)C(=Cc1ccc(cc1)*)c1ccc(cc1)OC)c1ccc(cc1)OC)c1ccccc1,197.0,tg
*Oc1ccc(cc1)N=C(c1ccc(cc1)Oc1ccc(cc1)c1ccc(cc1)Oc1ccc(cc1)C(=Nc1ccc(cc1)*)c1ccccc1)c1ccccc1,174.0,tg
*OC1CCCC(*)O1,6.1442,egc
*c1cc2c(C(=O)N(C2=O)c2cc(ccc2)C(c2cc(ccc2)N2C(=O)c3c(C2=O)cc(cc3)C(*)(C(F)(F)F)C(F)(F)F)(C(F)(F)F)C(F)(F)F)cc1,266.5,tg
*Oc1ccc(cc1)C(=O)OCCN(CCOC(=O)c1ccc(cc1)OCC#CC#CC*)c1ccc(cc1)[N+](=O)[O-],100.0,tg
*C(=O)Nc1nc(C#N)c(*)n1C,4.1864,egc
*C(=S)c1ccc(-c2ccc(-c3ccc(*)cc3)s2)cc1,3.3503,eea
*CC(*)(C)C(=O)OC(F)(C(F)(F)F)C(F)(F)F,6.1534,egc
*CCNC(=O)CCCCCCCCCCCCCCC(=O)N*,5.9522,egc
*CC(C)(CO*)COCCC#N,5.387,egc
*NC(=S)c1ccc(O*)cc1,1.9858,nc
*CC(*)(C)C(=O)OCc1ccc(Cl)cc1Cl,4.8651,egc
*NC(=O)CCCCC(=O)NCC(CCC*)(C)C,77.0,tg
*CC(*)(F)C(=O)OCC(Cl)(Cl)Cl,6.1654,egc
*C(OC(F)(F)F)C(*)(F)F,8.5308,egc
*c1cc(C(=O)OCCCCCC)c(*)s1,2.8903,egc
*C(C*)c1ccc(cc1)COC(CC)C,40.0,tg
*C(C*)(C(=O)OCCCCCCOc1ccc(cc1)N=Nc1ccncc1)C,40.0,tg
*Oc1ccc(cc1)C(c1ccc(cc1)OCC(C*)(CCl)CO)(C(F)(F)F)C(F)(F)F,107.0,tg
*N1C(=O)c2c(C1=O)cc(cc2)C(=O)Nc1ccc(cc1)S(=O)(=O)c1ccc(cc1)NC(=O)C*,232.0,tg
*N1C(=O)c2c(C1=O)cc(cc2)Oc1ccc(cc1)Oc1cc2c(C(=O)N(C2=O)c2ccc(cc2)Oc2ccc(cc2)*)cc1,248.75,tg
*SCCC(=O)NCCCCCCNC(=O)CC*,20.5,tg
*C(C*)(C(=O)OCCCCCCn1c2ccccc2c2ccccc12)C,73.0,tg
*CC(=O)c1ccc(-c2ccc(*)cc2)cc1,3.96,eps
*C1CCN(CC1)c1sc(cc1)C=CC1=CC(=C(C#N)C#N)C=C(O1)C=Cc1sc(cc1)N1CCC(CC1)OC(=O)Nc1c(ccc(c1)NC(=O)O*)C,212.0,tg
*C(C*)(CC(=O)OCC)C(=O)O,135.0,tg
*Oc1ccc(cc1)C1(c2cc(ccc2c2ccc(cc12)[N+](=O)[O-])N(C)C)c1ccc(cc1)OC(=O)CCCCC(=O)*,150.0,tg
*C(C*)OC(=O)c1ccc(cc1)Br,85.5,tg
*C(C*)c1c(cccc1)C(=O)OCCCC,66.0,tg
*CCCCOc1ccc(C(=O)OC(=O)c2ccc(O*)cc2)cc1,4.2843,egc
*N1C(=O)C2CCC3C(C2C1=O)C(=O)N(C3=O)c1ccc(cc1)Oc1ccc(cc1)*,342.0,tg
*O[Si](*)(CCCOc1c(cc(cc1)C(=O)OC1CC2=CCC3C(CCC4(C(CCC34)C(CCCC(C)C)C)C)C2(CC1)C)S(=O)(=O)O[K])C,112.6,tg
*c1[nH]c(*)c(OC)c1OC,2.5591,egc
*c1c(nc2c(n1)cc(cc2)Oc1cc2c(nc(c(n2)c2ccc(cc2)Oc2ccc(cc2)*)c2ccccc2)cc1)c1ccccc1,261.33,tg
*c1cc(CCCCCCCCCCCC)c(*)s1,2.7478,egc
*C(C(*)(C(=O)OC([2H])([2H])[2H])C([2H])([2H])[2H])([2H])[2H],115.0,tg
*N1C(=O)c2c(C1=O)cc(cc2)Oc1cc2c(C(=O)N(C2=O)Cc2oc(cc2)C(c2oc(cc2)C*)C)cc1,129.0,tg
*C(F)(F)CC(F)(F)N*,7.1667,egc
*C(C*)(C(=O)OCC)C,64.96,tg
*C=CC(C)CCCCCCCCC*,5.8829,egc
*Nc5ccc(NC(=O)c4ccc(C3(c1ccc(C(*)=O)cc1)OC(=O)c2ccccc23)cc4)cc5,3.4199,egc
*OC(COC(=O)C1=C(C2C=CC1C2)C(=O)OCC(OC(=O)c1ccc(cc1)C(=O)*)COC(=O)C1=C(C2C=CC1C2)c1ccccc1)COC(=O)C1=C(C2C=CC1C2)c1ccccc1,74.0,tg
*OC(=O)CCCCCCCCC(=O)OC1COC2C(*)COC12,6.5166,egc
*CC(C)(C)COC(=O)CCCCCCCCC(=O)O*,6.6996,egc
*Oc1ccc(cc1)C=C1C(=O)C(=Cc2ccc(cc2)OCCCCCC*)CCC1,116.0,tg
*CCCCCC(=O)S*,5.3869,egc
*Cc1ccc(C(=O)C(*)=S)s1,1.9676,nc
*NC(=O)CCCCCCCCCCCCCCCCC(=O)NCc1ccc(cc1)C*,75.0,tg
*OC(=O)CCCCCCC(=O)OCC#CC*,-38.0,tg
*OC(*)CCC,6.6355,egc
*OC(C*)COCCCCCC,-85.5,tg
*c1cc2Oc3c(C(c2cc1)(C)C)ccc(c3)OC(=O)c1cc2c(C(CC2(c2ccc(cc2)C(=O)O*)C)(C)C)cc1,297.0,tg
*N(CC*)C(=O)c1ccc(cc1)F,104.0,tg
*c1nnc(C2CC3(CC(*)C3)C2)o1,6.0399,egc
*C(C*)C(=O)OCCCCCCCCCCCCOC(=O)c1ccc(cc1)OC(=O)c1ccc(cc1)C#N,15.0,tg
*CCOCCOC(=O)CCSCCC(=O)O*,5.4283,egc
*c1ccc(-c2ccc(*)nc2)cn1,3.5855,egc
*[Si](c1c(cccc1)C*)(c1ccccc1)C,93.8,tg
*Nc1ccc(C(=S)c2ccc(*)cc2)s1,6.46,eps
*OC(C*)CC,-72.01,tg
*N=Cc1ccc(C=Nc2sc(*)c(C#N)c2C#N)cc1,1.5066,egc
*CCN(*)C(=O)c1ccc(F)cc1,5.1588,egc
*N(CC*)C(=O)c1c(ccc(c1F)F)F,124.0,tg
*CCCCCCCCCCCCNC(=O)CCCCCCCCCCCCCCCCCCCCC(=O)N*,5.927,egc
*C(=C*)CCCOC(=O)c1c(ccc(c1)c1ccc(cc1)OC)c1ccc(cc1)OC,72.4,tg
*CC(*)OC(C)=O,6.8523,egc
*Nc1ccc(OC(*)=S)s1,5.6596,ei
*N1C(=O)c2c(C1=O)c(ccc2)c1cc2c(C(=O)N(C2=O)c2ccc(cc2)Oc2cc(ccc2)Oc2ccc(cc2)*)cc1,259.0,tg
*Oc1ccc(cc1)N1ON1c1ccc(cc1)OCCCCCCOC(=O)C(C(=O)OCCCCCC*)CCCCCBr,7.0,tg
*C1(C)CC(*)(C)C(=O)N(C)C1=O,5.3373,egc
*C(=O)C(F)(F)NC(*)(F)F,8.5584,ei
*C1C(=O)N(C(=O)C1CC*)CCCCCCCCCCCCCCCC,65.6,tg
*Nc1cc(*)ccc1N,3.7339,egc
*C(=S)c1ccc(C(=S)c2ccc(*)cc2)s1,6.78,eps
*CCCCC(=O)NCCCCCCC(=O)NCCC(=O)N*,5.7097,egc
*C(=O)c1ccc2c(c1)C(=O)N(c1ccc(C(c3ccccc3)(c3ccc(N4C(=O)c5ccc(*)cc5C4=O)cc3)C(F)(F)F)cc1)C2=O,2.9448,egc
*CCCCCCOC(=O)OCCCCCCCCOC(=O)OCCCCCCn1c(=O)c2cc3c(=O)n(*)c(=O)c3cc2c1=O,3.7768,egc
*Nc1ccc(cc1)NC(=O)CCCCCCC(=O)*,138.0,tg
*Oc1c(cc(cc1)C1(CC2C(CC1)CCCC2)c1cc(c(cc1)Oc1ccc(cc1)C(=O)c1ccc(cc1)*)C)C,201.0,tg
*C(=C(*)Cl)CCCCCCCC,90.0,tg
*Oc1ccc(cc1)S(=O)(=O)c1ccc(cc1)Oc1ccc(cc1)C(c1ccc(cc1)OCCCCOc1ccc(cc1)C(c1ccc(cc1)*)(C)C)(C)C,140.0,tg
*Oc1ccc(cc1)CC(NC(=O)CCc1ccc(cc1)OC(=O)CCCC(=O)*)C(=O)OCC(C)C,62.0,tg
*c1cc2c(C(=O)N(C2=O)c2ccc(cc2)C(c2ccc(cc2)N2C(=O)c3c(C2=O)cc(cc3)C(*)(C(F)(F)F)C(F)(F)F)(C)C)cc1,297.0,tg
*c1ccc(-c2ccc3nc(*)cc(-c4ccccc4)c3c2)cc1,2.9209,egc
*OCC(C*)O,17.0,tg
*OP(=O)(Oc1cccc2c(*)cccc12)OC1CCCCC1,4.0777,egc
*N1C(=O)c2c(C1=O)cc(cc2)c1cc2c(C(=O)N(C2=O)c2ccc(cc2)C(=O)Nc2cc(ccc2)S(=O)(=O)c2cc(ccc2)NC(=O)c2ccc(cc2)*)cc1,256.0,tg
*Oc1c(cc(cc1)S(=O)(=O)c1cc(c(cc1)Oc1ccc(cc1)C(c1ccc(cc1)*)(C)C)[N+](=O)[O-])[N+](=O)[O-],206.0,tg
*c1oc(nn1)c1c(cc(cc1)*)OCCCCCCCC,173.0,tg
*c1cc2c(C(=O)N(C2=O)c2ccc(cc2)Oc2c(cc(cc2C)C(c2cc(c(c(c2)C)Oc2ccc(cc2)N2C(=O)c3c(C2=O)cc(cc3)C(=O)*)C)c2c3c(ccc2)cccc3)C)cc1,272.0,tg
*Oc1ccc(cc1)Oc1c(cc(cc1)C(=O)c1cc(c(cc1)*)S(=O)(=O)O)S(=O)(=O)O,220.0,tg
*CC(C=C1)=CC=C1NC(C=C2)=CC=C2*,4.3854,egc
*c1cc2c(C(=O)N(C2=O)c2c(cc(cc2)c2cc(c(cc2)N2C(=O)c3c(C2=O)cc(cc3)C(*)(C(F)(F)F)C(F)(F)F)OCCCCCCOc2ccc(cc2)/C=C/c2ccc(cc2)F)OCCCCCCOc2ccc(cc2)/C=C/c2ccc(cc2)F)cc1,140.0,tg
*NC(=O)Oc1ccc(*)s1,4.64,eps
*C(C*)(C(=O)OCCS(=O)CC)C,25.0,tg
*Oc1ccc(Oc2ccc(*)s2)s1,4.047,egb
*c1ccc(*)n1C,2.6193,egc
*Oc1c(cc(cc1Cl)C(c1cc(c(c(c1)Cl)OCC(C*)O)Cl)(C)C)Cl,145.0,tg
*C(C*)(CC(=O)OC)C(=O)OC12CC3CC(CC(C1)C3)C2,197.0,tg
*c1ccc(-c2nnc(-c3cccc(-c4nnc(*)o4)c3)o2)cc1,3.4013,egc
*c1cc2c(C(=O)N(C2=O)c2c3c(ccc2)c(ccc3)Oc2ccc(cc2)N2C(=O)c3c(C2=O)cc(cc3)C(=O)Nc2nc(ccc2)NC(=O)*)cc1,293.0,tg
*C(=O)OCC1CC1COC(=O)N1CCN(*)CC1,5.9115,egc
*Oc1ccc(Oc2ccc(C(=O)c3ccc(*)cc3)cc2)cc1C=O,3.6677,egc
*Oc1c(cc(cc1)C(c1cc(c(cc1)OC(=O)CCCCC(=O)*)C)(C)C)C,33.5,tg
*CCCCCCCCCc1nc2ccc(-c3ccc4nc(*)oc4c3)cc2o1,4.1522,egc
*N1C(=O)C(CC1=O)Nc1ccc(cc1)Cc1ccc(cc1)NC1C(=O)N(C(=O)C1)c1ccc(cc1)Cc1ccc(cc1)*,239.0,tg
*CNc1ccc(C(*)=S)s1,2.251,nc
*Nc1cc(ccc1)NC(=O)CCCCCCCCC(=O)Nc1ccc(cc1)C(=O)NC(=S)*,265.0,tg
*N1C(=O)c2c(C1=O)cc(cc2)Oc1c2c(ccc1)c(ccc2)Oc1cc2c(C(=O)N(C2=O)c2ccc(cc2)C(c2ccc(cc2)*)(C)C)cc1,265.0,tg
*c1ccc(Cc2ccccc2-n2c(=O)c3cc4c(=O)n(*)c(=O)c4cc3c2=O)cc1,2.9239,egc
*NC(=S)c1ccc(O*)cc1,2.5935,eea
*CCNC(*)=S,5.3628,ei
*c1cc2c(C(=O)N(C2=O)c2c(cc(cc2C)c2cc(c(c(c2)C)N2C(=O)c3c(C2=O)cc(cc3)C(=O)Oc2ccc(cc2)C(c2ccc(cc2)OC(=O)*)(C(F)(F)F)C(F)(F)F)C)C)cc1,335.0,tg
*Cc1ccc(-c2ccc(-c3ccc(*)s3)cc2)s1,1.9468,nc
*CCC[Si](C)(C)O[Si](C)(C)CCCn1c(=O)c2cc3c(=O)n(*)c(=O)c3cc2c1=O,3.5354,egc
*CCC(O*)(C(F)(F)F)C(F)(F)F,0.4911,eea
*C(C=C1)=CC=C1C(S2)=CC=C2OC(S3)=CC=C3*,3.0679,egc
*Cc1ccc(CC(*)=S)s1,1.8463,nc
*Cc1ccc(OC(*)=S)cc1,2.2773,eea
*c1c([nH]c(n1)c1ccc(cc1)c1[nH]c(c(n1)c1ccc(cc1)Oc1ccc(cc1)C(=O)c1ccc(cc1)Oc1ccc(cc1)C(=O)c1ccc(cc1)Oc1ccc(cc1)*)c1ccccc1)c1ccccc1,245.0,tg
*Nc1ccc(C(=S)c2ccc(*)cc2)s1,2.9139,eea
*CC(=O)Nc1ccc(*)cc1,4.03,eps
*NC(=O)C(=S)c1ccc(*)cc1,2.1735,nc
*C(=O)Nc1ccc(NC(=O)c2ccc3c(c2)C(=O)N(c2ccc(S(=O)(=O)c4ccc(N5C(=O)c6ccc(*)cc6C5=O)cc4)cc2)C3=O)cc1,2.7403,egc
*OCCCCONC(*)=O,6.4266,ei
*CNc1ccc(C(*)=S)s1,6.19,eps
*C=Cc1sc(*)c2c1OC(CCCCCC)CO2,1.0146,egc
*C(C*)(C(=O)OCC1OCCC1)C,105.0,tg
*c1nc(nc(n1)N(CCCCCCCCCCN(*)c1ccccc1)c1ccccc1)c1ccccc1,62.0,tg
*Oc1ccc(C(=O)OCCCOC(=O)c2ccc(*)cc2)cc1,4.6133,egc
*N1C(=O)c2c(C1=O)cc(cc2)NC(=O)Nc1ccc(cc1)c1nc(cc(c1)c1ccc(cc1)c1ccccc1)c1ccc(cc1)NC(=O)Nc1cc2c(C(=O)N(C2=O)c2ccc(cc2)Oc2c(c3c(cc2)cccc3)c2c3c(ccc2Oc2ccc(cc2)*)cccc3)cc1,302.0,tg
*N1C(=O)c2c(C1=O)c(ccc2)c1cc2c(C(=O)N(C2=O)c2cc(ccc2)C(=O)Nc2ccc(cc2)Oc2ccc(cc2)Oc2ccc(cc2)NC(=O)c2cc(ccc2)*)cc1,268.0,tg
*N1C(=O)c2c(C1=O)cc(cc2)[Si](c1cc2c(C(=O)N(C2=O)c2ccc(cc2)Oc2ccc(cc2)S(=O)(=O)c2ccc(cc2)Oc2ccc(cc2)*)cc1)(C)C,238.0,tg
*Oc1c(cccc1)C(=O)OC(=O)c1c(cccc1)OC(=O)CCCCCCCCC(=O)*,28.0,tg
*Oc1c(cc(cc1C)C(c1cc(c(c(c1)C)OC(=O)c1ccc(cc1)C(=O)*)C)(C)C)C,239.0,tg
*c1cc(OCCOCCOC)c(-c2sc(*)c3c2OCCO3)s1,2.2046,egc
*CC(*)C(=O)OC(C)C,6.4162,egc
*Nc1ccc(C(=O)C(*)=S)cc1,2.2161,nc
*c1cc2c(C(=O)N(C2=O)c2ccc(cc2)Sc2ccc(cc2)Oc2ccc(cc2)Sc2ccc(cc2)N2C(=O)c3c(C2=O)cc(cc3)C(=O)Nc2ccc(cc2)C2(c3ccccc3c3ccccc23)c2ccc(cc2)NC(=O)*)cc1,273.67,tg
*Oc1ccc(cc1)NC(=O)c1cc(ccc1)C(=O)Nc1ccc(cc1)Oc1ccc(cc1)C(c1ccc(cc1)*)(C(F)(F)F)C(F)(F)F,226.25,tg
*CCCCCCCCCCOC(=O)C(=O)O*,5.4658,egc
*C(=C*)CCCOc1ccc(cc1)OC(=O)c1ccc(cc1)OCCCC,36.0,tg
*c1cc2c(C(=O)N(C2=O)c2ccc(cc2)c2sc(c(c2c2ccccc2)c2ccccc2)c2ccc(cc2)N2C(=O)c3c(C2=O)cc(cc3)C(=O)Nc2ccc(cc2)Cc2ccc(cc2)NC(=O)*)cc1,253.0,tg
*CCc1ccc(-c2ccc(*)cc2)cc1,3.7492,egb
*c1c(cc(cc1Cl)CC*)Cl,110.0,tg
*C1COC2C1OCC2OC(=O)C(NC(=O)CCCCCCCCC(=O)NC(C(=O)O*)CCSC)CCSC,61.0,tg
*OC(=S)c1ccc(-c2ccc(*)cc2)cc1,2.0445,nc
*c1cc2c(nc(cn2)c2ccc(cc2)c2nc3c(nc2)cc(cc3)C(=O)*)cc1,318.0,tg
*c1ccc(-c2nc3cc(-c4ccc5nc(-c6ccccc6)c(*)nc5c4)ccc3nc2-c2ccccc2)cc1,3.3015,egc
*[Si](C/C=C\C*)(CCCOc1cc2c(cc1)cccc2)C,-1.0,tg
*C(C*)(C(=O)OC1CCCC1)C,75.0,tg
*CCON*,5.6784,egc
*OC(=O)Nc1c(ccc(c1)NC(=O)OCCN(CC*)c1ccc(cc1)C=Cc1cc[n+](cc1)CCCC)C,121.0,tg
*Oc1ccc(cc1)Oc1ccc(cc1)C(=O)c1ccc(cc1)NC(=O)c1cc(ccc1)C(=O)Nc1ccc(cc1)C(=O)c1ccc(cc1)*,198.0,tg
*Oc1ccc(cc1)c1ccc(cc1)OCCCCCCOC(=O)Nc1c(cc(cc1)NC(=O)OCCCCCC*)C,85.4,tg
*NC(=O)Cc1ccc(cc1)CC(=O)NCCCCCCCC*,110.0,tg
*Oc1ccc(cc1)OC(=O)c1ccc(cc1)OCC(COC(=O)CCCCC(=O)OCC(C*)O)O,37.0,tg
*NC(=O)c1ccc(O*)cc1,4.32,eps
*Nc1ccc(cc1)Cc1ccc(cc1)NC(=O)c1cc(cc(c1)NC(=O)c1ccc(cc1)NC(=O)C(CC(C)C)N1C(=O)c2c(C1=O)cccc2)C(=O)*,238.0,tg
*c1cc2c(C(=O)N(C2=O)c2ccc(cc2)Oc2ccc(cc2)N2C(=O)c3c(C2=O)cc(cc3)c2c(c(c(c(c2c2ccccc2)c2ccccc2)c2ccc(cc2)Oc2ccc(cc2)c2c(c(c(c(c2c2ccccc2)c2ccccc2)*)c2ccccc2)c2ccccc2)c2ccccc2)c2ccccc2)cc1,329.0,tg
*Nc1ccc(-c2ccc(-c3ccc(*)cc3)cc2)cc1,1.5312,eea
*C(C=C1)=CC=C1C(S2)=CC=C2C(C=C3)=CC=C3C(S4)=CC=C4*,2.8274,egc
*C=Cc1cc(OCCCCCC)c(*)cc1OC,2.3505,egc
*CC(=S)c1ccc(O*)cc1,2.3706,egb
*C#Cc1cc(OCCCCCC)c(C#Cc2ccc3c(-c4c(O)ccc5cc(*)ccc45)c(O)ccc3c2)cc1OCCCCCC,3.0868,egc
*c1cc2c(cc1OC(=O)COc1ccc3c(c1)oc(=O)cc3)oc(=O)c(c2)C(=O)Nc1ccc(cc1)Oc1ccc(cc1)NC(=O)c1c(=O)oc2c(cc(c(c2)OC(=O)COc2ccc3c(c2)oc(=O)cc3)C*)c1,226.0,tg
*c1cc2c(C(=O)N(C2=O)c2ccc(cc2)Oc2ccc(cc2)S(=O)(=O)c2ccc(cc2)Oc2ccc(cc2)N2C(=O)c3c(C2=O)cc(cc3)C(=O)c2cc(cc(c2)c2ccccc2)C(=O)*)cc1,256.5,tg
*CCCCCCNC(=O)NCCCNC(=O)N*,5.6415,egc
*Oc1cccc2c(OC(=O)Oc3cccc(OC(*)=O)c3)cccc12,4.104,egc
*Oc1c(c2c(cc1)cccc2)Sc1c2c(ccc1OCC(=O)Nc1c3c(ccc1)c(ccc3)NC(=O)C*)cccc2,264.0,tg
*NC(=S)Nc1ccc(NC(=S)Nc2ccc(Cc3ccc(*)cc3)cc2)cc1,4.55,eps
*Oc1ccc(C2(c3ccc(OC(=O)c4ccc(C(*)=O)cc4)cc3)CCC(C(C)(C)C)CC2)cc1,3.1462,egc
*c1ccc2n(c3c(c2c1)cc(cc3)c1c2cc(ccc2c(c2cc(ccc12)C=Cc1ccc(cc1)N(CCCCCC)CCCCCC)*)C=Cc1ccc(cc1)N(CCCCCC)CCCCCC)CCCCCCCC,131.0,tg
*NC(=S)c1ccc(O*)s1,2.3899,egb
*Oc1ccc(cc1)CC(NC(=O)CCc1ccc(cc1)OC(=O)CCCCCCCCC(=O)*)C(=O)OCC(C)C,33.0,tg
*Oc1ccc(cc1)CC(NC(=O)CCc1ccc(cc1)OC(=O)CCC(=O)*)C(=O)OCCOCCOCC,34.0,tg
*OC(F)(F)CC(*)(F)F,10.0451,egb
*OC(F)(F)COC(=O)c1cccc(C(=O)OCC(*)(F)F)c1,4.7299,egc
*C(=C(*)c1ccccc1)c1ccc(cc1)Oc1ccccc1,200.0,tg
*OC(=O)Nc1c(ccc(c1)NC(=O)OCCN(CC*)c1ccc(cc1)N=Nc1c(cc(cc1)[N+](=O)[O-])C)C,137.0,tg
*Cc1ccc(Cc2ccc(*)cc2)cc1,3.41,eps
*CCCCCCCCCCCCCCCC(=O)O*,6.7798,egc
*C=CC(C(=O)OC)C(*)c1ccccc1,4.9911,egc
*c1cc2c(C(=O)N(C2=O)c2c(ccc(c2)N2C(=O)c3c(C2=O)cc(cc3)C(=O)Nc2c(cc(cc2CC)Cc2cc(c(c(c2)CC)NC(=O)*)CC)CC)N=Nc2ccc(cc2)C)cc1,269.0,tg
*CC(F)(F)C(F)(F)C(F)(F)COC(=O)NCC(F)(F)C(F)(F)C(F)(F)C(F)(F)CNC(=O)O*,6.897,egc
*NC(=O)CCCCCC(=O)NCC(CCC*)(C)C,70.5,tg
*C(=O)c1ccc(-c2ccc(C(*)=S)s2)cc1,2.244,nc
*N1C(=O)C2C(C1=O)C(Cc1ccccc21)C1C(=O)N(C(=O)C1)c1cc(cc(c1)C(=O)OCCC)*,249.43,tg
*c1nc2cc3sc(-c4cc(OCCCC)c(*)cc4OCCCC)nc3cc2s1,3.1607,egc
*OC(F)(F)C(=O)C(*)(F)F,3.6501,eea
*N1C(=O)c2c(C1=O)cc(cc2)Oc1cc2c(cc1Oc1cc3c(C(=O)N(C3=O)c3ccc(cc3)Oc3cc4c(cc3Oc3ccc(cc3)*)cccc4)cc1)cccc2,222.0,tg
*CNc1ccc(N*)s1,1.8551,nc
*Oc1c(cc(cc1C)*)C(CCC)C,100.0,tg
*C(=C(*)C)SCCCCCC,110.0,tg
*C(C*)c1c(cccc1)COCCCC,67.0,tg
*N=P(*)(OCC=Cc1ccccc1)OCC=Cc1ccccc1,1.0,tg
*CC(OC=O)C(COC(=O)O*)OC=O,7.0946,egc
*N1C(=O)c2c(C1=O)c(ccc2)c1cc2c(C(=O)N(C2=O)c2cc(ccc2)OCCCCCCCCCCOc2cc(ccc2)*)cc1,127.0,tg
*NC(=O)C=CC(=O)Nc1nc(*)nc(N)n1,3.896,egc
*Oc1c(cc(cc1Br)C1(C2CCC(C1)C2)c1cc(c(c(c1)Br)OC(=O)*)Br)Br,283.0,tg
*Oc1ccc(NC(=O)c2ccc(Oc3ccc(C(=O)Nc4ccc(*)cc4)c(C(=O)O)c3)cc2C(=O)O)cc1,3.3446,egc
*c1c([nH]c(n1)c1cc(ccc1)c1[nH]c(c(n1)c1ccc(cc1)Oc1ccc(cc1)C(=O)c1ccc(cc1)C(=O)c1ccc(cc1)Oc1ccc(cc1)*)c1ccccc1)c1ccccc1,270.0,tg
*OC(=O)c1cc2c(cc1)cc(cc2)C(=O)OCCCC*,65.5,tg
*CCCCCCCCCCCC(=O)N(*)C,5.8019,egc
*c8ccc(C7(c5ccc(n4c(=O)c3ccc(Oc2ccc1c(=O)n(*)c(=O)c1c2)cc3c4=O)cc5)OC(=O)c6ccccc67)cc8,3.3847,egc
*c1ccc(-c2ccc(-c3ccc(-c4ccc(*)s4)cc3)cc2)cc1,5.39,eps
*SCC*,-5.5,tg
*CCCC(=S)*,3.3942,egc
*OC(=O)C(=O)OCCCCCC*,66.5,tg
*C(=O)Nc1ccc(C2(c3ccc(N4C(=O)c5ccc(*)cc5C4=O)cc3)CCCCC2)cc1,2.8477,egc
*OC(=O)CC(=O)OCCOCC*,-41.5,tg
*CCNc1ccc(*)s1,3.793,egb
*CC(C)(CC)COC(=O)CCCCCCCCC(=O)O*,6.7916,egc
*CCCCCCCCCCOC(=O)CC(=O)O*,6.9598,egc
*CC#CCOC(=O)CCCCCCCCCCC(=O)O*,6.5433,egc
*NC(=O)CCCCCCCCCCCCCCCCC(=O)NCCc1ccc(cc1)CC*,75.0,tg
*Oc1ccc(cc1)CC(NC(=O)CCc1ccc(cc1)OC(=O)CCCC(=O)*)C(=O)OCCCCCCCCCCCC,27.5,tg
*C#Cc1c(F)c(F)c(C#Cc2cc(CCCCCC)c(*)s2)c(F)c1F,2.8156,egc
*c1cc2c(C(=O)N(C2=O)c2cc(ccc2)C(c2cc(ccc2)N2C(=O)c3c(C2=O)cc(cc3)C(=O)*)O)cc1,273.0,tg
*C(C*)(C(=O)OCCCCCCOc1ccc(cc1)OC(=O)c1ccc(cc1)c1ccc(cc1)OC)C,57.0,tg
*CC(*)c1ccc(CCCCCC)cc1,4.9872,egc
*Cc1ccc(C(=O)N*)cc1,5.0419,egc
*C(C*)OC(=O)C(Cl)(Cl)Cl,59.0,tg
*C1COC2C1OCC2OC(=O)OCC1OC(OC1COC(=O)O*)(C)C,95.5,tg
*C(C*)c1ccc(cc1)C(=O)N1CCOCC1,127.0,tg
*C(C*)C(=O)c1ccccc1,57.25,tg
*C=C(*)c1cccc[n+]1CC#C,0.3201,egc
*OC(=O)C(C(=O)OCCOCC*)CCCCCCC,-58.0,tg
*Nc1nc(Nn2c(=O)c3cc4c(=O)n(*)c(=O)c4cc3c2=O)nc(N(CC)CC)n1,2.6124,egc
*N1C(=O)c2c(C1=O)cc(cc2)NC(=O)OCCOc1ccc(cc1)C(c1ccc(cc1)OCCOC(=O)Nc1cc2c(C(=O)N(C2=O)c2cc(ccc2)P(=O)(c2cc(ccc2)*)C)cc1)(C)C,211.0,tg
*Nc1ccc(*)nc1,3.2295,egc
*CC(*)OCCCl,6.0339,egc
*NC(=S)NC(=S)*,2.8537,egc
*COC(=O)O*,3.73,eps
*NC(=O)CCCCC(=O)NCCCP(CCC*)c1ccccc1,49.0,tg
*c1cc2c(C(=O)N(C2=O)C2C(=O)N(C(=O)C2)c2c3c(ccc2)cccc3NC(=O)*)cc1,193.0,tg
*NC(=O)CCCCCCCCCCCCCCCCC(=O)NCCCCCCCC*,36.0,tg
*C(=O)c1ccc(C(=S)c2ccc(*)s2)s1,6.22,eps
*N1C(=O)c2c(C1=O)c(ccc2)Oc1ccc(cc1)Sc1ccc(cc1)Oc1c2c(C(=O)N(C2=O)c2ccc(cc2)Oc2cc(ccc2)Oc2ccc(cc2)*)ccc1,202.0,tg
*CCCCOc1ccc(C=C2CCC(=Cc3ccc(O*)cc3)C2=O)cc1,2.9446,egc
*c1c(F)c(F)c(*)c(F)c1F,5.4728,egc
*Nc1ccc(cc1)Cc1ccc(cc1)NC(=O)c1cc(cc(c1)NC(=O)c1ccncc1)C(=O)*,302.0,tg
*Oc1c(cc(cc1)C1(C2CCC(C1)C2)c1cc(c(cc1)OC(=O)*)C)C,161.0,tg
*c1cc2c(C(=O)N(C2=O)c2ccc(cc2)C(c2ccc(cc2)N2C(=O)c3c(C2=O)cc(cc3)C(*)(C(F)(F)F)C(F)(F)F)(C(F)(F)F)C(F)(F)F)cc1,312.22,tg
*N1C(=O)c2c(C1=O)cc(cc2)C(=O)Oc1ccc(cc1)OC(=O)CCCC*,89.32,tg
*C(C*)c1nc(nc(n1)C)C,70.0,tg
*CC1CCC(COC(=O)NCCSCCCSCCNC(=O)O*)CC1,5.5784,egc
*OC(=O)c1c(ccc(c1)N=Nc1ccc(cc1)OCC)c1c(cc(cc1)N=Nc1ccc(cc1)OCC)C(=O)OCCOCCOCC*,65.0,tg
*c1cc2C(c3c(c2cc1)ccc(c3)C=Cc1cc2C(c3c(c2cc1)ccc(c3)C=C*)(CCCCCCOc1ccc2c(c1)oc(=O)cc2)CCCCCCOc1ccc2c(c1)oc(=O)cc2)(CCCCCC)CCCCCC,115.0,tg
*Oc1ccc(cc1)NC(=C(C#N)C#N)c1ccc(cc1)C(=C(C#N)C#N)Nc1ccc(cc1)*,274.0,tg
*Nc1ccc(cc1)NC(=O)Cc1c(cc(c(c1)CC(=O)*)C)C,208.0,tg
*Nc1c(ccc(c1)NC(=O)c1cc(cc(c1)NC(=O)C(C(CC)C)N1C(=O)c2c(C1=O)cccc2)C(=O)*)C,166.0,tg
*CCCCCCCCCCCC(=O)O*,6.7916,egc
*C(=C*)c1c(cc(cc1C)C(C)(C)C)C,200.0,tg
*OC(C=C)CC(*)=O,6.1885,egc
*CC(*)CCCC1CCCCC1,6.3703,egc
*Oc1ccc(-c2ccc(OC(=O)CCCCCCCCC(*)=O)cc2)cc1,4.5699,egc
*c1[nH]c(nc1c1ccc(cc1)Oc1ccc(cc1)C(=O)c1ccc(cc1)c1ccc(cc1)C(=O)c1ccc(cc1)Oc1ccc(cc1)*)c1ccccc1,258.0,tg
*c1ccc2c3n(c4ccc(cc4n3)Oc3cc4n5c(nc4cc3)c3cccc4c(ccc(c5=O)c34)Oc3ccc(cc3)S(=O)(=O)c3ccc(cc3)O*)c(=O)c3cccc1c23,374.0,tg
*NNC(=O)CCCCC(*)=O,5.6711,egc
*NC(=S)c1ccc(O*)cc1,4.57,eps
*C(C*)P(=O)(c1ccccc1)c1ccccc1,127.5,tg
*c1oc(nn1)c1ccc(cc1)NC(=O)c1cc(cc(c1)N1C(=O)c2c(C1=O)cccc2)*,324.0,tg
*O[Si](O[Si](O[Si](O[Si](c1ccc(cc1)[Si](*)(C)C)(C)C)(C)C)(C)C)(C)C,-72.0,tg
*Oc1ccc(C(c2ccccc2)(c2ccccc2)c2ccc(OC(=O)CCCCCCCCC(*)=O)cc2)cc1,4.7541,egc
*C(C*)(CC(=O)OCCc1ccccc1)C(=O)OCCc1ccccc1,35.0,tg
*Oc1ccc(OC(*)=O)s1,1.8728,nc
*Cc1ccc(-c2ccc(N*)cc2)cc1,1.1363,eea
*Sc1ccc(cc1)Nc1ccc(cc1)*,145.0,tg
*N=P(*)(Oc1ccc(cc1)C(C)C)Oc1ccc(cc1)C(C)C,0.0,tg
*C(C*)c1ccc(cc1)C(=NO)C,134.0,tg
*OC(=O)CCCCCCCCC(=O)OC/C=C\C*,-41.0,tg
*c1c2C(=O)N(C(=O)c2c(c2ccccc12)c1ccc(cc1)Oc1ccc(cc1)S(=O)(=O)c1ccc(cc1)Oc1ccc(cc1)*)c1c(cccc1)c1ccccc1,278.0,tg
*Cc1ccc(Nc2ccc(*)s2)cc1,5.4067,ei
*Oc1cc(ccc1)C(C(C(c1cc(ccc1)OC(=O)c1cc(ccc1)C(C(C(c1cc(ccc1)C(=O)*)(F)F)(F)F)(F)F)(F)F)(F)F)(F)F,74.0,tg
*C(C(CCCCCC*)Cl)Cl,-18.0,tg
*[Si](CC=CC*)(C=C)C=C,-65.0,tg
*C1COC2C1OCC2OC(=O)OCCCCCCCCOC(=O)O*,19.5,tg
*Oc1ccc(cc1)c1ccc(cc1)OC(*)(Oc1ccccc1)Oc1ccccc1,112.0,tg
*CC(CO*)(CSCC)CSCC,4.7171,egc
*OC(F)(F)NC(*)(F)F,4.04,eps
*CC(*)C,6.185,ei
*Oc1c(cc(cc1C)C(c1cc(c(c(c1)C)OC(=O)*)C)(C)C)C,193.62,tg
*CC(=O)c1ccc(C(*)=O)s1,3.1941,eea
*Oc1ccc(cc1)C(c1ccc(cc1)OC(=O)*)C(C)C,149.0,tg
*C(=S)C(=O)C(F)(F)C(*)(F)F,7.0732,ei
*C(=O)c1ccc(-c2ccc(-c3ccc(*)cc3)cc2)cc1,4.43,eps
*N1C(=O)c2c(C1=O)cc(cc2)Oc1cc(ccc1)Oc1cc2c(C(=O)N(C2=O)c2ccc(cc2)Oc2ccc(cc2)C(=O)c2ccc(cc2)Oc2ccc(cc2)*)cc1,201.0,tg
*Nc1cc(ccc1)NC(=O)Nc1ccc(cc1)Cc1ccc(cc1)NC(=O)*,132.0,tg
*C(C*)(CC(=O)Oc1ccc(cc1)OCCCCC)C(=O)Oc1ccc(cc1)OCCCCC,73.5,tg
*Oc1c(c(c(c(c1F)F)S(=O)(=O)c1c(c(c(c(c1F)F)Oc1ccc(cc1)C(c1ccc(cc1)*)(C(F)(F)F)C(F)(F)F)F)F)F)F,182.0,tg
*C1=CC2=CC(*)=NC2=N1,1.0627,egc
*c1cc2c(C(=O)N(C2=O)c2c(cc(cc2C)c2c(cc(c(c2)C)c2cc(c(c(c2)C)N2C(=O)c3c(C2=O)cc(cc3)C(*)(C(F)(F)F)C(F)(F)F)C)C)C)cc1,361.0,tg
*OC1C(CO)OC(*)C(O)C1O,7.4757,egb
*C(=O)c1ccc(-c2ccc(-c3ccc(*)s3)s2)cc1,2.775,eea
*Nc1ccc(Oc2ccc(*)cc2)cc1,4.8032,ei
*Cc1ccc(-c2ccc(-c3ccc(*)s3)cc2)s1,3.91,eps
*c1sc(nn1)c1ccc(cc1)OCCCCCCCCCCCOC(=O)CCCCCCCCC(=O)OCCCCCCCCCCCOc1ccc(cc1)*,52.0,tg
*C(C*)(C(=O)OCCCCCCCCCCCn1c2ccccc2c2ccccc12)C,6.0,tg
*C(=O)c1ccc(C(=O)C(*)=S)cc1,3.783,eea
*CCCCCOCO*,1.6043,nc
*Oc1ccc(cc1)Oc1ccc(cc1)C(=O)c1ccc(cc1)NC(=O)c1ccc(cc1)C(=O)Nc1ccc(cc1)C(=O)c1ccc(cc1)*,224.0,tg
*Oc1cc(ccc1)NC(=O)c1ccc(cc1)C(=O)Nc1ccc(cc1)*,280.0,tg
*N1C(=O)c2c(C1=O)cc(cc2)Oc1cc2c(C(=O)N(C2=O)c2ccc(cc2)Oc2cc3c(cc2Oc2ccc(cc2)*)cccc3)cc1,254.17,tg
*Oc1ccc(cc1)Oc1ccc(cc1)NC(=O)c1ccc(cc1)Oc1c(cc(cc1)Oc1ccc(cc1)C(=O)Nc1ccc(cc1)*)C,200.0,tg
*Oc1ccc(cc1)S(=O)(=O)c1ccc(cc1)Oc1ccc(cc1)C(c1ccc(cc1)*)c1c(cccc1)C(=O)O,223.0,tg
*OC(=O)c1cc(ccc1)C(=O)*,130.0,tg
*C1OC(C(C(C1O)O)O*)CO,144.0,tg
*C(C*)(C(=O)OCCN(c1ccc(cc1)N=Nc1ccc(cc1)C#N)CC)C,116.25,tg
*Oc1ccc(-c2ccc(-c3ccc(*)s3)s2)s1,2.2729,nc
*Oc1ccc(cc1)OC(=O)c1c(cc(cc1)C(=O)*)Oc1ccc(cc1)C1CCCCC1,113.0,tg
*Oc1c(cc(cc1)C(c1cc(c(cc1)OC(=O)c1ccc(cc1)C(=O)*)C(C)C)(C)C)C(C)C,130.0,tg
*NNC(=O)c1c(cc(cc1)C(=O)*)OCCCCC,234.0,tg
*CCCCCCCCCCOCCCCCCCCCCOCCCCCCO*,6.1357,egc
*N1C(=O)C(=C(C1=O)c1ccccc1)c1ccc(cc1)C1=C(C(=O)N(C1=O)c1ccc(cc1)Oc1ccc(cc1)Oc1ccc(cc1)*)c1ccccc1,249.0,tg
*Oc1c(cc(cc1)Oc1ccc(cc1)C(=O)Nc1ccc(cc1)Oc1ccc(cc1)S(=O)(=O)c1ccc(cc1)Oc1ccc(cc1)NC(=O)c1ccc(cc1)*)c1ccccc1,231.0,tg
*OP(=O)(Oc1ccc(cc1)S(=O)(=O)c1ccc(cc1)*)Oc1ccc(cc1)C,66.0,tg
*C(C*)c1ccccc1,92.74,tg
*c1ccc(cc1)c1c(cc(c(c1c1ccccc1)c1ccccc1)c1ccc(cc1)c1c(c(c(c(c1)c1ccccc1)c1ccc(cc1)CCCCCCCCCCCCCC*)c1ccccc1)c1ccccc1)c1ccccc1,185.0,tg
*C(C*)(C(=O)OC)C#N,130.0,tg
*CCCCCCCc1nnc(*)o1,6.3125,egc
*Nc1ccc(*)cc1C(C)CC,3.553,egc
*CC(*)C,2.61,eps
*Nc1cc(cc(c1)C(=O)Nc1c2C(=O)c3c(C(=O)c2ccc1)cccc3)NC(=O)Nc1ccc(cc1)Cc1ccc(cc1)NC(=O)*,178.0,tg
*Nc1ccc(NC(=O)NC(=O)NC(*)=O)s1,3.2632,egb
*N1C(=O)c2c(C1=O)cc(cc2)[Si](O[Si](c1cc2c(C(=O)N(C2=O)c2cc(ccc2)Cc2cc(ccc2)*)cc1)(C)C)(C)C,217.0,tg
*N1C(=O)c2c(C1=O)c(ccc2)Oc1c(cc(cc1C)Cc1cc(c(c(c1)C)Oc1c2c(C(=O)N(C2=O)c2ccc(cc2)Oc2ccc(cc2)c2ccc(cc2)Oc2ccc(cc2)*)ccc1)C)C,259.0,tg
*Oc1ccc(cc1)C(=O)OCCCCCCCOC(=O)c1ccc(cc1)OC(=O)c1ccc(cc1)C(=O)*,65.0,tg
*c1ccc(C(=O)C(F)(F)C(*)(F)F)s1,3.93,eps
*CCC(C)CO*,6.1714,egc
*CCCc1ccc(*)cc1,0.9937,eea
*CCC([2H])C(*)([2H])C,6.8414,egc
*Oc1ccc(C(=S)c2ccc(*)cc2)cc1,3.1315,eea
*C(C*)C(=O)OCCN(C)C,-39.0,tg
*C(C*)c1ccc(cc1)c1c2ccccc2cc2ccccc12,270.0,tg
*Oc1cc(c(cc1)N=Cc1ccc(cc1)C=Nc1c(cc(cc1)OCCCCCCCCCC*)C)C,77.6,tg
*N(CC(C*)O)c1ccc(cc1)N=Nc1c(cc(cc1)[N+](=O)[O-])C,156.0,tg
*NC(=O)C(C(C(=O)NCCCCCCCCC*)OC)OC,84.0,tg
*C(=C*)C(C)(C)C,200.0,tg
*CCCCOC(=O)NCCSCCSCCNC(=O)O*,5.7445,egc
*Nc1ccc(-c2ccc(NC3=CC(=O)C(*)=CC3=O)cc2)cc1,2.1114,egc
*CNC(=O)ONC(=O)NO*,5.9707,egb
*N1C(=O)c2c(C1=O)cc(cc2)Oc1cc2c(C(=O)N(C2=O)c2cc(ccc2)Oc2cc(ccc2)Oc2cc(ccc2)*)cc1,189.33,tg
*C(C*)(C(=O)OCCc1ccc(cc1)N=Nc1ccccc1)C,80.0,tg
*C(=O)c1ccc(-c2ccc(C(*)=S)cc2)cc1,6.1599,ei
*Oc1c(cc(cc1)OC(=O)c1c(cc(cc1)C(=O)*)Sc1ccccc1)c1ccccc1,130.0,tg
*OC(COC(=O)c1cc(ccc1)C(=O)*)COc1ccc(cc1)N=Nc1ccc(cc1)C#N,119.0,tg
*Nc1ccc(Br)cc1-c1ccc(NC(=O)c2ccc(C(*)=O)cc2)cc1,3.4431,egc
*N(CC(C*)O)c1cc(c(c(c1)C)N=Nc1ccc(cc1)Cl)C,150.0,tg
*[Si](CCC*)(O[Si](CCCOc1ccc(cc1)C(=O)Oc1ccc(cc1)c1ccc(cc1)C#N)(C)C)C,10.1,tg
*c1c(nc2c(n1)cc(cc2)S(=O)(=O)c1cc2c(nc(c(n2)c2ccc(cc2)Oc2ccc(cc2)*)c2ccccc2)cc1)c1ccccc1,271.0,tg
*c1cc2c(s1)-c1sc(*)cc1C2CCCCCCN,2.6725,egc
*c1cc(CCN(CC)c2ccc(N=Nc3ccc(C=C(C#N)C#N)cc3)cc2)c(*)s1,1.3795,egc
*C(C*)(C(=O)OCc1c(cc(cc1)F)F)C,46.0,tg
*c1cc(*)cc(C23CC4CC(CC(C4)C2)C3)c1,4.4178,egc
*C=CC1=C(O)C(O)=C(*)C1,1.3796,egc
*C(*)(F)F,7.2027,egc
*ON(C(F)(F)F)C(F)(F)C(*)(F)F,7.1742,egc
*OC1CCC(OC(=O)OCCCCCOC(*)=O)CC1,7.0367,egc
*OCCCCSSCCCC*,-76.0,tg
*NC(=O)C(=S)c1ccc(*)s1,3.9034,eea
*Nc1ccc(cc1)Cc1ccc(cc1)NC(=O)c1cc(cc(c1)N1C(=O)C=CC1=O)C(=O)*,287.0,tg
*C(C*)(C(=O)OCCCCCC(=O)Oc1ccc(cc1)OC(=O)c1ccc(cc1)OCCCC)C,40.0,tg
*CCCCCCCCCCCCCCCCCCCCOC(=O)CCCCSCCCCC(=O)O*,5.0235,egc
*OC(COC(=O)c1cc(cc(c1)C(C)(C)C)C(=O)*)COc1ccc(cc1)N=Nc1ccc(cc1)C#N,137.0,tg
*N1C(=O)c2c(C1=O)cc(cc2)c1cc2c(C(=O)N(C2=O)c2ccc(cc2)*)cc1,372.08,tg
*C(C*)(C(=O)OCCC(C(C(C(F)(F)F)(F)F)(F)F)(F)F)C,23.0,tg
*Oc1ccc(cc1)C(=Nc1ccc(cc1)N=C(c1ccc(cc1)Oc1ccc(cc1)C(c1ccc(cc1)*)(C)C)c1ccccc1)c1ccccc1,161.0,tg
*Oc1cc(ccc1)OCC(COc1ccc(cc1)S(=O)(=O)c1ccc(cc1)OCC(C*)O)O,105.0,tg
*c1ccc(OC(=S)c2ccc(*)s2)cc1,5.9615,ei
*CC(=S)c1ccc(O*)s1,5.64,eps
*C=CC1CC(*)C2C(=O)N(c3cccc(C)c3)C(=O)C12,4.9512,egc
*Oc1ccc(cc1)S(=O)(=O)c1ccc(cc1)Oc1ccc(cc1)C(c1ccc(cc1)*)(c1ccc(cc1)O)C,219.29,tg
*CNc1ccc(N*)cc1,1.8632,nc
*c1cc2c(s1)-c1sc(*)cc1C2(CCCCCC)CCCCCC[N+](C)(C)C,0.0751,egc
*C(=O)C1CC(OC(C)=O)CN1*,4.1614,egc
*C(C*)C(=O)OCC(COC(=O)c1ccccc1)(COC(=O)c1ccccc1)COC(=O)c1ccccc1,48.0,tg
*C(=O)OC1CCC(OC(=O)N2CCN(*)CC2)CC1,5.8355,egc
*Nc1ccc(Cc2ccc(NC(=O)c3cc(C(*)=O)cc(N4C(=O)C=CC4=O)c3)cc2)cc1,2.1937,egc
*C(=O)c1ccc2nc(-c3ccccc3)c(-c3ccc(-c4nc5ccc(*)cc5nc4-c4ccccc4)cc3)nc2c1,3.1886,egc
*C1C(=O)OC(=O)C1C(C*)OCC,146.0,tg
*CC(*)C(=O)OCC(F)(F)C(F)C(F)(F)F,6.8499,egc
*CC(=O)c1ccc(-c2ccc(*)cc2)cc1,3.0649,egb
*N1C(=O)c2c(C1=O)cc(cc2)Oc1c(cc(cc1C)C(c1cc(c(c(c1)C)Oc1cc2c(C(=O)N(C2=O)c2ccc(cc2)Oc2c(cc(cc2)Oc2ccc(cc2)*)C(C)(C)C)cc1)C)(C)C)C,244.0,tg
*CCCCCCCOC(=O)NCCCCCCNC(=O)O*,6.2664,egc
*Nc1ccc(-c2ccc(C(*)=S)cc2)s1,2.3796,egb
*C(C*)(C(=O)OCCn1c2ccccc2c2ccccc12)C,145.33,tg
*CC(*)(C)C(=O)OCCCCn1c2ccccc2c2ccccc21,3.7637,egc
*C1C(C(C(C1)(O)C(F)(F)F)(F)F)(C(C*)(F)F)F,152.0,tg
*Oc1c(c(c(c(c1F)F)COC(c1cc(ccc1)C(OCc1c(c(c(c(c1F)F)Oc1ccc(cc1)Cc1ccc(cc1)*)F)F)(C(F)(F)F)C(F)(F)F)(C(F)(F)F)C(F)(F)F)F)F,94.0,tg
*OC1CCC(CC1)OC(=O)CCCCC(=O)*,77.8,tg
*COc1ccc(C(=O)OC(=O)c2ccc(O*)cc2)cc1,4.3746,egc
*N1C(=O)c2c(C1=O)cc(cc2)S(=O)(=O)c1cc2c(C(=O)N(C2=O)CCCCCCOC(=O)CCCCCCCCC(=O)OCCCCCC*)cc1,72.0,tg
*C(C*)C(=O)OCC(C(C(C(F)(F)F)(F)F)(F)F)(F)F,-37.0,tg
*SCCCCC(=O)NCc1ccc(cc1)CNC(=O)CCCC*,70.0,tg
*Nc6ccc(c5ccc(NC(=O)c4ccc(C3(c1ccc(C(*)=O)cc1)OC(=O)c2ccccc23)cc4)cc5)cc6,3.2864,egc
*CCCP(CCCNC(=O)CCCCC(=O)N*)CC(C)C,5.1348,egc
*Nc1ccc(NC(=S)NC(=O)c2cccc(C(=O)NC(*)=S)c2)cc1,3.3129,egc
*C(=O)c1ccc2nc(-c3ccccc3)c(-c3ccc(-c4nc5cc(*)ccc5nc4-c4ccccc4)cc3)nc2c1,3.2924,egc
*CCC1CC(*)C2CCCC12,7.4997,egb
*CNC(=O)C(*)=S,4.0732,eea
*c1cc2c(C(=O)N(C2=O)c2cc(ccc2)P(=O)(c2cc(ccc2)N2C(=O)c3c(C2=O)cc(cc3)C(*)(C(F)(F)F)C(F)(F)F)c2ccc(cc2)Oc2ccc(cc2)C23CC4CC(CC(C2)C4)C3)cc1,298.0,tg
*c1ccc(cc1)C(C(*)(C(=O)OCC(C)C)C#N)(C(=O)OCC(C)C)C#N,108.0,tg
*C(C*)(c1ccc(cc1)C#N)C,238.75,tg
*c1ccc2c(c1)c1cc(*)ccc1n2CC1CO1,3.2508,egc
*c1cc(SCCCCCC)c(*)s1,1.6201,egc
*NC(CSSCc1ccccc1)C(*)=O,4.9511,egc
*NC(=O)NC(*)=S,7.159,ei
*OP(=O)(OCCCCOc1c(cc(cc1)C=C1C(=O)C(=Cc2cc(c(cc2)OCCCC*)OC)CC1)OC)OCC,79.0,tg
*Sc1ccc(*)cc1,3.1848,egb
*NOC(=O)NCC(=O)NC(*)=O,8.0693,ei
*C(C*)(C(=O)NC(=O)OC(COc1ccc(cc1)S(=O)(=O)c1ccc(cc1)OCC(O)C)C)C,73.0,tg
*CCCCCCNC(=O)CCP(=O)(CCC(=O)N*)c1ccccc1,4.8862,egc
*[Si](CCC*)(CCC[Si](C)(C)C)C,-46.0,tg
*CNCCCOCO*,3.54,eps
*[Si](CCC*)(C[Si](c1ccccc1)(C)C)C[Si](c1ccccc1)(C)C,-36.0,tg
*Cc1ccc(C(=O)O*)cc1,1.8426,nc
*c1sc(*)c2c1OCC(CCCCCCCCCCCC)O2,1.9291,egc
*OCC(F)(F)C(*)(F)F,9.8385,ei
*N1C(=O)c2c(C1=O)c(c(c(c2c1ccccc1)c1ccccc1)c1ccc(cc1)Oc1ccc(cc1)c1c(c2c(C(=O)N(C2=O)c2ccc(cc2)c2ccc(cc2)*)c(c1c1ccccc1)c1ccccc1)c1ccccc1)c1ccccc1,399.0,tg
*Nc1cc(cc(c1)c1oc(nn1)c1ncccc1)NC(=O)c1ccc(cc1)C(=O)*,230.0,tg
*CC(=O)C(S1)=CC=C1C(=O)*,4.0034,egc
*CNCO*,6.9282,egb
*NC(=O)c1c(cc(cc1)C(=O)NCCCCCCCCCC*)Sc1ccccc1,100.0,tg
*C(C*)(C(=O)OCCCCCCOc1ccc(cc1)C(=O)Oc1ccc(cc1)c1cc(ccc1)OC(=O)c1ccc(cc1)OC(=O)c1ccc(cc1)OCCCCCCCCCCCC)C,73.0,tg
*Oc1c(cc(cc1OC)/C=C/c1ccc(cc1)/C=C/c1cc(c(c(c1)OC)OCCCCCCCC*)OC)OC,80.9,tg
*CC(=O)NC(C=C1)=CC=C1*,4.5889,egc
*N1C(=O)c2c(C1=O)cc(cc2)c1ccc(cc1)c1cc2c(C(=O)N(C2=O)CCCCCCOC(=O)c2cc(cc(c2)OCCCCCCOc2ccc(cc2)N=Nc2ccc(cc2)C#N)C(=O)OCCCCCC*)cc1,67.0,tg
*OC(=O)C(NC(=O)CCCCC(=O)NC(C(=O)OCC=CC*)Cc1ccccc1)Cc1ccccc1,61.0,tg
*C=CC(C)C(*)C(=O)OCC(C)C,5.4659,egc
*N1C(=O)c2c(C1=O)cc(cc2)S(=O)(=O)c1cc2c(C(=O)N(C2=O)c2ccc(cc2)C(c2ccc(cc2)*)c2ccccc2)cc1,305.0,tg
*c1nc(C)nc(N(CCCCN(*)c2ccccc2)c2ccccc2)n1,3.7879,egc
*O[Si](CC[Si](*)(O[Si](C)(C)C)C)(C)C,-89.0,tg
*c1cc2c(C(=O)N(C2=O)c2ccc(cc2)c2sc(c(c2c2ccccc2)c2ccccc2)c2ccc(cc2)N2C(=O)c3c(C2=O)cc(cc3)C(=O)Nc2ccc(cc2)S(=O)(=O)c2ccc(cc2)NC(=O)*)cc1,340.0,tg
*c1cc2c(C(=O)N(C2=O)c2cc(cc(c2)c2oc(nn2)c2ncccc2)N2C(=O)c3c(C2=O)cc(cc3)C(=O)Nc2cc(ccc2)S(=O)(=O)c2cc(ccc2)NC(=O)*)cc1,173.0,tg
*N(C(=O)CCCC(=O)N(CCCCCC*)C)C,3.0,tg
*N1C(=O)c2c(C1=O)cc(cc2)c1ccc(cc1)c1cc2c(C(=O)N(C2=O)CCCCCC*)cc1,141.0,tg
*N1C(=O)c2c(C1=O)cc(cc2)C(=O)Oc1ccc(cc1)c1ccc(cc1)OC(=O)CCCCCC*,107.0,tg
*COCOCCCO*,7.1737,egb
*Oc1ccc(cc1)OCC(COC(=O)CCCCC(=O)OCC(C*)O)O,19.0,tg
*c1cc2c(C(=O)N(C2=O)c2cc(ccc2)NC(=O)c2cc(ccc2)C(=O)Nc2cc(ccc2)N2C(=O)c3c(C2=O)cc(cc3)C(=O)*)cc1,204.0,tg
*CC(=O)c1ccc(O*)s1,2.4711,eea
*C(C*)(C(=O)OC(C)C)C#N,66.0,tg
*OC(=O)c1c(cccc1)C(=O)OCCCS(=O)(=O)CCCCS(=O)(=O)CCC*,49.0,tg
*C(C*)(C(=O)OC(C)C)C,72.71,tg
*Oc1ccc2nc3oc4cc5oc6c7c(cn6ccc5on4cnc3c12)nc1c(*)ccccc17,1.4158,egc
*C(C*)(C(=O)OCC1(COCOC1)C)C,142.0,tg
*OCC(C*)(COCCOCCOCCOC)C,-18.0,tg
*CNCCNC(=O)OC*,3.67,eps
*c1cc2c(C(=O)N(C2=O)c2ccc(cc2)c2sc(c(c2c2ccccc2)c2ccccc2)c2ccc(cc2)N2C(=O)c3c(C2=O)cc(cc3)C(=O)Nc2cc(ccc2)NC(=O)*)cc1,334.0,tg
*c1cc2c(C(=O)N(C2=O)c2ccc(cc2)C(=O)Nc2ccc(cc2)NC(=O)*)cc1,297.5,tg
*COCOc1ccc(C(=O)OC(=O)c2ccc(O*)cc2)cc1,4.4493,egc
*O[Si](c1ccc(cc1)[Si](O[SiH](*)C)(C)C)(C)C,-70.33,tg
*c1sc(cc1)c1sc(cc1)c1sc(cc1)[Si]([Si](*)(C)C)(C)C,45.0,tg
*Sc1ccc(*)cc1,6.1739,ei
*Oc1ccc(cc1)C(=O)Nc1cc(cc(c1)c1nc2c([nH]1)cccc2)NC(=O)c1ccc(cc1)*,335.0,tg
*c1nc2c(nc1c1ccc(cc1)Oc1ccc(cc1)Oc1ccc(cc1)P(=O)(c1ccc(cc1)Oc1ccc(cc1)Oc1ccc(cc1)*)c1ccccc1)cccc2,209.0,tg
*OC(C(=O)*)C,53.36,tg
*c1cc2c(C(=O)N(C2=O)c2ccc(cc2)Oc2ccc(cc2)C2(C3C4C(CCC4)C(C2)C3)c2ccc(cc2)Oc2ccc(cc2)N2C(=O)c3c(C2=O)cc(cc3)C(=O)Nc2ccc(cc2)Oc2c(cc(cc2C)C(c2cc(c(c(c2)C)Oc2ccc(cc2)NC(=O)*)C)(C)C)C)cc1,276.0,tg
*NC(=O)Cc1ccc(cc1)CC(=O)NCCCCCCCCCCCCCCCCCC*,78.0,tg
*C(C(CC*)(F)F)(F)F,-108.0,tg
*OP(=O)(Oc1ccc(cc1)S(=O)(=O)c1ccc(cc1)*)Oc1ccccc1,100.5,tg
*C(C*)c1c(ccc(c1)C(=O)Oc1ccc(cc1)OCC)C(=O)Oc1ccc(cc1)OCC,112.0,tg
*C(C*)(C(=O)OCCCCC(C(C(C(C(C(F)(F)F)(F)F)(F)F)(F)F)(F)F)(F)F)C,23.0,tg
*C(=O)Nc1ccc(C2(c3ccc(N4C(=O)c5ccc(*)cc5C4=O)cc3)CCC(CC)CC2)cc1,2.9185,egc
*N1C(CN(C(C1)C)C(=O)CCCCCCCCC(=O)*)C,-60.5,tg
*C(C*)(C(=O)OC1(C2CC3CC(CC1C3)C2)C)C,165.0,tg
*C(C*)C(=O)OCF,15.0,tg
*C=Cc1cc(OC)c(C=Cc2ccc(*)s2)cc1OC,1.7107,egc
*c1cc2c(C(=O)N(C2=O)c2ccc(cc2)C(=O)Nc2ccc(cc2)C(=O)OCCCCCCCCCCOC(=O)*)cc1,102.0,tg
*c1cc2c(C(=O)N(C2=O)c2c(cccc2)Oc2ccc(cc2)N2C(=O)c3c(C2=O)cc(cc3)C(=O)*)cc1,286.0,tg
*OP(=O)(Oc1ccc(cc1)S(=O)(=O)c1ccc(cc1)*)Oc1ccc(cc1)Br,89.0,tg
*N1C(=O)c2c(C1=O)cc(cc2)Oc1c2c(ccc1)c(ccc2)Oc1cc2c(C(=O)N(C2=O)c2ccc(cc2)C(c2ccc(cc2)C(c2ccc(cc2)*)(C)C)(C)C)cc1,253.0,tg
*N1C(=O)C2C(C1=O)C(Cc1ccccc21)C1C(=O)N(C(=O)C1)c1cc(cc(c1)C(=O)OC)*,249.43,tg
*S(=O)(=O)NCCCCCCNC(=O)C(*)(F)F,51.0,tg
*CCCCCCC(=O)N*,3.34,eps
*C1C2CC(C(C1*)C2)C(=O)OCCc1ccc(cc1)N(c1ccccc1)c1ccccc1,307.0,tg
*N1C(=O)c2c(C1=O)cc(cc2)C(=O)Oc1ccc(cc1)c1ccc(cc1)OC(=O)c1cc2c(C(=O)N(C2=O)CCCCCCCCCCC*)cc1,97.0,tg
*N1C(=O)c2c(C1=O)cc(cc2)C(=O)c1cc2c(C(=O)N(C2=O)CC2CC(CCC2)C*)cc1,213.0,tg
*C(=O)c1ccc2c(c1)C(=O)N(c1ccc(Oc3cccc(Oc4ccc(N5C(=O)c6ccc(*)cc6C5=O)cc4)c3)cc1)C2=O,2.514,egc
*CC(*)(F)C(=O)OCCC(F)(F)C(F)(F)C(F)(F)C(F)(F)C(F)(F)C(F)(F)C(F)(F)C(F)(F)F,6.6046,egc
*N1C(=O)C(CC1=O)SCCOCCSC1C(=O)N(C(=O)C1)c1ccc(cc1)C(=O)Oc1ccc(cc1)OC(=O)c1ccc(cc1)*,166.0,tg
*c1ccc(-c2cnc3ccc(S(=O)(=O)c4ccc5ncc(*)nc5c4)cc3n2)cc1,3.2952,egc
*c1c2C(=O)N(C(=O)c2c(c2ccccc12)c1ccc(cc1)Oc1ccc(cc1)C(=O)c1cc(ccc1)C(=O)c1ccc(cc1)Oc1ccc(cc1)*)c1ccc(cc1)F,243.0,tg
*CCCCCCC(Cl)C(*)Cl,6.7965,egb
*OC(=O)Nc1ccc(cc1)Cc1ccc(cc1)NC(=O)OCCCCCC*,71.0,tg
*NC1CC(C)(C)CC(C)(CNC(=O)CCCCC(*)=O)C1,5.6216,egc
*NC(=O)c1cc(ccc1)C(=O)NCc1cc(cc(c1)C(C)(C)C)C*,188.0,tg
*CCCCOC(=O)SC(=O)O*,5.9582,egc
*OP(=O)(Oc1ccccc1)Oc1c(Cl)c(Cl)c(*)c(Cl)c1Cl,4.5449,egc
*C(C*)(C(=O)OCC(C(C(C(F)F)(F)F)(F)F)(F)F)C,36.67,tg
*OC(=O)CCCCCCCCC(=O)OCCCC*,-64.4,tg
*CCCCCCCCCNC(=O)NCCCCCCCNC(=O)N*,5.422,egc
*c1cc2c(C(=O)N(C2=O)c2ccc(cc2)N2C(=O)c3c(C2=O)cc(cc3)C(=O)Nc2ccc(cc2)Oc2c(cccc2)c2c(cccc2)Oc2ccc(cc2)NC(=O)*)cc1,268.0,tg
*Oc1c(cc(cc1)OC(=O)c1ccc(cc1)C(=O)*)C1CCCCCCC1,213.0,tg
*C(c1ccccc1)C(*)(C#N)C#N,2.7551,egc
*S(=O)(=O)c1ccc(cc1)C(=O)c1ccc(cc1)C(=O)c1ccc(cc1)*,213.5,tg
*Oc1c(cc(c(c1)C(C)(C)C)Oc1ccc(cc1)C(=O)Nc1c(cc(cc1C)C(c1cc(c(c(c1)C)NC(=O)c1ccc(cc1)*)C)(C)C)C)C(C)(C)C,295.0,tg
*CC(F)(F)C(F)(F)C(F)(F)COC(=O)CSCSCC(=O)O*,5.1865,egc
*CC(=S)c1ccc(C(*)=S)cc1,2.9742,eea
*NC(=O)c1c(cc(cc1)C(=O)NCCCCCCCC*)Oc1ccccc1,96.0,tg
*C1=CC(=C(C#N)C#N)C=C(O1)C=Cc1sc(cc1)c1ccc(cc1)C(=Cc1cc2C(c3c(c2cc1)ccc(c3)C=C(c1ccc(cc1)c1sc(cc1)C=C*)C#N)(CC)CC)C#N,144.0,tg
*c1cc2c(C(=O)N(C2=O)c2cc(ccc2)P(=O)(c2cc(ccc2)N2C(=O)c3c(C2=O)cc(cc3)C(=O)Nc2ccc(cc2)Cc2ccc(cc2)NC(=O)*)c2ccccc2)cc1,233.0,tg
*CC(C)O*,5.7517,egc
*C(=O)C(F)(F)CC(*)(F)F,8.1829,ei
*N1C(=O)c2c(C1=O)c(ccc2)Oc1ccc(cc1)C(=O)c1ccc(cc1)Oc1c2c(C(=O)N(C2=O)c2ccc(cc2)Oc2cc(ccc2)Oc2ccc(cc2)*)ccc1,216.0,tg
*CCCCCCNC(=O)CCP(C)(=O)CCC(=O)N*,5.99,egc
*NC(CCCNC(=O)c1ccc(F)cc1)C(*)=O,4.7549,egc
*OC(=O)c1cc(ccc1)C(=O)OCCCC*,19.1,tg
*C(C*)C(=O)Oc1ccc(cc1)c1ccccc1,105.0,tg
*N(CCNC(=O)c1ccc(cc1)[Si](c1ccc(cc1)C(=O)NCC*)(C)C)c1ccc(cc1)/C=C/c1ccc(cc1)[N+](=O)[O-],157.5,tg
*OC(=O)c1cc(ccc1)C(=O)OCCCCC*,7.0,tg
*Oc1ccc(cc1)C(c1ccc(cc1)OC(=O)OCCN(CCOC(=O)*)c1ccccc1)(C)C,70.0,tg
*N1C(=O)c2c(C1=O)cc(cc2)Oc1ccc(cc1)C(c1ccc(cc1)Oc1cc2c(C(=O)N(C2=O)c2ccc(cc2)Oc2ccc(cc2)c2ccc(cc2)Oc2ccc(cc2)*)cc1)(C(F)(F)F)C(F)(F)F,217.0,tg
*Cc1ccc(COC(=O)CCCCCCCCCCCCCCCCCCC(=O)O*)cc1,5.5452,egc
*Nc1c(cccc1)c1ccc(cc1)NC(=O)c1ccc(cc1)C(=O)*,263.0,tg
*C(C*)(c1ccc(cc1)C(C)C)C,134.91,tg
*Oc1ccc(cc1)C(=O)c1ccc(cc1)C(=O)c1ccc(cc1)Oc1ccc(cc1)Cc1ccc(cc1)*,120.0,tg
*CCCCCCn1c(=O)c2cc3c(=O)n(*)c(=O)c3cc2c1=O,3.8389,egc
*c1cc2c(C(=O)N(C2=O)c2cc(ccc2)Oc2ccc(cc2)N2C(=O)c3c(C2=O)cc(cc3)C(=O)Nc2ccc(cc2)Oc2ccc(cc2)C(c2ccc(cc2)Oc2ccc(cc2)NC(=O)*)(C)C)cc1,207.0,tg
*CNCC(*)=O,6.367,ei
*Oc1ccc(Cc2ccc(*)cc2)cc1,4.3787,egb
*C=CC(C*)COCC(=O)OCCCCCCCCOc1ccc(cc1)C=Cc1ccc(cc1)[N+](=O)[O-],19.6,tg
*c1cccc(N2CC(=O)N(*)CC2=O)c1,5.0572,egc
*Oc1ccc(C(=O)Nc2ccc(S(=O)(=O)c3ccc(NC(=O)c4ccc(Oc5nc(*)nc(Sc6ccccc6)n5)cc4)cc3)cc2)cc1,3.8673,egc
*CCCCCCN(CC)C(=O)CCCCCCCCCCCCCCCCC(=O)N(*)CC,5.5078,egc
*Nc1cc(cc(c1)C(=O)Nc1ccc2C(=O)c3c(C(=O)c2c1)cccc3)NC(=O)Nc1ccc(cc1)NC(=O)*,184.0,tg
*c1sc(cc1CCCCCCCCCCCCCC)c1sc(c(c1)CCCCCCCCCCCCCC)c1c2c(ccccc2)c(c1)*,-10.0,tg
*Oc1ccc(-c2ccc(-c3ccc(*)s3)s2)s1,4.7769,ei
*NC(=O)C(=O)NCCCCCC*,250.0,tg
*C#Cc1cc(OCC(CC)CCCC)c(C#Cc2cc(OCCNCCCC)c(*)cc2OCCNCCCC)cc1OCC(CC)CCCC,2.9566,egc
*Oc1c2c(ccc1)ccc(c2)Oc1ccc(cc1)NC(=O)c1ccc(cc1)S(=O)(=O)c1ccc(cc1)C(=O)Nc1ccc(cc1)*,259.0,tg
*C(C*)C(=O)OCCCCCCOc1ccc(cc1)N=Nc1ccc(cc1)[N+](=O)[O-],35.8,tg
*c1c(C)cc(-c2cc(C)c(N3C(=O)c4ccc(-c5ccc6c(c5)C(=O)N(*)C6=O)cc4C3=O)c(C)c2)cc1C,2.8885,egc
*COc1ccc(O*)cc1,3.8,eps
*CCCCCCNC(=O)CCCC(=O)O*,5.9363,egc
*c1cc2c(C(=O)N(C2=O)c2ccc(cc2)C(=O)OCCCCCCCCCCCCCCCCCCCCCCOC(=O)*)cc1,44.0,tg
*C(C*)c1ccc(cc1)C(=O)N1CCCCC1,114.0,tg
*CCOC(=S)NC(=S)c1ccc(N*)cc1,2.6209,eea
*N1C(=O)c2c(C1=O)cc(cc2)c1cc2c(C(=O)N(C2=O)c2cc(c(c(c2)Br)Oc2c(cc(cc2Br)*)Br)Br)cc1,287.0,tg
*[n+]1ccc(cc1)c1cc[n+](cc1)Cc1c(cccc1)C*,70.5,tg
*NNC(=O)C(=O)NNC(=O)CCCCC(*)=O,4.5812,egc
*CC(=S)NC(*)=S,5.73,eps
*c1cc2c(C(=O)N(C2=O)c2c(ccc(c2)N2C(=O)c3c(C2=O)cc(cc3)C(=O)*)CP(=O)(OCCCl)OCCCl)cc1,261.0,tg
*Oc1ccc(Oc2cccc(*)n2)cc1,4.3182,egc
*Oc1cc(cc(c1)CC)OC(=O)c1cc(ccc1)C(=O)*,138.0,tg
*Oc1cccc(Oc2cccc(*)n2)c1,4.536,egc
*C(C*)(CCCCCCCC)C(=O)OC,20.0,tg
*P1(=N*)Oc2ccccc2c2ccccc2O1,160.0,tg
*CC(=O)C(S1)=CC=C1C(S2)=CC=C2*,2.8653,egc
*c1cc2c(C(=O)N(C2=O)c2c(cc(cc2C)C(c2cc(c(c(c2)C)N2C(=O)c3c(C2=O)cc(cc3)C(=O)*)C)c2cc(ccc2)C(F)(F)F)C)cc1,285.0,tg
*c1cc2c(C(=O)N(C2=O)c2cc(ccc2)C#Cc2cc(ccc2)NC(=O)*)cc1,323.5,tg
*CC(*)OC(=O)C(C)(C)C,6.1579,egc
*C(C*)CCCCCC,-56.48,tg
*c1cc2c(C(=O)N(C2=O)c2c(ccc(c2)N2C(=O)c3c(C2=O)cc(cc3)C(=O)Nc2ccc(cc2)Oc2ccc(cc2)C2(c3c(C(=O)N2)cccc3)c2ccc(cc2)Oc2ccc(cc2)NC(=O)*)C)cc1,315.0,tg
*CC(*)CN,5.4738,egc
*CC(O)C(O)CN(*)c1ccc(N(C)C)cc1,3.7705,egc
*CCCCCNC(=O)CC(=O)N*,5.7523,egc
*N=Nc1ccc(cc1)C(=O)NCCCCNC(=O)c1ccc(cc1)*,215.0,tg
*CCCCCC(=O)NCCCCCOCCCCCNC(=O)CCCO*,5.841,egc
*Nc1ccc(*)cc1CO,3.7131,egc
*C(C*)C(=O)OCCOc1ccc(cc1)C(=O)Oc1ccc(cc1)OC,70.0,tg
*OC(COC(=O)c1cc(ccc1)C(C(C(c1cc(ccc1)C(=O)OCC(*)(F)F)(F)F)(F)F)(F)F)(F)F,30.0,tg
*C(=O)c1ccc(C(=S)c2ccc(*)cc2)cc1,2.9183,eea
*N(CC*)C(=O)c1c(c(c(c(c1)F)F)F)F,97.0,tg
*c1cc(CCS(=O)(=O)O)c(*)s1,2.5623,egc
*C1C(=O)N(C(=O)C1CC*)c1ccc(cc1)N(C)C,195.0,tg
*NC(=O)C(C(C(=O)NCCC*)OC)OC,123.0,tg
*c1ccc(-c2nc3cc4nc(*)[nH]c4cc3[nH]2)cc1,3.6007,egc
*c1cc2c(C(=O)N(C2=O)c2ccc(cc2)C(=O)OCCOCCOCCOCCOC(=O)*)cc1,52.0,tg
*OC(=O)c1cc2c(cc1)cc(cc2)C(=O)OCCCCC*,50.83,tg
*Oc1ccc(cc1)NC(=O)c1ccc(cc1)Oc1ccc(cc1)C(c1ccc(cc1)C(c1ccc(cc1)Oc1ccc(cc1)C(=O)Nc1ccc(cc1)*)(C)C)(C)C,174.0,tg
*N1C(=O)C(CC1=O)Nc1ccc(cc1)NC1C(=O)N(C(=O)C1)c1ccc(cc1)Oc1c(cc(cc1C)C(c1cc(c(c(c1)C)Oc1ccc(cc1)*)C)c1cnccc1)C,229.0,tg
*OC(C*)COC(OCC)C,-67.0,tg
*NC(CSC(=O)OCc1ccccc1)C(*)=O,5.0387,egc
*C=C(*)c1ccc(NC=O)cc1,0.2219,egc
*Oc1c(cc(cc1c1ccccc1)*)c1c2c(ccc1)cccc2,234.0,tg
*c1cc2c(C(=O)N(C2=O)c2cc(cc(c2)c2oc(nn2)c2ncccc2)N2C(=O)c3c(C2=O)cc(cc3)C(=O)Nc2cc(cc(c2)c2oc(nn2)c2ncccc2)NC(=O)*)cc1,164.0,tg
*NOC(=O)O*,5.0089,egb
*Nc1ccc(-c2ccc(-c3ccc(*)s3)cc2)s1,2.0751,eea
*Oc1c(cc(cc1)C1(C2C3C(C(C1)C2)C1CCC3C1)c1c(cc(cc1)OC(=O)*)C)C,232.0,tg
*Oc1ccc(-c2ccc(-c3ccc(*)cc3)cc2)s1,5.1012,ei
*Oc1ccc(cc1)CC(NC(=O)CCc1ccc(cc1)OC(=O)CCCCCCC(=O)*)C(=O)OCc1ccccc1,47.0,tg
*CC(*)(C)C(=O)OC,6.5972,egc
*NC(C#N)=C(C#N)NC(=O)c1ccc(C(*)=O)cc1,3.4817,egc
*c1ccc(-c2ccc(-c3cnc4cc(-c5ccc6nc(*)cnc6c5)ccc4n3)cc2)cc1,2.7698,egc
*Nc1cc(cc(c1)c1nc2c([nH]1)cccc2)NC(=O)c1ccc(cc1)C(=O)*,267.5,tg
*C1C(CC(C1)C=C*)C(=O)OCCNC(C)(C)C,29.0,tg
*Oc1c(cc(cc1)OC(=O)c1ccc(cc1)C(=O)*)C(F)(F)F,158.13,tg
*Oc1c2c(ccc1)cc(cc2)OC(=O)c1ccc(cc1)Oc1ccc(cc1)C(=O)*,179.0,tg
*CCCCCNC(=O)CCCCCCC(=O)N*,5.9286,egc
*c1ccc(NC(F)(F)C(*)(F)F)s1,5.871,ei
*CNCO*,6.4057,ei
*Oc1cc(c(cc1)C(=O)O)C(=O)Nc1ccc(cc1)NC(=O)c1c(ccc(c1)*)C(=O)O,166.3,tg
*Oc1ccc(cc1)C1(CCC(CC1)C)c1ccc(cc1)OC(=S)*,168.0,tg
*CC(=O)CC(*)=O,3.79,eps
*NC(=O)CC(=O)NCCCCCCCC*,55.0,tg
*C(C*)C(=O)OCCCCn1c2ccccc2c2ccccc12,68.0,tg
*Oc1ccc(cc1)NC(=O)c1cc(cc(c1)NC(=O)CCN1C(=O)c2c(C1=O)cccc2)C(=O)Nc1ccc(cc1)*,240.0,tg
*c1cc2c(C(=O)N(C2=O)c2ccc(cc2)Cc2ccc(cc2)Cc2ccc(cc2)N2C(=O)c3c(C2=O)cc(cc3)C(=O)*)cc1,341.0,tg
*OC(CC(*)=O)C(C)C,6.7353,egc
*NC(=O)CCCCCC*,51.14,tg
*C(CCC*)(C)C,45.5,tg
*c1cc2c(C(=O)N(C2=O)c2cc(ccc2)Oc2cc(ccc2)N2C(=O)c3c(C2=O)cc(cc3)C(*)(C(F)(F)F)C(F)(F)F)cc1,244.0,tg
*Cc1ccc(NC(*)=S)cc1,2.0656,eea
*SCC(C*)(C)C,-51.03,tg
*CC(C)(C)C1C(=O)N(C(C)C)C(=O)C1*,5.5919,egc
*Oc1ccc(NC(=O)c2cc(C(=O)Nc3ccc(*)cc3)cc(S(=O)(=O)c3ccccc3)c2)cc1,3.3682,egc
*CCCCCCC(=O)N*,6.0436,egc
*N1C(=O)c2c(C1=O)cc(cc2)c1cc2c(C(=O)N(C2=O)c2cc(ccc2)C(=O)Nc2ccc(cc2)Oc2ccc(cc2)NC(=O)c2cc(ccc2)*)cc1,253.0,tg
*NC(C)CNC(=O)NC(CCCCNC(*)=O)C(=O)OC,5.7921,egc
*CC(S1)=CC=C1C(C=C2)=CC=C2C(S3)=CC=C3*,3.3769,egc
*[Si](C*)(C)C,-91.17,tg
*CCCCCCCCCCOC(=O)C(O)C(O)C(=O)O*,6.2882,egc
*CCCP(C)(=O)CCCNC(=O)CCCCCCCCC(=O)N*,5.7831,egc
*C(C*)OC(=O)CC,11.27,tg
*CCCCCCn1ccc(-c2ccc(-c3ccn(*)n3)cc2)n1,4.0274,egc
*Oc1ccc(Oc2ccc(C(=O)c3ccc(*)cc3)cc2)cc1CBr,3.6235,egc
*N1C(=O)C2C(C1=O)CC(CC2)C1CC2C(C(=O)N(C2=O)c2ccc(cc2)Oc2ccc(cc2)Oc2ccc(cc2)*)CC1,238.0,tg
*OC(F)(F)C(=S)C(*)(F)F,1.6753,nc
*C1C(C(C(C1)C=C*)C(=O)OC(C)(C)C)C(=O)OC(C)(C)C,83.4,tg
*N(CC*)C(=O)c1c(cc(c(c1F)F)F)F,122.0,tg
*Cc1ccc(-c2ccc(N*)s2)s1,4.9311,ei
*c1cc2c(C(=O)N(C2=O)c2ccc(cc2)S(=O)(=O)c2ccc(cc2)N2C(=O)c3c(C2=O)cc(cc3)C(=O)Nc2ccc(cc2)NC(=O)*)cc1,368.0,tg
*CNCCCOCO*,6.3311,egb
*Cc1ccc(-c2ccc(C(*)=S)s2)cc1,4.61,eps
*OC(=O)Nc1c(ccc(c1)NC(=O)OCCN(CC*)c1ccc(cc1)c1oc2c(n1)ccc(c2)[N+](=O)[O-])C,156.0,tg
*CCOCCOC(=O)COCC(=O)O*,5.9381,egc
*c1cc2c(C(=O)N(C2=O)c2ccc(cc2)Oc2cc(ccc2)Oc2ccc(cc2)N2C(=O)c3c(C2=O)cc(cc3)C(=O)Nc2ccc(cc2)Oc2ccc(cc2)C2(c3c(C(=O)N2)cccc3)c2ccc(cc2)Oc2ccc(cc2)NC(=O)*)cc1,267.0,tg
*Oc1ccc(C(C)(C)c2ccc(OC(*)=O)cc2)cc1,5.2059,egc
*Nc1ccc(*)cc1C,3.5769,egc
*CCNC(*)=S,4.24,eps
*CC(*)C(=O)OCC(F)(F)C(F)(F)C(F)(F)C(F)(F)C(F)(F)C(F)(F)C(F)(F)F,5.7185,egb
*Oc1ccc(cc1)CC(NC(=O)Cc1ccc(cc1)OC(=O)CCCCC(=O)*)C(=O)OCCCCCCCC,28.0,tg
*c1oc(nn1)c1ccc(cc1)Oc1ccc(cc1)C(c1ccc(cc1)Oc1ccc(cc1)*)(C)C,180.0,tg
*OC(C*)CN1C(=O)C2C(C1=O)C1C=CC2C1,87.5,tg
*c1cc2c(C(=O)N(C2=O)c2cc(ccc2)OP(=O)(Oc2cc(ccc2)N2C(=O)c3c(C2=O)cc(cc3)C(=O)*)c2ccccc2)cc1,176.5,tg
*c1cocc1COC(=O)Nc1ccc(cc1)Cc1ccc(cc1)NC(=O)OC*,45.0,tg
*Nc1c(cc(cc1)c1cc(c(cc1)NC(=O)c1cc(ccc1)C(=O)*)O)O,386.0,tg
*Oc1ccc(cc1)C(c1ccc(cc1)Oc1ccc(cc1)C(=O)c1cc(cc(c1)C(C)(C)C)C(=O)c1ccc(cc1)*)(C(F)(F)F)C(F)(F)F,181.0,tg
*C(C*)C(=O)OCCSCC,-71.0,tg
*c1cc2c(C(=O)N(C2=O)c2cc(c(cc2)c2c(cc(cc2)N2C(=O)c3c(C2=O)cc(cc3)C(=O)Oc2ccc(cc2)C2(C3CC4CC(CC2C4)C3)c2ccc(cc2)OC(=O)*)C)C)cc1,222.0,tg
*C1(c2c(C(=O)O1)cccc2)c1c(cc(c(c1)C(C)C)Oc1ccc(cc1)S(=O)(=O)c1ccc(cc1)Oc1c(cc(c(c1)C)*)C(C)C)C,230.0,tg
*CC(S1)=CC=C1C(S2)=CC=C2O*,3.4793,egc
*C(=O)Oc1ccc(C(*)=S)s1,1.9856,egb
*C=CCCCC*,5.7726,egc
*C(=S)c1ccc(C(=S)c2ccc(*)cc2)cc1,2.9311,eea
*N1C(=O)c2c(C1=O)cc(cc2)C(c1cc2c(C(=O)N(C2=O)CCCCCCC*)cc1)(C(F)(F)F)C(F)(F)F,150.0,tg
*Oc1ccc(cc1)OC(=O)c1c(cc(cc1)C(=O)*)Oc1ccc(cc1)Oc1ccccc1,83.0,tg
*Oc1ccc(cc1)c1ccc(cc1)OCCCCCCOC(=O)Nc1c(ccc(c1)NC(=O)OCCCCCC*)C,85.68,tg
*c1ccc(-c2cnc3ccc(-c4ccc5nc(*)cnc5c4)cc3n2)cc1,3.3633,egc
*CC(=O)Nc1ccc(Oc2ccc(Oc3ccc(NC(=O)CN4C(=O)c5ccc(C(=O)c6ccc7c(c6)C(=O)N(*)C7=O)cc5C4=O)cc3)cc2)cc1,2.2729,egc
*C(C*)c1ccc(cc1)C(=O)CCN1CCCCC1,38.0,tg
*C=C*,-25.5,tg
*C1(c2c(Oc3c1cccc3)cccc2)c1ccc(cc1)OC(=O)c1ccc(cc1)C(=O)Oc1ccc(cc1)*,252.0,tg
*c1cc2c(C(=O)N(C2=O)c2c(cc(cc2)c2cc(c(cc2)N2C(=O)c3c(C2=O)cc(cc3)C(=O)*)OCCCCCCOc2ccc(cc2)/C=C/c2ccc(cc2)F)OCCCCCCOc2ccc(cc2)/C=C/c2ccc(cc2)F)cc1,128.0,tg
*NC(C=C1)=CC=C1C(=O)C(S2)=CC=C2*,2.9895,egc
*CCCCCCCCCCC(=O)O*,6.8465,egc
*Oc1ccc(cc1)C(c1ccc(cc1)OC(=O)*)(c1ccccc1)C#N,138.0,tg
*COc1ccc(O*)s1,3.85,eps
*OC(=O)NC(=O)c1ccc(cc1)C(=O)NC(=O)OCC(C*)CCCCCCCCCCCC,75.0,tg
*CC(=O)c1ccc(-c2ccc(*)cc2)s1,4.58,eps
*N1C(=O)c2c(C1=O)cc(cc2)Oc1ccc(cc1)Oc1cc2c(C(=O)N(C2=O)c2ccc(cc2)S(=O)(=O)c2ccc(cc2)*)cc1,283.0,tg
*N1C(=O)c2c(C1=O)c(ccc2)c1cc2c(C(=O)N(C2=O)c2cc(ccc2)OCCCCCCCCCOc2cc(ccc2)*)cc1,134.0,tg
*OC(c1ccco1)C(C)(C)C(*)=O,5.4574,egc
*Cc1ccc(Nc2ccc(*)s2)cc1,4.02,eps
*CC(=O)NC(=S)*,2.887,egc
*C=CCC*,5.2133,egc
*CCc1ccc(C(*)=S)s1,2.0043,nc
*CCCCCOCO*,6.8354,egb
*N1C(=O)c2c(C1=O)cc(cc2)Sc1cc2c(C(=O)N(C2=O)c2c(cc(c(c2C)*)C)C)cc1,378.0,tg
*c1cc2c(C(=O)N(C2=O)c2cc(cc(c2)c2sc3c(n2)cccc3)N2C(=O)c3c(C2=O)cc(cc3)C(=O)Nc2nc(ccc2)NC(=O)*)cc1,358.0,tg
*c1nc(c(nc1c1ccc(cc1)NC1C(=O)N(C(=O)C1)c1ccc(cc1)c1sc(c(c1c1ccccc1)c1ccccc1)c1ccc(cc1)N1C(=O)C(CC1=O)Nc1ccc(cc1)*)C#N)C#N,231.0,tg
*Oc1ccc(cc1)/C(=C/c1ccc(cc1)OCCOCCOCC*)/C,15.33,tg
*c1cc2C3(CCC(CC3)C(C)(C)C)c3c(c2cc1)ccc(c3)c1cc2C(c3c(c2cc1)ccc(c3)*)(CCCCCCCC)CCCCCCCC,166.0,tg
*Oc1ccc(-c2ccc(-c3ccc(*)cc3)s2)s1,5.17,eps
*Oc1ccc(cc1)Oc1ccc(cc1)S(=O)(=O)c1ccc(cc1)*,206.67,tg
*OC(CC(=O)*)C(Cl)(Cl)C,109.0,tg
*OP(=O)(N=Nc1ccc(cc1)c1ccc(cc1)N=NP(=O)(OCc1ccc(cc1)C*)OC)OC,48.0,tg
*C(C*)C(=O)Oc1cc(ccc1)C(=O)OCC,24.0,tg
*c1sc(cc1CCCCCCOC(=O)Cc1ccccc1)*,45.0,tg
*CC(S1)=CC=C1NC(S2)=CC=C2*,4.1254,egc
*Oc1ccc(cc1)Oc1ccc(cc1)S(=O)(=O)c1ccc(cc1)c1ccc(cc1)S(=O)(=O)c1ccc(cc1)*,251.0,tg
*O[Si](c1c(cc(c(c1)OCCOCc1ccccc1)[Si](*)(C)C)OCCOCc1ccccc1)(C)C,76.0,tg
*CCOCCOC(=O)c1cccc(C(=O)O*)c1,4.8122,egc
*C(C*)(C(=O)OCC(C(F)(F)F)(F)F)C,77.0,tg
*Nc1ccc(cc1)NC(=O)CCCC(=O)*,135.0,tg
*C(C*)(C(=O)OCCC(C(C(C(C(C(F)(F)F)(F)F)(F)F)(F)F)(F)F)(F)F)F,53.0,tg
*C1C(CC(C1)C(O)(C(F)(F)F)C(F)(F)F)(C(C*)(F)F)F,118.0,tg
*CCCCCCOC(=O)CC(=O)O*,7.0433,egc
*c1sc(nn1)c1cc(ccc1)OC(=O)CCCCCCCCC(=O)Oc1ccc(cc1)C=C*,37.0,tg
*C1C(CC(C1)C=C*)[Si](C)(C)C,109.0,tg
*CCOC(=O)c1ccc(C2(C)CC(C)(C)c3ccc(C(=O)O*)cc32)cc1,4.3486,egc
*CNc1ccc(N*)s1,4.8739,ei
*c1cc(C(=O)OCC(F)(F)C(F)(F)C(F)(F)F)c(*)s1,2.8607,egc
*C(C*)C(=O)OCCCCCn1c2ccccc2c2ccccc12,53.0,tg
*OC(=O)Oc1ccc(C(=O)Oc2ccc(OC(=O)OC3COC4C(*)COC34)cc2)cc1,4.4189,egc
*c1sc(c(c1c1ccccc1)c1ccccc1)c1ccc(cc1)CC(=O)Nc1ccc(cc1)S(=O)(=O)c1ccc(cc1)NC(=O)Cc1ccc(cc1)*,252.0,tg
*C(C*)(C(=O)OCCc1ccccc1)C,49.0,tg
*C=Nc1ccc(S(=O)(=O)c2ccc(N=Cc3ccc(Sc4ccc(*)o4)o3)cc2)cc1,3.0975,egc
*Oc1c(cc(cc1c1ccccc1)*)c1ccc(cc1)C,218.0,tg
*CC#CC#CCOC(=O)Nc1ccc(Cc2ccc(NC(=O)O*)cc2)cc1,4.0768,egc
*COC(=S)O*,1.8467,nc
*Nc1ccc(Nc2ccc(*)s2)s1,4.0261,ei
*CCCCCCNC(=O)CCCCCCCCCCCCCCCCC(=O)N*,5.8888,egc
*N=P(*)(OCCc1ccccc1)OCCc1ccccc1,-32.7,tg
*NC(=S)NO*,3.4611,egc
*CNON*,0.9652,eea
*Oc1ccc(cc1)S(=O)c1ccc(cc1)Oc1ccc(cc1)C(c1ccc(cc1)*)(C)C,165.0,tg
*c1c(cc(cc1)CC*)Cl,63.69,tg
*N1C(=O)c2c(C1=O)cc(cc2)Oc1cc2c(C(=O)N(C2=O)c2c(cc(c(c2)*)O)O)cc1,263.0,tg
*OC(=O)CCC(=O)OCCC*,-34.42,tg
*c1cccc(C(=O)Nc2ccc(NC(=O)c3cccc(N4C(=O)c5ccc(-c6cccc7c6C(=O)N(*)C7=O)cc5C4=O)c3)cc2)c1,2.3122,egc
*Oc1ccc(cc1)CCC(=O)NCCCCCCNC(=O)C*,72.0,tg
*c1sc(cc1)C(=C(*)OC)OC,91.0,tg
*c1sc(cc1)c1sc(cc1)[Si](*)(C)C,45.0,tg
*Oc1cc2c(cc1)ccc(c2)OCCNC(=O)c1cc(ccc1)C(=O)NCC*,143.0,tg
*CC(*)C(=O)NCCC(F)(F)C(F)(F)C(F)(F)C(F)(F)C(F)(F)C(F)(F)C(F)(F)C(F)(F)F,5.7478,egc
*C(C*)c1c(ccc(c1)C(=O)OCC)c1ccc(cc1)OCCCCCCCC,95.0,tg
*CC(CC)O*,5.7746,egc
*C1C2C(C(=O)N(C2=O)CCCCCCC)C(C1)C=C*,59.0,tg
*C=CCCCCCCC(CCCCCC*)Cl,-57.0,tg
*C(C*)C(=O)OCCOCC,-50.0,tg
*Oc1ccccc1CNC(=O)Nc1ccc(Cc2ccc(NC(*)=O)cc2)cc1,4.6144,egc
*OC(=S)c1ccc(C(*)=O)s1,6.7886,ei
*Oc1ccc(cc1)c1ccc(cc1)OC(=O)c1cc(ccc1)C(=O)*,185.5,tg
*C(=S)OC(=S)c1ccc(*)s1,2.2971,nc
*N1C(=O)c2c(C1=O)cc(cc2)c1cc2c(C(=O)N(C2=O)c2cc(c(c(c2)C)c2c(cc(cc2C)*)C)C)cc1,280.0,tg
*OP(=O)(Oc1ccc(cc1)S(=O)(=O)c1ccc(cc1)*)Oc1ccc(cc1)OC,81.0,tg
*OP(=O)(Oc1c(c(c(c(c1Cl)Cl)*)Cl)Cl)Oc1c(cc(cc1Cl)Cl)Cl,127.0,tg
*C1(C(C(C(C(C(C1(F)F)(F)F)(F)F)(F)F)(C(*)(F)F)F)(F)F)F,198.0,tg
*C(=O)c1ccc(C(=S)c2ccc(*)s2)s1,4.1286,eea
*Oc1ccc(cc1)C=NN=Cc1ccc(cc1)Oc1ccc(cc1)C(=O)c1ccc(cc1)*,179.0,tg
*N(CC*)C(=O)C12CC3CC(CC(C1)C3)C2,123.0,tg
*CC(*)(C)C(=O)OCCc1ccccc1,4.9946,egb
*C(C*)(C(=O)OCCOCCOCCOc1ccc(cc1)N=Nc1ccc(cc1)C#N)C,37.0,tg
*OCCC(=O)CC(=O)Oc1ccc(*)cc1,3.7901,egb
*COC1CCC(*)OC1,5.6324,egc
*CCCCNC(=O)CCCCCCCCCCCCCCCCC(=O)N*,6.0758,egc
*c1nc2c(nc1c1ccccc1)cc(cc2)S(=O)(=O)c1cc2c(nc(c(n2)c2ccc(cc2)*)c2ccccc2)cc1,277.5,tg
*c1ccc(S(=O)(=O)c2ccc(N3C(=O)c4ccc(-c5ccc6c(c5)C(=O)N(*)C6=O)cc4C3=O)cc2)cc1,3.396,egc
*NC(=O)c1c(cc(cc1)C(=O)NCCCCCC*)Oc1ccc(cc1)c1ccccc1,112.0,tg
*c1ccc(-c2ccc3nc4oc5cc6[nH]c7nc8cc(*)ccc8nc7nc-6[nH]c=5n-4ccc3c2)cc1,1.9579,egc
*c1ccc(C(c2ccccc2)c2ccc(N3C(=O)c4ccc(-c5ccc6c(c5)C(=O)N(*)C6=O)cc4C3=O)cc2)cc1,2.907,egc
*Oc1c(cc(c(c1)C(C)(C)C)Oc1ccc(cc1)C(=O)Nc1c(cc(cc1)C(c1cc(c(cc1)NC(=O)c1ccc(cc1)*)C)(C)C)C)C(C)(C)C,275.0,tg
*Oc1ccc(cc1)NC(=O)c1c(cc(c(c1)C(=O)Nc1ccc(cc1)*)C(=O)OCC)C(=O)OCC,208.05,tg
*OC(=S)c1ccc(C(*)=O)s1,5.45,eps
*CC(*)c1ccc(C(O)CCN2CCOCC2)cc1,3.8601,egc
*S(=O)(=O)c1ccc(cc1)NC(=O)CCCCCCCCC(=O)Nc1ccc(cc1)*,97.0,tg
*CC(C)(N=C=O)C1C(=O)OC(=O)C1*,6.0105,egc
*Oc1ccc(C(C)(C)c2ccc(Oc3cncc(*)n3)cc2)cc1,4.2862,egc
*CC(=S)c1ccc(C(*)=S)s1,6.4,eps
*Oc1ccc(Oc2ccc(*)s2)s1,5.0541,ei
*Oc1ccc(OC(=O)c2ccc(C(*)=O)cc2)cc1CCC(C)CC,3.5259,egc
*Oc1c(Br)cc(C2(c3cc(Br)c(OC(*)=O)c(Br)c3)CC3CCC2C3)cc1Br,4.8531,egc
*Nc8ccc(C7(c5ccc(NC(=O)c4ccc(C3(c1ccc(C(*)=O)cc1)OC(=O)c2ccccc23)cc4)cc5)OC(=O)c6ccccc67)cc8,3.8809,egc
*CCOC(=O)NCCOCCOCCNC(=O)O*,6.1403,egc
*OC(C*)CS(=O)(=O)CCC,43.0,tg
*C1(OC(OC1(*)F)(C(Cl)(F)F)C(F)(F)F)F,330.0,tg
*C(C*)c1c(cccc1)C(=O)N(C)C,190.0,tg
*CCc1ccc(O*)s1,4.1608,egb
*OCCOCCOCCCNC(=O)C(NC(=O)CCCCCCCCC(=O)NC(C(=O)NCCC*)Cc1ccccc1)Cc1ccccc1,44.0,tg
*C(C*)OC(=O)c1ccc(cc1)Cl,70.25,tg
*Oc1ccc(C2(c3ccc(OC(=O)c4cccc(C(*)=O)c4)c(C)c3)c3ccccc3-c3ccccc32)cc1C,3.0176,egb
*Oc1ccc(OC(=O)c2ccc(C(*)=O)cc2)cc1C1CCCCCC1,3.5076,egc
*c1cc(-c2nc3ccccc3s2)cc(-n2c(=O)c3cc4c(=O)n(*)c(=O)c4cc3c2=O)c1,2.4436,egc
*c1sc(cc1)c1sc(c(c1)CCCCCCCC)c1sc(cc1)c1sc(cc1)c1sc(cc1CCCCCCCC)c1sc(cc1)[Si]([Si]([Si]([Si](*)(C)C)(C)C)(C)C)(C)C,6.0,tg
*Oc1ccc(Oc2ccc(NC(=C(C#N)C#N)c3cccc(C(Nc4ccc(*)cc4)=C(C#N)C#N)c3)cc2)cc1,2.6924,egc
*OC(COC(=O)*)COCCCC,-24.0,tg
*OC(*)C,-21.07,tg
*NC(=O)c1c(cc(cc1)C(=O)NCC*)Sc1ccccc1,172.0,tg
*c1ccc(-c2ccc(Oc3ccc(*)s3)s2)cc1,2.1882,egb
*Oc1ccc(cc1)C(=O)NNC(=O)c1ccc(cc1)*,256.2,tg
*c1c2C(=O)N(C(=O)c2c(c2ccccc12)c1ccc(cc1)Oc1ccc(cc1)C(=O)c1cc(ccc1)C(=O)c1ccc(cc1)Oc1ccc(cc1)*)C,251.0,tg
*CC(=O)NC(*)=O,4.8368,egb
*c1cc2c(cc1OC(=O)COc1ccc3c(c1)oc(=O)cc3)oc(=O)c(c2)C(=O)Nc1ccc(cc1)Cc1ccc(cc1)NC(=O)c1c(=O)oc2c(cc(c(c2)OC(=O)COc2ccc3c(c2)oc(=O)cc3)C*)c1,221.0,tg
*Oc1ccc(cc1)C(=Nc1ccc(cc1)N=C(c1ccc(cc1)Oc1ccc(cc1)C(c1ccc(cc1)*)(C)C)C)C,161.0,tg
*Nc1ccc(C(=O)O*)cc1,1.8988,nc
*NC(=O)NCc1ccc(cc1)CNC(=O)NCCCCCCCC*,68.0,tg
*Oc1c(cc(cc1)OC(=O)c1ccc(cc1)C(=O)*)CCC(CC)C,237.0,tg
*Oc1ccc(cc1)C(=Cc1ccc(cc1)c1ccc(cc1)C=C(c1ccc(cc1)OC(=O)CCCCC(=O)*)c1ccccc1)c1ccccc1,128.0,tg
*NC(=O)CCCCCCCCCCCCC(=O)NCCc1ccc(cc1)CC*,93.0,tg
*c1sc(cc1CC(=O)OCC)*,56.7,tg
*Oc1ccc(cc1)S(=O)(=O)c1ccc(cc1)Oc1c(cc(cc1C)C(c1cc(c(c(c1)C)*)C)(C)C)C,233.29,tg
*C(C*)(C(=O)Oc1ccc(cc1)C(=O)C=Cc1ccc(cc1)OCc1ccccc1)C,152.0,tg
*Oc1ccc(cc1)C(c1ccc(cc1)OC(=S)*)(CC(C)C)C,128.0,tg
*C(C*)(C(=O)OCCO)C,83.78,tg
*C(F)(F)C(F)(F)ON*,6.8893,egc
*C(C(*)C(=O)OC12CC3CC(CC(C1)C3)C2)C,236.5,tg
*Oc1ccc(cc1)Oc1ccc(cc1)NC(=O)c1cc(cc(c1)NC(=O)c1ccc(cc1)OC(=O)C)C(=O)Nc1ccc(cc1)*,251.0,tg
*Oc1ccc(cc1)C1(c2ccccc2c2ccccc12)c1ccc(cc1)OCCOC(=O)NCCCCCCNC(=O)OCC*,61.0,tg
*Oc1ccc(cc1)C(c1ccc(cc1)OC(=S)*)C(CC)CC,148.0,tg
*Nc1ccc(cc1)NC(=O)c1cc(cc(c1)NC(=O)c1ccccc1)C(=O)*,321.0,tg
*Nc1ccc(-c2ccc(C(*)=O)s2)s1,5.182,ei
*NNC(=O)c1c(cccc1)C(=O)NCCCCCCNC(=O)c1c(cccc1)C(=O)*,224.5,tg
*c1cc2c(C(=O)N(C2=O)c2ccc(cc2)Oc2ccc(cc2)Oc2ccc(cc2)N2C(=O)c3c(C2=O)cc(cc3)C(*)(C(F)(F)F)C(F)(F)F)cc1,272.0,tg
*N1C(=O)c2c(C1=O)cc(cc2)Oc1cc2c(C(=O)N(C2=O)c2ccc(cc2)Oc2c(cc(cc2C(C)(C)C)c2ccc(cc2)*)C(C)(C)C)cc1,342.0,tg
*OC(F)(F)OC(*)(F)F,1.5596,nc
*N1C(=O)c2c(C1=O)cc(cc2)NC(=O)Nc1ccc(cc1)Oc1ccc(cc1)NC(=O)Nc1cc2c(C(=O)N(C2=O)c2ccc(cc2)c2nc(cc(c2)c2ccc(cc2)c2ccccc2)c2ccc(cc2)*)cc1,241.0,tg
*c1ccc(-c2ccc(-c3ccc(-c4nc5cc6sc(*)nc6cc5s4)cc3)c(-c3ccccc3)c2-c2ccccc2)cc1,3.1992,egc
*CCc1ccc(-c2ccc(*)s2)cc1,1.9106,nc
*Oc1c(cc(cc1)C(=O)c1ccc(cc1)C(=O)c1cc(c(cc1)*)C(C)C)C,149.0,tg
*N1C(=O)c2c(C1=O)c(ccc2)Oc1cc2c(C(=O)N(C2=O)c2ccc(cc2)Oc2ccc(cc2)*)cc1,277.0,tg
*CCCCCCOC(=O)OCCCCCCOC(=O)OCCCCCCOc1ccc(C(=O)c2ccc(O*)cc2)cc1,4.1722,egc
*Nc1ccc(NC(=O)c2cc(NC(=O)c3ccc(NC(=O)C(C)N4C(=O)c5ccccc5C4=O)cc3)cc(C(*)=O)c2)cc1C,2.319,egc
*Nc1ccc(C(=O)c2ccc(*)s2)s1,8.01,eps
*C1CN(CCC1)C(=C(c1ccc(cc1)C(=O)OC*)C#N)c1ccc(cc1)OC,171.5,tg
*NOC(=S)O*,4.8496,egc
*Oc1c(cccc1)C(=O)OC(=O)c1c(cccc1)OC(=O)CCCCCC(=O)*,40.0,tg
*C1OC(C(C(C1OC(=O)C)O)O*)COC(=O)C,202.0,tg
*Nc1c(cc(cc1)Br)c1ccc(cc1)NC(=O)c1cc(ccc1)C(=O)*,253.0,tg
*C1COC2C1OCC2OC(=O)C(NC(=O)CCCCCC(=O)NC(C(=O)O*)C)C,45.0,tg
*N(c1ccc(cc1)c1ccc(cc1)*)c1cc(cc(c1)C(F)(F)F)C(F)(F)F,209.0,tg
*NC(S1)=CC=C1C(S2)=CC=C2C(=S)*,2.0192,egc
*Oc1ccc(cc1)NC(=O)CCCCCC(=O)Nc1ccc(cc1)*,180.0,tg
*C(C*)(C(=O)OCc1c(cc(cc1)Cl)Cl)C,19.4,tg
*Oc1ccc(-c2ccc(Oc3ccc(C(C)(C)c4ccc(*)cc4)cc3)cc2)cc1,4.2484,egc
*Oc1ccc(cc1)Oc1ccc(cc1)OC(=O)c1c(cccc1)c1c(cccc1)C(=O)*,147.0,tg
*Oc1ccc(cc1)N1ON1c1ccc(cc1)OCCCCCCOC(=O)C(C(=O)OCCCCCC*)CCCCCCCCCCBr,16.0,tg
*c1cc2c(C(=O)N(C2=O)c2c(ccc(c2)N2C(=O)c3c(C2=O)cc(cc3)C(*)(C(F)(F)F)C(F)(F)F)OCCCCCCOc2ccc(cc2)N=Nc2ccc(cc2)OCC)cc1,198.0,tg
*CCCO*,6.904,ei
*CC(*)c1cc(OC)ccc1OC,3.8323,egc
*CCCCCCNC(=O)c1c(F)c(F)c(C(=O)N*)c(F)c1F,4.7431,egc
*OC1C(COC)OC(*)C(OC)C1OC,5.6468,egc
*Sc1ccc(cc1)P(=O)(c1ccc(cc1)Sc1ccc(cc1)c1ccc(cc1)*)c1ccccc1,232.0,tg
*CC(*)OC(=O)C(F)(F)C(F)(F)F,6.6309,egc
*Nc1ccc(cc1)C(c1ccc(cc1)NC(=O)c1cc(ccc1)C(=O)*)(P1(=O)c2ccccc2c2ccccc2O1)P1(=O)c2ccccc2c2ccccc2O1,230.0,tg
*c1cc2c(C(=O)N(C2=O)c2c(cc(cc2)c2cc(c(cc2)N2C(=O)c3c(C2=O)cc(cc3)C(*)(C(F)(F)F)C(F)(F)F)O)O)cc1,360.0,tg
*Nc1ccc(cc1)NC(=O)c1c(ccc(c1)c1cc(c(cc1)C(=O)OC)C(=O)*)C(=O)OC,234.2,tg
*CCCCCCCCCOCO*,6.4692,egc
*CC(=O)C(=S)C(*)=O,6.33,eps
*c1cc2c(C(=O)N(C2=O)c2ccc(cc2)Oc2ccc(cc2)N2C(=O)c3c(C2=O)cc(cc3)C(=O)N2C(=O)N(C(=O)C2(C)C)C(=O)*)cc1,156.0,tg
*OC(=O)c1ccc(C(*)=O)cc1,3.1295,egb
*Oc1ccc(cc1)NC(=O)c1ccc(cc1)c1ccc(cc1)C(=O)Nc1ccc(cc1)Oc1ccc(cc1)C1(C2CCC(C1)C2)c1ccc(cc1)*,296.0,tg
*NC(=S)Nc1ccc(*)cc1,5.66,eps
*OP(=O)(Oc1c(cc(cc1Br)C(c1cc(c(c(c1)Br)*)Br)(C(F)(F)F)C(F)(F)F)Br)Oc1ccc(cc1)Br,152.0,tg
*Oc1c(cc(cc1)Oc1ccc(cc1)C(=O)c1cc(ccc1)C(=O)c1ccc(cc1)*)S(=O)(=O)O,195.0,tg
*N(CCCNC(=O)CCCCC(=O)NCCC*)C,5.0,tg
*c1cc2c(C(=O)N(C2=O)c2ccc(cc2)NC(=O)Nc2ccc(cc2)N2C(=O)c3c(C2=O)cc(cc3)C(=O)Nc2ccc(cc2)Cc2ccc(cc2)NC(=O)*)cc1,211.0,tg
*C(C*)c1c(cccc1)C(=O)OCC,118.0,tg
*OC(=O)c1ccc(cc1)C(=O)OCC(CC(CC*)(C)C)C,-12.0,tg
*Oc1ccc(C(=O)c2ccc(*)cc2)cc1,3.9194,egc
*CCCCCNC(=O)O*,6.3761,egc
*C(=NCCCCCC)N(*)CCCCCC,4.3588,egc
*Oc1ccc(-c2ccc(C(*)=O)s2)s1,2.952,eea
*N1C(=O)C(CC1=O)CC*,121.0,tg
*OC(=O)c1ccc(CCc2ccc(C(*)=O)cc2)cc1,4.4852,egc
*CCc1ccc(-c2ccc(*)s2)s1,5.1709,ei
*SSCCCC*,-55.0,tg
*C1COC2C1OCC2OC(=O)C(NC(=O)CCCCC(=O)NC(C(=O)O*)Cc1ccccc1)Cc1ccccc1,97.5,tg
*C(C*)(C(=O)OCCCCCCCCCCCCCCCC[n+]1ccc(cc1)N(C)C)C,60.0,tg
*CC(*)c1ccc(C)nc1,4.8601,egc
*C1(c2c(C(=O)O1)cccc2)c1ccc(cc1)OC(=O)c1cc(cc(c1)Cl)C(=O)Oc1ccc(cc1)*,313.0,tg
*NC(=O)c1cc(ccc1)C(=O)NCCCC1(c2ccccc2c2ccccc12)CCC*,175.0,tg
*c1ccc(Oc2ccccc2-n2c(=O)c3cc4c(=O)n(*)c(=O)c4cc3c2=O)cc1,2.5326,egc
*Oc1ccc(cc1)NC(=O)c1ccc(cc1)*,225.0,tg
*c1ccc(-c2nc(-c3ccc(-c4nc(*)sc4C(=O)O)cc3)c(C(=O)O)s2)cc1,3.4119,egc
*CC(C#N)(C#N)C(C#N)C(C#N)(C#N)C(C#N)C(C#N)(C#N)C(C#N)C(*)(C#N)C#N,5.9056,egb
*c1cc2c(C(=O)N(C2=O)c2ccc(cc2)Cc2ccc(cc2)N2C(=O)c3c(C2=O)cc(cc3)C(=O)c2ccc(cc2)Oc2ccc(cc2)c2ccc(cc2)Oc2ccc(cc2)C(=O)*)cc1,241.0,tg
*c1ccc(-c2ccc(-n3c(=O)c4cc5c(=O)n(*)c(=O)c5cc4c3=O)cc2)cc1,2.1894,egc
*C(C=C1)=CC=C1C(C=C2)=CC=C2C(C=C3)=CC=C3C(C=C4)=CC=C4*,2.5009,egc
*NC(=O)CCCCC(=O)NCc1cc(cc(c1)C(C)(C)C)C*,109.0,tg
*NC(CC(*)=O)C(=O)OCC,5.9557,egc
*CCCNC(=O)c1cccc(C(=O)N*)c1,4.8185,egc
*OC(=O)NCCCCCCNC(=O)OCCCCCOC(=O)c1c(cccc1)C(=O)O[Cd]OC(=O)c1c(cccc1)C(=O)OCCCCC*,-6.8,tg
*CCOc1ccc(C(=O)OCCCCCCOC(=O)c2ccc(O*)cc2)cc1,4.6906,egc
*C(C*)(C(=O)OCc1ccc(cc1)C=CC(=O)Oc1ccc(cc1)OC)C,89.0,tg
*OC(F)(F)C(F)(F)C(*)(F)F,9.4523,egc
*OC(=O)NCCCCCCCCCNC(=O)OCC*,44.0,tg
*Oc1ccc(cc1)c1ccc(cc1)c1ccc(cc1)Oc1ccc(cc1)C(c1ccc(cc1)*)(C)C,182.0,tg
*N1C(=O)c2c(C1=O)cc(cc2)Oc1ccc(cc1)c1ccc(cc1)Oc1cc2c(C(=O)N(C2=O)c2ccc(cc2)Oc2ccc(cc2)c2ccc(cc2)Oc2ccc(cc2)*)cc1,220.0,tg
*c1cc2c(C(=O)N(C2=O)c2c(cc(cc2C)c2cc(c(c(c2)C)N2C(=O)c3c(C2=O)cc(cc3)C(=O)Oc2c(cc(cc2C)C(c2cc(c(c(c2)C)OC(=O)*)C)(C(F)(F)F)C(F)(F)F)C)C)C)cc1,327.0,tg
*N1C(=O)c2c(C1=O)cc(cc2)Oc1cc2c(C(=O)N(C2=O)c2ccc(cc2)C(c2ccc(cc2)*)c2ccccc2)cc1,269.0,tg
*CC(*)CC(C)C,6.7394,egc
*Oc1ccc(cc1)C1(CCCCC1)c1ccc(cc1)OC(=O)*,175.19,tg
*c1cc2c(C(=O)N(C2=O)c2cc(ccc2)OCCOc2cc(ccc2)N2C(=O)c3c(C2=O)cc(cc3)C(=O)*)cc1,191.0,tg
*c1c2C(=O)N(C(=O)c2c(c2ccccc12)c1ccc(cc1)Oc1ccc(cc1)C(=O)c1ccc(cc1)Oc1ccc(cc1)*)c1ccc(cc1)C(F)(F)F,260.0,tg
*C(=O)c1ccc(C(=S)c2ccc(*)s2)cc1,3.9759,eea
*NC(S1)=CC=C1C(C=C2)=CC=C2C(S3)=CC=C3*,2.5627,egc
*C(=O)Oc1ccc(C(*)=S)cc1,2.3448,egb
*C(=C(*)c1ccccc1)c1ccc(cc1)[Si](C(C)C)(C(C)C)C(C)C,250.0,tg
*c1sc(*)c2c1OCCO2,1.7526,egc
*OC(=O)c1c(cc(cc1)C(=O)OCCN(CC*)c1ccc(cc1)N=Nc1ccc(cc1)c1nc2c(n1CC)cc(cc2)[N+](=O)[O-])OC,146.0,tg
*N1C(=O)c2c(C1=O)cc(cc2)c1ccc(cc1)c1cc2c(C(=O)N(C2=O)CCCCCCC*)cc1,135.0,tg
*c1cccc(-c2nc3cc4nc(*)c(-c5ccccc5)nc4cc3nc2-c2ccccc2)c1,2.9837,egc
*Oc1ccc(cc1)C1(c2ccccc2c2ccccc12)c1ccc(cc1)OC(=O)*,303.33,tg
*N=C1C=CC(*)C=C1C,3.8461,egc
*c1cc2c(C(=O)N(C2=O)c2ccc(cc2)Oc2cc3c(cc2)ccc(c3)Oc2ccc(cc2)N2C(=O)c3c(C2=O)cc(cc3)C(=O)Nc2ccc(cc2)Oc2ccc(cc2)C(c2ccc(cc2)Oc2ccc(cc2)NC(=O)*)(C(F)(F)F)C(F)(F)F)cc1,250.0,tg
*OC(=S)Oc1ccc(*)s1,3.0437,egb
*C1C2C(C(=O)N(C2=O)c2c(cccc2)C)C(C1)C=C*,248.0,tg
*Oc1c(cc(cc1)C(c1cc(c(cc1)OC(=O)*)C)(CC)C)C,119.0,tg
*CCC(O*)(C(F)(F)F)C(F)(F)F,8.3878,egb
*Oc1cc(c(cc1)CCc1ccc(cc1)OCCCCCCCCCCCC*)C,-0.9,tg
*c1sc(nn1)SCC(=O)NN=Cc1cc(c(cc1)OCCCCCCCCCCOc1c(cc(cc1)C=NNC(=O)CS*)OC)OC,156.0,tg
*C(C*)OC(=O)c1ccc(cc1)OC(=O)CCC,61.0,tg
*Oc1ccc(cc1)C(c1ccc(cc1)OCC(COC(=O)CCCCCCCCCCC(=O)OCC(C*)O)O)(C)C,25.0,tg
*c1ccc2c(c1)c1cc(*)ccc1n2C(=O)NO,3.8619,egc
*Oc1ccc(-c2ccc(-c3ccc(*)cc3)s2)s1,2.1712,nc
*OC(=O)CCCCCCCC(*)=O,6.2617,egc
*Oc1cc2c(cc1)cc(cc2)Oc1ccc(cc1)C(=O)c1ccc(cc1)*,247.0,tg
*c1cc2c(C(=O)N(C2=O)c2cc(ccc2)C(c2cc(ccc2)N2C(=O)c3c(C2=O)cc(cc3)C(*)(C(F)(F)F)C(F)(F)F)(c2ccccc2)C(F)(F)F)cc1,305.0,tg
*C(C(C(C*)OCCCC)C(=O)OC)C(=O)OC,32.5,tg
*O[Si](CCCCCCOC(=O)C(Oc1c(cc(cc1)OC(=O)c1ccc(cc1)c1ccc(cc1)OCCCCCCCCCC[Si](*)(C)C)[N+](=O)[O-])C)(C)C,20.0,tg
*OC(=O)C(NC(=O)C=CC(=O)NC(C(=O)OCCCC*)Cc1ccccc1)Cc1ccccc1,103.0,tg
*NC(CC(C)C)C(*)=O,6.106,egc
*OC(=O)Nc1cc(ccc1)P(=O)(c1cc(ccc1)NC(=O)OCCCCCC*)c1ccccc1,30.0,tg
*c1ccc(-c2nnc(*)o2)cc1,3.0775,egc
*Oc1ccc(C(=S)c2ccc(*)cc2)s1,2.4038,egb
*Cc1ccc(C(=O)C(*)=S)cc1,4.22,eps
*CC(=O)c1ccc(-c2ccc(*)cc2)s1,2.0173,nc
*Cc1ccc(C(=O)c2ccc(*)cc2)cc1,3.8451,egb
*c1cc2c(C(=O)N(C2=O)c2ccc(cc2)Oc2ccc(cc2)C2(C3C4C(CCC4)C(C2)C3)c2ccc(cc2)Oc2ccc(cc2)N2C(=O)c3c(C2=O)cc(cc3)C(=O)Nc2ccc(cc2)Oc2c(cc(c(c2)C(C)(C)C)Oc2ccc(cc2)NC(=O)*)C(C)(C)C)cc1,290.0,tg
*c1ccc(*)[nH]1,2.4594,egc
*C(C*)C(=O)OCCCOc1ccc(cc1)c1ccc(cc1)C#N,51.55,tg
*C1C(C(C(C1)C=C*)(OC(C(C(F)(F)F)(F)F)(F)F)F)(F)F,77.0,tg
*C1(c2c(C(=O)O1)cccc2)c1ccc(cc1)OC(=O)c1ccc(cc1)C(=O)Oc1ccc(cc1)*,279.0,tg
*c1cc2c(C(=O)N(C2=O)c2cc(ccc2)N2C(=O)c3c(C2=O)cc(c(c3)Cl)C(=O)*)cc1Cl,313.0,tg
*NC(=O)CCC(c1ccc(cc1)C(CCC(=O)NCCCCCC*)(C)C)(C)C,92.0,tg
*C(C(*)(F)F)(C(C(C(C(C(F)(F)F)(F)F)(F)F)(F)F)(F)F)F,232.5,tg
*c1c([nH]c(n1)c1cc(ccc1)c1[nH]c(c(n1)c1ccc(cc1)Oc1ccc(cc1)C(=O)c1ccc(cc1)c1ccc(cc1)C(=O)c1ccc(cc1)Oc1ccc(cc1)*)c1ccccc1)c1ccccc1,276.0,tg
*CC(C)C1COC2C(C(=O)OC(O)(C(F)(F)F)C(F)(F)C*)CC12,6.2241,egc
*C(C*)(C(=O)Oc1ccc(cc1)C(=O)Oc1ccccc1)C,99.0,tg
*N1C(=O)c2c(C1=O)cc(cc2)Oc1ccc(cc1)C1(CCC(CC1)c1ccccc1)c1ccc(cc1)Oc1cc2c(C(=O)N(C2=O)c2ccc(cc2)Oc2c(cc(cc2)Oc2ccc(cc2)*)C(C)(C)C)cc1,236.0,tg
*Oc1cc(c(cc1)CCc1ccc(cc1)OCCCCCCCCCC*)C,-3.8,tg
*O[Si](COC(=O)CCCCCCCCC(=O)Oc1ccc(cc1)S(=O)(=O)c1ccc(cc1)Oc1ccc(cc1)C=C1C(=O)C(=Cc2ccc(cc2)Oc2ccc(cc2)S(=O)(=O)c2ccc(cc2)OC(=O)CCCCCCCCC(=O)OC[Si](*)(C)C)CCC1)(C)C,80.0,tg
*c1nc2c([nH]1)ccc(c2)c1ccc2c(nc([nH]2)c2cc(ccc2)*)c1,415.89,tg
*C(F)(F)NC(F)(F)N*,8.2137,egc
*N1C(=O)C(=C(C1=O)c1ccccc1)c1ccc(cc1)C1=C(C(=O)N(C1=O)c1ccc(cc1)C1(c2ccccc2c2ccccc12)c1ccc(cc1)*)c1ccccc1,325.67,tg
*N1C(=O)c2c(C1=O)cc(cc2)C(c1cc2c(C(=O)N(C2=O)CCCCCCCCCCCC*)cc1)(C(F)(F)F)C(F)(F)F,100.0,tg
*Cc1ccc(CO*)s1,1.8606,nc
*c1cc2c(C(=O)N(C2=O)c2c(c(cc(c2)C(F)(F)F)N2C(=O)c3c(C2=O)cc(cc3)C(=O)Nc2c(c(cc(c2)C(F)(F)F)NC(=O)*)Oc2ccc(cc2)C(F)(F)F)Oc2ccc(cc2)C(F)(F)F)cc1,315.0,tg
*Nc1cc(ccc1)NC(=O)CCCCC(=O)Nc1ccc(cc1)C(=O)NC(=S)*,267.0,tg
*CC(COCC=C)O*,5.2711,egc
*C(C*)(C(=O)OCC(F)(F)F)C,78.27,tg
*C#CC#CCCCCCCCC*,5.4216,egc
*c1cc2c(C(=O)N(C2=O)c2c(cc(cc2C)Cc2cc(c(c(c2)C)N2C(=O)c3c(C2=O)cc(cc3)C(*)(C(F)(F)F)C(F)(F)F)C)C)cc1,307.5,tg
*C1C(=O)N(C(=O)C1*)CCCCCCOc1ccc(cc1)c1ccc(cc1)C#N,76.0,tg
*C1C(=O)OC(=O)C1C(C*)c1ccccc1,177.0,tg
*c1cc2cc(*)sc2s1,3.3358,egc
*OC(C(=O)N(S(=O)(=O)C(C(*)(F)F)(F)F)[Li])(C(F)(F)F)F,67.0,tg
*c1ccc(cc1)c1c(cc(c(c1c1ccccc1)c1ccccc1)c1ccc(cc1)c1c(c(c(c(c1)c1ccccc1)c1ccc(cc1)CCCCCC*)c1ccccc1)c1ccccc1)c1ccccc1,250.0,tg
*C(C(C(C*)C#N)CCC(O)(C)C=C)(C)C,50.0,tg
*C=CC(C)=C(C)C=Cc1ccc(-c2ccc(*)s2)s1,1.5733,egc
*c1cc2c(C(=O)N(C2=O)c2ccc(cc2)C(=O)Nc2ccc(cc2)S(=O)(=O)c2ccc(cc2)NC(=O)*)cc1,227.33,tg
*CCCCCCCCCCCCCCCCCCCCOC(=O)c1ccccc1C(=O)O*,5.216,egc
*c1cc2C(c3c(c2cc1)ccc(c3)c1c(cc(c(c1)F)*)F)(CCCCCCCC)CCCCCCCC,34.0,tg
*Oc1ccc(Oc2ccc(C(=O)c3ccc(*)cc3)cc2)cc1C(=O)O,3.6534,egc
*C(=O)c1ccc2nc(-c3ccc(-c4nc5ccc(*)cc5nc4-c4ccccc4)cc3)c(-c3ccccc3)nc2c1,3.0508,egc
*SC(=O)CCC(CC*)C,-50.0,tg
*c1nc(nc(c1c1ccc(cc1)OC)OCCOC(=O)c1ccc(cc1)C(=O)OCCO*)c1ccc(cc1)OCCCC,94.0,tg
*c1cc2c(C(=O)N(C2=O)c2cc(ccc2)N2C(=O)c3c(C2=O)cc(cc3)C(=O)Oc2ccc(cc2)C(c2ccc(cc2)OC(=O)*)(C)C)cc1,225.0,tg
*c1ccc(-c2ccc(-c3cc(OCCCCCCCCCCCC)c(*)s3)s2)s1,1.9946,egc
*CCCCOC(=O)CCCCSCCCCC(=O)O*,5.4021,egc
*Nc1ccc(cc1)N[Se]*,55.0,tg
*c1ccc(C(F)(F)NC(*)(F)F)s1,4.48,eps
*OC(=O)c1ccc(cc1)c1ccc(cc1)C(=O)OCCCCCC*,52.0,tg
*CCOC(=O)CCCCCCC(=O)O*,0.8924,eea
*OP(=O)(OCCCCCCCCCCOc1ccc(cc1)C=Cc1ccc(cc1)OCCCCCCCCCC*)OCCCCCCCCCCOc1ccc(cc1)N=Nc1ccc(cc1)C#N,60.0,tg
*c1ccc2c(c1)c1cc(*)ccc1n2C(=O)OCC,3.932,egc
*c1cc2c(C(=O)N(C2=O)c2ccc(cc2)Oc2ccc(cc2)N2C(=O)c3c(C2=O)cc(cc3)C(=O)Nc2c(cc(cc2)NC(=O)*)OCCCCCCS(=O)(=O)c2ccc(cc2)C=Cc2ccc(cc2)N(C)C)cc1,192.0,tg
*CCC(F)(F)C(*)(F)F,3.08,eps
*CC(*)N1CCCC1=O,5.5902,egb
*NC(=O)CCCCCCCCCCCCCCC(=O)NCCCCCCCCCCCC*,46.0,tg
*Oc1c(cc(cc1)C=C1C(=O)C(=Cc2cc(c(cc2)OC(=O)c2ccc(cc2)N=Cc2ccc(cc2)C=Nc2ccc(cc2)C(=O)*)OC)CC1)OC,140.0,tg
*c1cc2c(C(=O)N(C2=O)c2ccc(cc2)Oc2ccc(cc2)C(=O)c2cc(ccc2)C(=O)c2ccc(cc2)Oc2ccc(cc2)N2C(=O)c3c(C2=O)cc(cc3)C(=O)*)cc1,227.82,tg
*C(CCC*)C,-56.55,tg
*N1C(=O)c2c(C1=O)cc(cc2)Oc1cc(ccc1)Oc1cc2c(C(=O)N(C2=O)c2ccc(cc2)Oc2ccc(cc2)S(=O)(=O)c2ccc(cc2)Oc2ccc(cc2)*)cc1,201.0,tg
*c1cccc(C(c2ccccc2)(c2cccc(N3C(=O)c4ccc(Oc5ccc6c(c5)C(=O)N(*)C6=O)cc4C3=O)c2)C(F)(F)F)c1,3.4747,egc
*Oc1cc(ccc1)OC(=O)c1cc(cc(c1)OCCCCC)C(=O)*,96.0,tg
*CCC(=O)C(S1)=CC=C1*,3.959,egc
*c1ccc2oc(*)nc2c1,3.9774,egc
*c1cc(CCOc2ccc(N=Nc3ccc(C#N)cc3)cc2)c(*)s1,2.0292,egc
*N1C(=O)c2c(C1=O)cc(cc2)c1cc2c(C(=O)N(C2=O)c2cc(cc(c2)C(F)(F)F)Oc2c(cc(cc2C)c2cc(c(c(c2)C)Oc2cc(cc(c2)C(F)(F)F)*)C)C)cc1,281.1,tg
*CC(=S)NO*,3.2554,egb
*OC(=O)c1cc(cc(c1)OCCC1CCN(CC1)c1ccc(cc1)S(=O)(=O)C(C(C(C(C(C(C(C(F)(F)F)(F)F)(F)F)(F)F)(F)F)(F)F)(F)F)(F)F)C(=O)OCCN(CC*)c1ccc(cc1)S(=O)(=O)C(C(C(C(C(C(C(C(F)(F)F)(F)F)(F)F)(F)F)(F)F)(F)F)(F)F)(F)F,86.0,tg
*Oc1c(cc(cc1OC)C=Cc1c(cc(c(c1)CCCCCC)C=Cc1cc(c(c(c1)OC)OCCCCCCCC*)OC)CCCCCC)OC,21.0,tg
*c1c2c(c(nn1)c1ccc(cc1)Oc1ccc(cc1)C(=O)c1ccc(cc1)Oc1ccc(cc1)*)c(c(c(c2c1ccccc1)c1cc2c(cc1)cccc2)c1cc2c(cc1)cccc2)c1ccccc1,305.67,tg
*C(C*)c1c(cccc1)COC,89.0,tg
*Oc1cc(ccc1)NC(=O)c1ccc(cc1)C(=O)Nc1cc(ccc1)OCCOCCOCC*,116.0,tg
*C(=S)C(F)(F)c1ccc(C(*)(F)F)s1,4.1531,eea
*Oc1c(cc(cc1)Oc1ccc(cc1)NC(=O)c1ccc(cc1)Oc1c(cc(cc1)Oc1ccc(cc1)C(=O)Nc1ccc(cc1)*)c1ccccc1)c1ccccc1,200.5,tg
*C(C(C(C*)OCC)C(=O)OC)C(=O)OC,50.0,tg
*Oc1ccc(cc1)S(=O)(=O)c1ccc(cc1)Oc1ccc(cc1)C1(CCCC1)c1ccc(cc1)Oc1ccc(cc1)S(=O)(=O)c1ccc(cc1)Oc1ccc(cc1)C=C1C(=O)C(=Cc2ccc(cc2)*)CC1,240.0,tg
*c1c2n(c3c(c2cc(c1)C(C)(C)C)cc(cc3C#C*)C(C)(C)C)CCCCCCCCCCCCCCCC,80.0,tg
*C(C*)(C(=O)OCCCCCCCCOc1ccc(cc1)N=Nc1ccc(cc1)C1OCC2(CO1)CC1C=CC2C1)C,106.2,tg
*C(=O)c1ccc(Oc2ccc(*)s2)cc1,2.0027,nc
*Cc1ccc(CNC(=O)CCCCCCCCCCCCCC(=O)N*)cc1,5.2897,egc
*C(=C(C(C(*)([2H])[2H])([2H])[2H])[2H])C([2H])([2H])[2H],-58.0,tg
*Nc1ccc(C(=O)c2ccc(*)s2)s1,3.0129,eea
*Nc1ccc(NC(=O)c2cc(NC(=O)c3ccccc3)cc(C(*)=O)c2)cc1,3.3958,egc
*c1nc2c([nH]1)ccc(c2)NC(=O)c1ccc(cc1)OCCOCCOCCOCCOc1ccc(cc1)C(=O)Nc1cc(ccc1)*,155.0,tg
*C1C(=O)N(C(=O)C1*)c1c(cccc1)C,335.0,tg
*c1ccc2n(c3c(c2c1)cc(cc3)c1cc2C(c3c(c2cc1)ccc(c3)*)(CCCCCC)CCCCCC)c1ccc(cc1)C,155.0,tg
*NC(=O)CCCCC(=O)NCC*,71.0,tg
*N1C(=O)c2c(C1=O)cc(cc2)C(=O)c1cc2c(C(=O)N(C2=O)CCCCCCCCCCC(=O)Nc2cc(ccc2)Oc2ccc(cc2)NC(=O)CCCCCCCCCC*)cc1,126.0,tg
*C1C(C2CC(C1C2)*)CCCCCC,237.33,tg
*NC(=O)CCCCCCCCCCCC(=O)NCCCCCCCCCCCCC*,56.5,tg
*N1C(=O)c2c(C1=O)cc(cc2)C(=O)Oc1cc2c(cc1)cc(cc2)OC(=O)c1cc2c(C(=O)N(C2=O)CC(CCC*)C)cc1,130.0,tg
*c1oc(nc1)c1cc(c(cc1)Oc1ccc(cc1)C(c1ccc(cc1)Oc1c(cc(cc1)*)C(F)(F)F)(C)C)C(F)(F)F,185.0,tg
*C(=S)Oc1ccc(-c2ccc(*)s2)s1,2.2317,nc
*Oc1ccc(Oc2ccc(*)s2)s1,3.9,eps
*Cc1ccc(COC(=O)CCC(=O)O*)cc1,5.464,egc
*NC1CCC(CC1)CC1CCC(CC1)NC(=O)CCCCC(=O)*,173.33,tg
*c1ccc(-c2cnc3cc(-c4ccc5nc(*)cnc5c4)ccc3n2)cc1,3.2178,egc
*CC(=S)c1ccc(N*)cc1,5.48,eps
*CCOCCOCCOC(=O)COCC(=O)O*,6.0666,egc
*CC(*)c1ccc(C(=O)OCC(C)C)cc1,4.8032,egb
*N1C(=O)c2c(C1=O)c(ccc2)Oc1c(cc(cc1C)Cc1cc(c(c(c1)C)Oc1c2c(C(=O)N(C2=O)c2ccc(cc2)Oc2ccc(cc2)*)ccc1)C)C,270.0,tg
*CCN(*)C(=O)CO,5.9405,egc
*CC(=O)OC(=O)*,6.3725,egc
*N1C(=O)c2c(C1=O)cc(cc2)Oc1cc2c(C(=O)N(C2=O)c2cc(c(c(c2)Br)Oc2c(cc(cc2Br)*)Br)Br)cc1,283.0,tg
*C1COC2C1OCC2OC(=O)C(NC(=O)CCCCC(=O)NC(C(=O)O*)CC(C)C)CC(C)C,91.0,tg
*c1cc(SC)c(*)s1,1.5945,egc
*Oc1cc2c(cc1)cc(cc2)C(=O)NCC*,182.0,tg
*C(C*)c1c(ccc(c1)C(=O)OC)c1ccc(cc1)OCCCCCCCC,126.0,tg
*c1ccc(C(=O)C(F)(F)C(*)(F)F)cc1,7.7091,ei
*Oc1cc(c(cc1)S(=O)(=O)c1c(cc(cc1)Oc1c(cc(cc1C)C(c1cc(c(c(c1)C)*)C)(C(F)(F)F)C(F)(F)F)C)C(O)(C(F)(F)F)C(F)(F)F)C(O)(C(F)(F)F)C(F)(F)F,196.0,tg
*[Si](C/C=C\C*)(C)C,-57.5,tg
*C(=O)c1ccc(-c2ccc(-c3ccc(*)cc3)s2)cc1,2.2925,nc
*c1cc2c(C(=O)N(C2=O)c2ccc(cc2)C(=O)OCCCCCOC(=O)*)cc1,90.0,tg
*CCOC(=O)CCCCCC(=O)O*,6.8822,egc
*c1oc(nn1)c1ccc(cc1)Oc1c2c(ccc1)c(ccc2)NC(=O)c1ccc(cc1)C(c1ccc(cc1)C(=O)Nc1c2c(ccc1)c(ccc2)Oc1ccc(cc1)*)(C(F)(F)F)C(F)(F)F,279.0,tg
*C=CCCCCCCCCCC(CCCCCCCCC*)Cl,-37.0,tg
*c1cc2c(C(=O)N(C2=O)c2ccc(cc2)C2(c3ccccc3c3ccccc23)c2ccc(cc2)N2C(=O)c3c(C2=O)cc(cc3)C(=O)*)cc1,368.2,tg
*OC(F)(F)c1ccc(C(*)(F)F)cc1,1.7269,nc
*C(C*)c1ccc(cc1)COCCC(C(C(C(F)(F)F)(F)F)(F)F)(F)F,13.0,tg
*CC(C=C1)=CC=C1OC(S2)=CC=C2*,4.5691,egc
*C(C*)(C(=O)OCc1c(c(ccc1)Cl)Cl)C,42.6,tg
*CNc1ccc(C(*)=O)s1,2.5818,egb
*Oc1ccc(OC(=O)c2ccc(OCCCCCCCCCCOc3ccc(C(*)=O)cc3)cc2)cc1S(=O)(=O)c1ccccc1,4.4922,egc
*OP(=O)(OCCOc1ccc(cc1)S(=O)(=O)c1ccc(cc1)OCC*)Oc1ccc(cc1)Br,59.0,tg
*C(=S)c1ccc(C(F)(F)C(*)(F)F)s1,4.1828,eea
*C=C1CCC(=Cc2ccc(Sc3ccc(*)o3)o2)C1=O,2.4731,egc
*CC(=S)C(=O)O*,2.0697,egb
*OC(=O)c1ccc(cc1)c1ccc(cc1)c1ccc(cc1)C(=O)OCCOCCOCCOCCOCCOCCOCCOCCOCCOCC*,13.33,tg
*NCC(F)(F)C(*)(F)F,7.8675,egb
*CC(=O)N*,6.0823,egc
*C=Cc1cccc(C=Cc2cc(*)nc(-c3ccccc3)n2)c1,3.248,egc
*Oc1ccc(C(=O)c2ccc(C(=O)NOC(*)=O)s2)cc1,2.9014,egb
*NNC(=O)c1cc(cc(c1)NC(=O)c1cc2c(C(=O)N(C2=O)c2ncc(cc2)C)cc1)C(=O)NNC(=O)c1ccc(cc1)C(=O)*,145.6,tg
*C1C(=O)N(C(=O)C1C(C*)(C)C)C,156.5,tg
*c1cccc(-c2nnc(-c3cccc(-c4nnc(*)o4)n3)o2)c1,3.6938,egc
*NC(=S)NC(C=C1)=CC=C1*,3.4701,egc
*c1nc2cc(S(=O)(=O)c3ccc4oc(C5CCC(*)CC5)nc4c3)ccc2o1,4.8558,egc
*CCC(=O)OC(=O)Cc1ccc(-c2ccc(*)cc2)cc1,6.1951,ei
*Oc1c2c(ccc1)ccc(c2)Oc1ccc(cc1)NC(=O)c1ccc(cc1)C(c1ccc(cc1)C(=O)Nc1ccc(cc1)*)(C(F)(F)F)C(F)(F)F,252.0,tg
*C(C*)(C(=O)OCCCCCCCCCCCCOc1cc2c(cc1)cc(cc2)C(=O)Oc1ccccc1)C,12.0,tg
*N1C(=O)c2c(C1=O)cc(cc2)Sc1ccc(cc1)Sc1ccc(cc1)Sc1cc2c(C(=O)N(C2=O)c2ccc(cc2)Sc2ccc(cc2)Sc2ccc(cc2)Sc2ccc(cc2)*)cc1,176.45,tg
*SC(C*)CC,-50.0,tg
*OC(=O)c1ccc(cc1)C=Cc1ccc(cc1)C(=O)OCCCCC*,60.0,tg
*N1C(=O)c2c(C1=O)cc(cc2)Oc1c2c(ccc1)c(ccc2)Oc1cc2c(C(=O)N(C2=O)c2ccc(cc2)Oc2ccc(cc2)S(=O)(=O)c2ccc(cc2)Oc2ccc(cc2)*)cc1,201.0,tg
*c1cc2c(C(=O)N(C2=O)c2ccc(cc2)Oc2ccc(cc2)N2C(=O)c3c(C2=O)cc(cc3)C(=O)Nc2ccc(cc2)Oc2c(cccc2)c2c(cccc2)Oc2ccc(cc2)NC(=O)*)cc1,239.0,tg
*NC(=O)c1ccc(C(*)=S)s1,2.2308,nc
*OC(CCCCC)CC(*)=O,6.5462,egc
*c1cc(CC(=O)OCCCCCCOc2ccc(N=Nc3ccc(C#N)cc3)cc2)c(*)s1,2.6018,egc
*c1c(cc(c(c1)OC)C(=Cc1c(cc(c(c1)OC)C=C(*)C#N)OCCCCCCCCCCCC)C#N)OCCCCCCCCCCCC,181.0,tg
*CC(=S)C(=O)O*,1.92,nc
*C(C*)c1ccc(cc1)COCCC,22.0,tg
*Nc1ccc(-c2ccc(Nc3ccc4c(c3)c3cc(*)ccc3n4CC(CC)CCCC)cc2)cc1,3.3558,egc
*c1cc2c(C(=O)N(C2=O)c2ccc(cc2)Oc2c(c(ccc2)Oc2ccc(cc2)N2C(=O)c3c(C2=O)cc(cc3)C(=O)Nc2cc(ccc2)Oc2c(c(ccc2)Oc2cc(ccc2)Oc2c(c(ccc2)Oc2cc(ccc2)NC(=O)*)C#N)C#N)C#N)cc1,199.0,tg
*Cc1ccc(C(=O)c2ccc(*)s2)s1,2.7131,egb
*Cc1ccc(Oc2ccc(*)s2)cc1,3.59,eps
*NC(=O)c1ccc(cc1)C(=O)NCCC(CCC*)C(C)C,146.5,tg
*c1cc2c(C(=O)N(C2=O)c2cc(ccc2)C(=O)Nc2ccc(cc2)c2ccc(cc2)NC(=O)c2cc(ccc2)N2C(=O)c3c(C2=O)cc(cc3)C(*)(C(F)(F)F)C(F)(F)F)cc1,324.0,tg
*CC(C)CO*,7.3501,egb
*C(C*)(C(=O)OCSC)C,60.0,tg
*c1ccc(-c2nc3cc(-c4ccc5nc(*)c(-c6ccccc6)nc5c4)ccc3nc2-c2ccccc2)cc1,2.983,egc
*CCCCCCNC(=O)CCCCCCCCC(=O)N*,6.0268,egc
*c1c2n(c3c(c2cc(c1)C(C)(C)C)cc(cc3C#CC#C*)C(C)(C)C)CCCCCCCCCCCCCCCC,67.0,tg
*Oc1c(cc(c(c1)OC(=O)c1ccc(cc1)OCCCC)OC(=O)CCCCCCCC(=O)*)OC(=O)c1ccc(cc1)OCCCC,38.0,tg
*Cc1ccc(C(=S)O*)cc1,2.8319,eea
*C1C(CC(C1)C=C*)(C[Si](C)(C)C)C#N,128.0,tg
*Oc1ccc(cc1)N1ON1c1ccc(cc1)OCCCCCCOC(=O)C(C(=O)OCCCCCC*)CCCCCCCCCCP(=O)(O)O,12.5,tg
*N1C(=O)c2c(C1=O)cc(cc2)Oc1ccc(cc1)Oc1cc2c(C(=O)N(C2=O)c2ccc(cc2)Oc2ccc(cc2)S(=O)(=O)c2ccc(cc2)Oc2ccc(cc2)*)cc1,201.0,tg
*Oc1cc(c(cc1)CCc1ccc(cc1)OCCCCCCCCC*)C,-1.1,tg
*c1sc(cc1CCCCCCOC(=O)COC)*,37.0,tg
*N1C(=O)c2c(C1=O)cc(cc2)Oc1ccc(cc1)C(c1ccc(cc1)Oc1cc2c(C(=O)N(C2=O)c2ccc(cc2)Oc2ccc(cc2)*)cc1)(C)C,217.25,tg
*C(c1cccs1)=c1ccc(=c2ccc(=C(c3cccs3)c3ccc(-c4ccc(*)s4)s3)s2)s1,1.0381,egc
*Oc1c(c(c(c(c1C)C)NC(=O)c1ccc(cc1)C(=O)Nc1ccc(cc1)*)C)C,333.0,tg
*N=P(*)(Oc1ccc(cc1)C)Oc1ccc(cc1)C,0.3,tg
*C1CC(C)(C)OC1*,5.8529,egc
*C1OCC(CO1)OC(=O)CCCCCCC*,6.5,tg
*CC1CC(*)OC(C)O1,6.0468,egc
*Oc1ccc(cc1)C(c1ccc(cc1)OC(=O)c1ccc(cc1)C(c1ccc(cc1)C(=O)*)(CC)C)(C)C,207.5,tg
*N1C(=O)c2c(C1=O)c(ccc2)Oc1ccc(cc1)S(=O)(=O)c1ccc(cc1)Oc1c2c(C(=O)N(C2=O)c2ccc(cc2)Oc2cc(ccc2)Oc2ccc(cc2)*)ccc1,230.0,tg
*OC(=S)OC(*)=O,7.3548,ei
*CC(*)(F)F,1.6122,nc
*C(=O)c1ccc(C(=O)c2ccc(*)s2)cc1,7.268,ei
*C1OCCC1*,131.43,tg
*Oc1cc(ccc1)NC(=O)c1ccc(cc1)[Si](c1ccc(cc1)C(=O)*)(C)C,220.0,tg
*C1COC2C1OCC2OC(=O)OCCCCCCOC(=O)O*,25.67,tg
*OS(=O)(=O)c1ccc(cc1)Oc1ccc(cc1)S(=O)(=O)Oc1ccc(cc1)C(c1ccc(cc1)*)(C)C,110.0,tg
*C(C*)c1ccc(cc1)COCCOCCCCCCCC,-42.0,tg
*Oc1c2c(ccc1)ccc(c2)Oc1ccc(cc1)NC(=O)c1ccc(cc1)Oc1cc(ccc1)Oc1ccc(cc1)C(=O)Nc1ccc(cc1)*,196.0,tg
*OC(c1ccc(OC)cc1)C(C)(C)C(*)=O,5.0038,egc
*c1c(cc(cc1)*)C(=O)c1ccc(cc1)C,202.0,tg
*c1ccc([Si](c2ccccc2)(c2ccccc2)c2ccc(-c3nnc(*)o3)cc2)cc1,4.0946,egc
*c1nc2c(c(c1)c1ccccc1)cc(cc2)Oc1cc2c(nc(cc2c2ccccc2)c2c(ccc(c2)*)OCCN(c2ccc(cc2)c2sc(cc2)C(=C(C#N)C#N)c2sc(cc2)c2ccc(cc2)N(CC)CC)CC)cc1,205.0,tg
*Nc1ccc(cc1)c1ccc(cc1)NC(=O)c1cc(cc(c1)S(=O)(=O)c1ccccc1)C(=O)*,319.0,tg
*c1cc2c(C(=O)N(C2=O)c2cc(ccc2)N2C(=O)c3c(C2=O)cc(cc3)C(=O)Nc2cc(cc(c2)c2nc3c([nH]2)cccc3)NC(=O)*)cc1,361.0,tg
*c1ccc(*)c(C(=O)c2c(F)c(F)c(F)c(F)c2F)c1,4.0903,egc
*Cc1ccc(-c2ccc(-c3ccc(*)s3)s2)s1,2.0787,eea
*c1cc(OCC(=O)C23CC4CC(CC(C4)C2)C3)c(*)cc1OC,4.0135,egc
*C(F)(F)CC(F)(F)C(S1)=CC=C1*,5.0751,egc
*C(C*)c1ccc(cc1)S(=O)(=O)N(S(=O)(=O)C(F)(F)F)[Li],152.0,tg
*c1ccc(OC(=O)c2cccc(C(=O)Oc3ccc(C4(*)OC(=O)c5ccccc54)cc3)c2)cc1,3.9147,egc
*Oc1ccc(cc1)C(=O)OCCCCCCOC(=O)c1ccc(cc1)*,15.0,tg
*CCCCCCCCc1nc(-c2ccc(-c3csc(*)n3)cc2)cs1,3.6182,egc
*OP(=O)(N=Nc1ccc(cc1)Oc1ccc(cc1)N=NP(=O)(OCC*)OCC)OCC,22.0,tg
*c1cc2Oc3c(C4(c2cc1)c1ccccc1c1ccccc41)ccc(c3)OC(=O)O*,295.0,tg
*c1cc2c(C(=O)N(C2=O)c2cc(ccc2)C(=O)Nc2ccc(cc2)Oc2ccc(cc2)C(c2ccc(cc2)Oc2ccc(cc2)NC(=O)c2cc(ccc2)N2C(=O)c3c(C2=O)cc(cc3)C(*)(C(F)(F)F)C(F)(F)F)(C)C)cc1,259.0,tg
*O[Si](C)(C)Oc1ccc(*)cc1,4.9485,egc
*OC(C)CCOC(=O)CC(*)=O,6.8752,egc
*CCCC(*)=O,1.6556,nc
*Oc1ccc(OC(=O)c2ccc(C(*)=O)cc2)cc1,3.7683,egc
*S(=O)(=O)NCCNS(=O)(=O)c1cc(ccc1)*,107.0,tg
*N1C(=O)c2c(C1=O)cc(cc2)Oc1ccc(cc1)S(=O)(=O)c1ccc(cc1)Oc1cc2c(C(=O)N(C2=O)c2ccc(cc2)Oc2ccc(cc2)*)cc1,260.0,tg
*Oc1ccc(cc1)C1(CCC(CC1)C(c1ccc(cc1)Oc1ccc(cc1)C(=O)c1ccc(cc1)*)(C)C)C,200.0,tg
*Oc1ccc(cc1)C(=O)Nc1cc(cc(c1)C(=O)OCCOC(=O)C=Cc1ccc(cc1)N(C)C)NC(=O)c1ccc(cc1)*,182.0,tg
*CC1CC(*)OCO1,6.5995,egc
*C(C*)c1ccc(cc1)c1cc2C(c3c(c2cc1)ccc(c3)c1cc2C(c3c(c2cc1)cccc3)(CCCCCC)CCCCCC)(CCCCCC)CCCCCC,78.33,tg
*Nc1ccc(NC(*)=S)s1,5.78,eps
*Oc1c(cc(cc1)OC(=O)c1c(cc(cc1)C(=O)*)Sc1ccccc1)C,130.0,tg
*C(C*)(CC(=O)O)C(=O)O,141.0,tg
*CC(=S)C(S1)=CC=C1O*,2.8161,egc
*C=NN=Cc1cc(CCCCCCCCCCCC)c(*)s1,1.846,egc
*Cc1ccc(CNC(=O)CCCCCCCCCCCCCCCCCCCCC(=O)N*)cc1,5.5873,egc
*OC1(C)CCC(*)CC1CCCCCCCC,5.4763,egc
*CC(S1)=CC=C1CC(=S)*,3.2956,egc
*C(=O)c1ccc(C(=O)C(*)=S)s1,6.8471,ei
*CC(*)(C)C(=O)OCc1ccc2c(c1)c1ccccc1n2CC,3.4735,egc
*CCCCCCCCCCOC(=O)CCCCCCCCC(=O)O*,6.7107,egc
*Oc1ccc(cc1)CC(NC(=O)CCc1ccc(cc1)OC(=O)*)C(=O)OCCCC,67.0,tg
*c1cc2c(C(=O)N(C2=O)c2ccc(cc2)Oc2c(cccc2)c2c(cccc2)Oc2ccc(cc2)N2C(=O)c3c(C2=O)cc(cc3)C(=O)Nc2ccc(cc2)Oc2ccc(cc2)c2ccc(cc2)Oc2ccc(cc2)NC(=O)*)cc1,254.0,tg
*C(C*)CCCCCCC,-47.0,tg
*C(=O)c1ccc(Oc2ccc(*)s2)cc1,6.1761,ei
*C(c1ccc(N(C)C)cc1)C(*)c1ccc([N+](=O)[O-])cc1,2.3431,egc
*c1nc2c(c(c1)c1ccccc1)cc(cc2)Oc1cc2c(nc(cc2c2ccccc2)c2c(ccc(c2)*)OCCCCCCN(c2ccc(cc2)C(=C(C#N)C#N)C#N)CC)cc1,175.0,tg
*c1cc2c(C(=O)N(C2=O)c2c(ccc(c2)c2cc(c(cc2)O)N2C(=O)c3c(C2=O)cc(cc3)C(*)(C(F)(F)F)C(F)(F)F)O)cc1,350.0,tg
*Cc1ccc(C(=O)c2ccc(*)s2)s1,6.3555,ei
*C(C=C1)=CC=C1C(=S)OC(=S)*,2.8098,egc
*OC(C*)C,-58.58,tg
*C(C*)c1ccc(cc1)C#N,180.0,tg
*N(c1ccc(cc1)C(c1ccc(cc1)*)c1ccc(cc1)C#N)c1ccc(cc1)C,230.0,tg
*NC(=O)CCCCC(=O)NCCCCCCCCC*,60.33,tg
*N1C(=O)c2c(C1=O)cc(cc2)Oc1cc2c(C(=O)N(C2=O)c2cc(ccc2)C(c2cc(ccc2)*)(C(F)(F)F)C(F)(F)F)cc1,224.5,tg
*N1CC(O)=C(C2C(=O)C3=C(C2=O)C(C)(F)N3*)C1=O,3.4532,egc
*C(=O)c1ccc2c(c1)C(=O)N(c1ccc(OCC(C)(C)COc3ccc(N4C(=O)c5ccc(*)cc5C4=O)cc3)cc1)C2=O,2.7216,egc
*Oc1ccc(cc1)S(=O)(=O)c1ccc(cc1)Oc1ccc(cc1)C1(CCCCC1)c1ccc(cc1)Oc1ccc(cc1)S(=O)(=O)c1ccc(cc1)Oc1ccc(cc1)C=C1C(=O)C(=Cc2ccc(cc2)*)CCC1,190.0,tg
*Oc1c(cc(cc1Br)C(c1cc(c(c(c1)Br)OC(=O)c1cc(ccc1)C(=O)*)Br)(C)C)Br,115.0,tg
*OC(=O)c1cc(ccc1)C(=O)OCC*,56.5,tg
*c1cc2c(C(=O)N(C2=O)c2ccc(cc2)Oc2c3c(ccc2)c(ccc3)Oc2ccc(cc2)N2C(=O)c3c(C2=O)cc(cc3)C(=O)Nc2ccc(cc2)Oc2ccc(cc2)S(=O)(=O)c2ccc(cc2)Oc2ccc(cc2)NC(=O)*)cc1,260.0,tg
*CCCCOC(=O)SSSSC(=O)O*,4.6274,egc
*NC(=S)NO*,2.0671,nc
*c1cncc(-c2nnc(-c3nnc(*)o3)o2)n1,3.6277,egc
*CNc1ccc(C(*)=S)s1,1.6806,egb
*CC(=O)OC(=O)c1ccc(O*)cc1Br,4.4665,egc
*CC(*)C(F)(F)F,8.2263,egc
*Nc1ccc(-c2ccc(-c3ccc(*)s3)cc2)cc1,5.94,eps
*C(=O)c1ccc2c(c1)C(=O)N(c1ccc(C(c3ccc(N4C(=O)c5ccc(*)cc5C4=O)cc3)(C(F)(F)F)C(F)(F)F)cc1)C2=O,3.0171,egc
*c1oc2c(n1)ccc(c2)c1ccc2c(oc(n2)c2ccc(cc2)C(c2ccc(cc2)*)(C(F)(F)F)C(F)(F)F)c1,345.0,tg
*Nc1ccc(cc1)Cc1ccc(cc1)NC(=O)c1cc(cc(c1)NC(=O)CCCCCN1C(=O)c2c(C1=O)cccc2)C(=O)*,195.0,tg
*CCOCCOCCOCCOC(=O)NCCCCCCNC(=O)O*,6.0228,egc
*c1nc(nc(c1c1ccc(cc1)OCCCC)OCCOC(=O)CCCC(=O)OCCO*)c1ccc(cc1)OCCCC,37.0,tg
*c1[nH]c(nc1c1ccc(cc1)Oc1ccc(cc1)C(=O)c1ccc(cc1)C(=O)c1ccc(cc1)Oc1ccc(cc1)*)c1ccccc1,248.0,tg
*c1cc2c(C(=O)N(C2=O)c2ccc(cc2)Oc2ccc(cc2)N2C(=O)c3c(C2=O)cc(cc3)c2c(c(c(c(c2c2ccccc2)c2ccccc2)c2ccc(cc2)Sc2ccc(cc2)c2c(c(c(c(c2c2ccccc2)c2ccccc2)*)c2ccccc2)c2ccccc2)c2ccccc2)c2ccccc2)cc1,322.0,tg
*c1c2c(C(=O)N(C2=O)N2C(=O)c3c(C2=O)cc(cc3)Sc2ccc(cc2)Sc2ccc(cc2)S*)ccc1,242.0,tg
*c1ccc2cc(*)n(C(C(=O)NO)n3ccc4ccccc43)c2c1,3.8694,egc
*OC(=S)c1ccc(C(*)=O)cc1,3.4955,eea
*C(C*)C(=O)NCCC[N+](C)(C)C,78.0,tg
*c1cc2c(C(=O)N(C2=O)c2c3c(ccc2)c(ccc3)Oc2ccc(cc2)N2C(=O)c3c(C2=O)cc(cc3)C(=O)Nc2ccc(cc2)Oc2ccc(cc2)NC(=O)*)cc1,278.0,tg
*Oc1ccc(cc1)C(=O)Nc1ccc(cc1)C(c1ccc(cc1)NC(=O)c1ccc(cc1)OC(=O)c1cc(ccc1)C(=O)*)(C(F)(F)F)C(F)(F)F,227.0,tg
*CC(F)(F)C(F)(F)C(F)(F)C(F)(F)COC(=O)O*,7.7624,egc
*CCOCCOCCOC(=O)NCCCCCCNC(=O)O*,6.2098,egc
*c1ccc2c(nc([nH]2)c2cc(ccc2)c2nc3c([nH]2)ccc(c3)C(=O)Nc2ccc(cc2)S(=O)(=O)c2ccc(cc2)NC(=O)*)c1,312.0,tg
*Oc1ccc(cc1)CC(NC(=O)CCc1ccc(cc1)OC(=O)CC(CCC(=O)*)C)C(=O)OC(CC)C,45.0,tg
*O[Si](CCCN=C1c2c(C(=NCCC[Si](*)(C)C)C=C1)c(ccc2O)O)(C)C,32.9,tg
*Oc1ccc(N=Nc2ccc(*)cc2)cc1,3.1576,egc
*NC(=O)CCC1(c2ccccc2c2ccccc12)CCC(=O)NCCCCCC*,122.0,tg
*Oc1ccc(cc1)C(=O)c1ccc(cc1)NC(=O)c1ccc(cc1)C(=O)Nc1ccc(cc1)C(=O)c1ccc(cc1)*,187.0,tg
*Oc1c(cc(cc1)S(=O)(=O)c1cc(c(cc1)OCC(C*)O)C)C,132.5,tg
*OC(=O)C1CCC(CC1)C(=O)OCC1CCC(CC1)C*,67.68,tg
*Oc1ccc(cc1)CC(NC(=O)CCc1ccc(cc1)OC(=O)CCCCCCCCC(=O)*)C(=O)OCC,44.0,tg
*Oc1ccc(cc1)C(c1ccc(cc1)OC(=O)*)C,122.2,tg
*N1C(=O)c2c(C1=O)cc(cc2)Oc1ccc(cc1)Oc1cc2c(C(=O)N(C2=O)c2c(cc(cc2)Cc2cc(c(cc2)*)OC)OC)cc1,269.0,tg
*c1ccc2cc(N(*)c3ccccc3)ccc2c1,2.8541,egc
*N1C(=O)C2C3C4C(C(C2C1=O)C=C3)C(=O)N(C4=O)CCCCCCCCCC*,219.0,tg
*N1C(=O)c2c(C1=O)cc(cc2)Oc1ccc(cc1)Sc1ccc(cc1)Oc1cc2c(C(=O)N(C2=O)c2ccc(cc2)Oc2ccc(cc2)Oc2ccc(cc2)*)cc1,201.0,tg
*c1cc2c(C(=O)N(C2=O)c2cc(cc(c2)OCCCCCCCC)N2C(=O)c3c(C2=O)cc(cc3)C(*)(C(F)(F)F)C(F)(F)F)cc1,195.0,tg
*SC(C*)(C)C,-14.0,tg
*C(C*)c1c(ccc(c1)C(=O)Oc1ccc(cc1)OCCCCCCCCCC)C(=O)Oc1ccc(cc1)OCCCCCCCCCC,109.0,tg
*Oc1c(c(ccc1)Oc1cc(ccc1)NC(=O)c1c(ccc(c1)Oc1cc(c(cc1)C(=O)O)C(=O)Nc1cc(ccc1)*)C(=O)O)C#N,200.1,tg
*N1C(=O)c2c(C1=O)cc(cc2)c1cc2c(C(=O)N(C2=O)c2cc(cc(c2)C(=O)NCCCCCCCCCCCCCC)*)cc1,247.6,tg
*C(=C(*)c1ccccc1)c1ccc(cc1)CCCC,200.0,tg
*C(C*)OCCCCC,-66.0,tg
*C(C*)(C(=O)OCCCCCCCCCCCOc1ccc(cc1)C=Nc1ccc(cc1)C#N)C,23.0,tg
*c1cc2c(C(=O)N(C2=O)c2cc(ccc2)Nc2nc(nc(n2)Nc2cc(ccc2)N2C(=O)c3c(C2=O)cc(cc3)C(=O)*)N(c2ccccc2)c2ccccc2)cc1,290.0,tg
*Nc1ccc(C(C)(C)c2ccc(NC(=O)c3cc(C(*)=O)cc(N4C(=O)C5C6CCC(C6)C5C4=O)c3)cc2)cc1,4.0843,egc
*Oc1ccc(cc1)C(c1ccc(cc1)Oc1ccc(cc1)C(=O)Nc1cc(ccc1)NC(=O)c1ccc(cc1)*)(C)C,214.0,tg
*OC(=O)c1c(ccc(c1)N=Nc1ccc(cc1)OCC)c1c(cc(cc1)N=Nc1ccc(cc1)OCC)C(=O)OCCCCCC*,83.0,tg
*C(CC(C*)c1ccc(cc1)CCl)(C#N)C#N,150.0,tg
*CCCCCC(*)CC,6.7743,egc
*C(C*)(CC(=O)Oc1ccccc1)C(=O)Oc1ccccc1,132.0,tg
*c1ccc(-c2ccc(-c3nc4cc(Oc5ccc6nc(-c7ccccc7)c(*)nc6c5)ccc4nc3-c3ccccc3)cc2)cc1,3.1965,egc
*N1C(=O)c2c(C1=O)cc(cc2)Sc1cc2c(C(=O)N(C2=O)c2ccc(cc2)Oc2ccc(cc2)*)cc1,258.0,tg
*Oc1ccc(cc1)NC(=C(C#N)C#N)c1ccc(cc1)c1ccc(cc1)C(=C(C#N)C#N)Nc1ccc(cc1)*,220.0,tg
*C1(OC(C(O1)(F)C(F)(F)F)(F)F)C(*)(F)F,131.18,tg
*C(=CCCC*)c1ccc(cc1)OC,11.0,tg
*c1cc(CCCCCC)c(*)[nH]1,2.8742,egc
*Oc1ccc(C(=O)c2cccc(C(=O)c3ccc(*)cc3)c2)cc1,3.9576,egc
*CCOCCOCCOc1ccc(C=C(C)c2ccc(O*)cc2)cc1,3.8885,egc
*C(F)(F)C(F)(F)C(C=C1)=CC=C1C(=S)*,3.118,egc
*Oc1ccc(cc1)CC(NC(=O)CCc1ccc(cc1)OC(=O)CCCCC(=O)*)C(=O)OCc1ccccc1,54.5,tg
*c1ccc(C(=O)Nc2cccc(-n3c(=O)c4cc5c(=O)n(*)c(=O)c5cc4c3=O)c2)cc1,2.445,egc
*C(Cl)=C(Cl)C(Cl)(Cl)C(*)(Cl)Cl,4.2472,egc
*CCCCCCOC(=O)CCCCCNC(=O)O*,6.4222,egc
*CCCCCCCCCCCCOC(=O)CCCCCCCCCCC(=O)O*,6.669,egc
*NC(=O)c1cc(ccc1)C(=O)NCCC(C(CC*)C)C,125.0,tg
*c1cc2c(s1)-c1sc(*)cc1C2=C1c2ccsc2-c2sccc21,1.3371,egc
*N1C(=O)c2c(C1=O)cc(cc2)Oc1cc2c(C(=O)N(C2=O)c2cc(cc(c2)OCCCC)*)cc1,237.0,tg
*C(F)(F)C(F)(F)C(C=C1)=CC=C1C(S2)=CC=C2*,3.7339,egc
*c1cccc(-c2nc3cc(-c4ccc5[nH]c(*)nc5c4)ccc3[nH]2)c1,3.5069,egc
*c1ccc(C2(c3ccc(N4C(=O)c5ccc(-c6ccc7c(c6)C(=O)N(*)C7=O)cc5C4=O)cc3)c3ccccc3-c3ccccc32)cc1,2.7114,egc
*OC(=O)c1ccc(cc1)c1ccc(cc1)C(=O)OCC(C*)(CCC)C,95.0,tg
*c1ccc2nc(*)sc2c1,2.966,egc
*c1ccc(-c2ccc(-c3ccc(-c4ccc(*)cc4)cc3)cc2)cc1,2.5835,egb
*CCCCCC(=O)NCCCCCCNC(=O)CCCCCO*,5.7609,egc
*Nc1cc(cc(c1)C(=O)Oc1ccccc1)NC(=O)c1ccc(cc1)C(=O)*,200.0,tg
*NC(=O)C(=CC(=O)NCCCCCCCCCC*)C,74.0,tg
*CCOC(=O)C1CCC(C(=O)O*)CC1,6.4481,egb
*C(C*)OC(=O)C(C(CC)(C)C)(C)C,90.0,tg
*c1nnc(nc1c1ccc(cc1)Oc1ccc(cc1)S(=O)(=O)c1ccc(cc1)Oc1ccc(cc1)*)c1ncccc1,265.0,tg
*CC(=O)CC(*)=O,5.6663,ei
*Oc1ccc(cc1)NC(=O)c1c(ccc(c1)c1cc(c(cc1)C(=O)OCC)C(=O)Nc1ccc(cc1)*)C(=O)OCC,190.15,tg
*OC(=O)OCC(=C)COCC(=C)C*,70.5,tg
*OC(=O)CCC(=O)OCC1CCC(CC1)C*,-1.0,tg
*OC(=O)Nc1ccc(cc1)Cc1ccc(cc1)NC(=O)OCCCCCCCCC*,72.0,tg
*N1C(=O)c2c(C1=O)cc(cc2)Oc1cc2c(C(=O)N(C2=O)c2cc(ccc2)C(c2cc(ccc2)*)(c2ccccc2)C(F)(F)F)cc1,293.0,tg
*Cc1ccc(-c2ccc(-c3ccc(*)s3)cc2)cc1,5.3793,ei
*CCc1ccc(-c2ccc(*)cc2)cc1,5.6867,ei
*CCc1ccc(*)c(Cl)c1Cl,5.1237,egc
*Oc1ccc(cc1)c1cc(c(c(c1)c1ccccc1)c1ccc(cc1)NC(=O)c1ccc(cc1)C(=O)Nc1ccc(cc1)c1c(cc(cc1c1ccccc1)c1ccc(cc1)OCCCCCCCCCC*)c1ccccc1)c1ccccc1,116.0,tg
*OC(F)(F)NC(*)(F)F,9.067,ei
*c1cc2c(C(=O)N(C2=O)c2ccc(cc2)OCCOCCOCCOc2ccc(cc2)N2C(=O)c3c(C2=O)cc(cc3)C(=O)*)cc1,200.0,tg
*C1C(=O)N(C(=O)C1*)c1cc(c(c(c1)Br)O[Si](C)(C)C)Br,167.0,tg
*CCCCCCCCCCOC(=O)CC(C)(C)CC(=O)O*,6.7584,egc
*Oc1ccc(cc1)CC(NC(=O)CCc1ccc(cc1)OC(=O)CCC(=O)*)C(=O)OCC(C)C,75.0,tg
*NC(=O)NO*,5.5354,egc
*c1ccc(-c2ccc(-n3c(=O)c4cc5c(=O)n(*)c(=O)c5cc4c3=O)cc2F)c(F)c1,2.7749,egc
*c1nc(nc(c1c1ccc(cc1)OC)OCCOC(=O)c1cc(ccc1)C(=O)OCCO*)c1ccc(cc1)OCCCC,92.0,tg
*c1ccc(-c2ccc(-c3ccc(-c4ccc(*)s4)s3)cc2)cc1,2.6224,eea
*Oc1ccc(cc1)Oc1ccc(cc1)Oc1ccc(cc1)NC(=O)c1cc(cc(c1)C(C)(C)C)C(=O)Nc1ccc(cc1)*,230.0,tg
*OC(C*)CS(=O)(=O)C,59.4,tg
*C(C*)(C(=O)OCC#N)C,91.0,tg
*Nc1ccc(-c2ccc(NC(=O)c3cccc(C(*)=O)c3)cc2)cc1,3.4939,egc
*N1C(=O)c2c(C1=O)cc(cc2)c1cc2c(C(=O)N(C2=O)c2cc(ccc2)OCCCCCCCCCCOc2cc(ccc2)*)cc1,125.0,tg
*Oc1c(cc(cc1Br)*)Br,196.0,tg
*C(C*)(C(=O)OCCCCCCCCCCOc1ccc(cc1)C#Cc1c(cc(c(c1)C)C=Cc1ccncc1)C)C,51.0,tg
*Nc1ccc(C(=S)c2ccc(*)cc2)s1,1.7781,egb
*Oc1ccc(NC(=O)c2cc(NC(=O)c3ccccc3)cc(C(=O)Nc3ccc(*)cc3)c2)cc1,3.6254,egc
*CCCCCCNC(=S)Nc1ccc(NC(=S)N*)cc1,4.17,eps
*CCCCCC(=O)NCCNC(=O)CCCCCOC(=O)CCCCC(=O)O*,5.9333,egc
*c1ccc(Sc2ccc(-c3nn(-c4ccc(S(=O)(=O)c5ccc(-n6nc(*)c7ccccc7c6=O)cc5)cc4)c(=O)c4ccccc34)cc2)cc1,3.5491,egc
*C(C*)c1cc(ccc1)OC(=O)C,76.0,tg
*Nc1ccc(-c2ccc(C(*)=S)cc2)cc1,5.3872,ei
*c1ccc(cc1)C(=Cc1c(cc(c(c1)OC)C=C(*)c1ccc(cc1)OC)OC)c1ccc(cc1)OC,170.0,tg
*Sc1ccc(cc1)Cc1ccc(cc1)SC(=O)*,117.0,tg
*CNCC(*)=S,6.0922,ei
*C1C(=O)N(C(=O)C1*)CCCCCOc1ccc(cc1)c1ccc(cc1)C#N,75.0,tg
*SSCCCCCC*,-74.0,tg
*c1cc(CCCC)c(*)s1,2.5394,egc
*c1ccc(-c2ccc(-c3ccc(*)n3C)n2C)cn1,2.931,egc
*OC(=O)C/C=C/CC(=O)OCCCCCCCCCCCCCCCC*,-22.0,tg
*CC1CC1CNC(=O)C1CC1C(=O)N*,5.6374,egb
*CC(*)(C)C(=O)OCC[N+](=O)[O-],4.7247,egc
*CCCCCCCCCCCCNC(=O)CCP(C)(=O)CCC(=O)N*,5.7027,egc
*Oc1ccc(cc1)C(c1ccc(cc1)OCC(COC(=O)C1CCC(CC1)C(=O)OCC(C*)O)O)(C)C,70.0,tg
*O[Si](O[Si](O[Si](O[Si](c1ccc(cc1)Oc1ccc(cc1)[Si](*)(C)C)(C)C)(C)C)(C)C)(C)C,-52.0,tg
*c1nc2c(nc1c1ccccc1)cc(cc2)c1cc2c(nc(c(n2)c2cc(ccc2)*)c2ccccc2)cc1,319.0,tg
*C(C(C(C*)OC(=O)C)CCC(O)(C)C=C)(C)C,85.0,tg
*C(=O)NC1CCCC(*)O1,6.2047,egc
*C(=O)Oc1ccc(C(*)=S)cc1,4.83,eps
*c1ccc(cc1)*,291.5,tg
*Oc1ccc(cc1)C(c1ccc(cc1)Oc1ccc(cc1)C(=O)c1c(c(c(c(c1c1ccc(cc1)F)c1ccc(cc1)F)c1ccc(cc1)F)c1ccc(cc1)F)C(=O)c1ccc(cc1)*)(C(F)(F)F)C(F)(F)F,253.0,tg
*CC(=O)C(=S)C(*)=O,4.8698,eea
*CCCCC(C)CCn1c(=O)c2cc3c(=O)n(*)c(=O)c3cc2c1=O,3.7606,egc
*Cc1ccc(-c2ccc(C(*)=S)s2)cc1,1.9323,egb
*C(=O)c1ccc2c(c1)C(=O)N(c1cccc(Cc3ccc(C(=O)c4ccc(N5C(=O)c6ccc(*)cc6C5=O)cc4)cc3)c1)C2=O,2.9158,egc
*Oc1ccc(cc1)C(c1cc(ccc1)C(c1ccc(cc1)Oc1ccc(cc1)C(=O)Nc1cc(ccc1)NC(=O)c1ccc(cc1)*)(C)C)(C)C,155.0,tg
*Oc1ccc(C(c2ccc(OC(=O)c3cccc(C(*)=O)c3)cc2)C(Cl)(Cl)Cl)cc1,3.8681,egc
*CCOCCOC(=O)O*,6.6617,egb
*[Si](CCC*)(c1ccccc1)C,-1.5,tg
*Oc1ccc(cc1)C(c1ccc(cc1)OC(=O)*)(c1ccccc1)C,180.0,tg
*Oc1cc2c(cc1)cc(cc2)Oc1ccc(cc1)S(=O)(=O)c1ccc(cc1)Oc1ccc(cc1)C(=O)c1ccc(cc1)*,199.0,tg
*N1CCN(CC1)C(=O)c1ccc(cc1)C(c1ccc(cc1)C(=O)*)(CC)C,225.5,tg
*C1C2C3C(C=CC3)C(C1*)C2,103.55,tg
*N1C(=O)c2c(C1=O)c(ccc2)Oc1ccc(cc1)Oc1ccc(cc1)Oc1c2c(C(=O)N(C2=O)c2ccc(cc2)Oc2cc(ccc2)Oc2ccc(cc2)*)ccc1,198.0,tg
*CCCCCc1nnc(*)o1,6.1707,egc
*NC(=S)NC(*)=S,2.2528,nc
*c1nc(-c2ccccc2)nc(N(*)c2ccccc2)n1,3.8771,egc
*Oc1ccc(Cc2ccc(*)cc2)cc1,1.1795,eea
*Oc1ccc(cc1)S(=O)(=O)c1ccc(cc1)Oc1ccc(cc1)C12CC3(CC(CC(C1)C3)C2)c1ccc(cc1)*,242.0,tg
*NC(=O)c1ccc(O*)s1,3.0418,egb
*c1sc(cc1)C(=O)Oc1ccc(cc1)[Si](c1ccc(cc1)OC(=O)*)(CC)CC,-62.0,tg
*CCOC(=O)NC1CCC(NC(=O)O*)CC1,6.3209,egc
*Oc1ccc(cc1)C(c1ccc(cc1)Oc1ccc(cc1)C(=O)Nc1ccc(cc1)NC(=O)c1ccc(cc1)*)(C)C,230.0,tg
*NC(=O)c1ccc(cc1)C(=O)NCC(CCC*)(C)C,157.0,tg
*C(=O)CCN1CCN(CCC(=O)N2CCN(*)C(C)C2)CC1,4.9509,egc
*S(=O)(=O)c1c(cc(cc1C)C(c1cc(c(c(c1)C)*)C)(C)C)C,229.0,tg
*CC(*)OC(=O)c1ccc(OC)cc1,4.435,egc
*C(C*)OC(=O)c1ccc(cc1)C,66.75,tg
*Oc1ccc(cc1)C(c1ccc(cc1)OC(=O)c1ccc(cc1)OCCCCCCCCCCOc1ccc(cc1)C(=O)*)(C(F)(F)F)C(F)(F)F,89.0,tg
*C(C*)c1c(ccc(c1)C(=O)OCCCCCC)c1ccc(cc1)OCCCCCCCC,64.0,tg
*CCCCCCOC(=O)NCCCCCCNC(=O)O*,6.343,egc
*CC(*)OC(=O)CCC#N,6.425,egc
*Oc1ccc(OC(*)=O)cc1,3.95,eps
*c1c2c(c(nn1)c1ccc(cc1)Oc1ccc(cc1)C(c1ccc(cc1)Oc1ccc(cc1)*)(C)C)c(c(c(c2c1ccc(cc1)F)c1ccc(cc1)F)c1ccc(cc1)F)c1ccc(cc1)F,276.67,tg
*Oc1ccc(cc1)Oc1ccc(cc1)OCC(COc1ccc(cc1)C(c1ccc(cc1)OCC(C*)O)(C)C)O,85.0,tg
*Oc1ccc(Oc2ccc(C(=O)c3ccc(*)cc3)cc2)cc1C(=O)OC,3.7296,egc
*c1ccc(-c2ccc(N3C(=O)c4ccc(-c5cccc6c5C(=O)N(*)C6=O)cc4C3=O)c(C)c2)cc1C,2.9133,egc
*CC(C)(C)CO*,5.8123,egc
*Cc1ccc(Cc2ccc(*)s2)cc1,3.4,eps
*N1C(=O)c2c(C1=O)cc(cc2)P(=O)(c1cc2c(C(=O)N(C2=O)c2cc(ccc2)*)cc1)c1ccccc1,323.0,tg
*C(C*)OC(=O)CC(c1ccccc1)(C)C,20.0,tg
*c1sc(cc1)C(=O)OC(COC(=O)*)COc1ccc(cc1)N=Nc1ccc(cc1)C#N,119.0,tg
*OC(=O)c1ccc(cc1)C(C(C(c1ccc(cc1)C(=O)*)(F)F)(F)F)(F)F,98.0,tg
*OC(=O)CCCCCCCCC(=O)OCC#CC*,-30.88,tg
*c1ccc2c(c1)C(=O)N(c1cc(N3C(=O)c4ccc(C(*)(C(F)(F)F)C(F)(F)F)cc4C3=O)c(O)cc1O)C2=O,2.7003,egc
*NC(=S)NCCCCCCC*,52.0,tg
*Nc1c(cc(cc1)NC(=O)c1ccc(cc1)NC(=O)CCCCCCCCC(=O)Nc1ccc(cc1)C(=O)*)C(=O)OCCCCCCCCCCCC,228.5,tg
*C(C*)(C(=O)OCCCCCCCC/C=C\CCCCCCCC)C,-40.0,tg
*CCOC(=O)Nc1cccc2c(NC(=O)O*)cccc12,3.9352,egc
*Nc1c(I)cc(C(*)=O)cc1I,3.842,egc
*N1C(=O)c2c(C1=O)cc(cc2)c1cc2c(C(=O)N(C2=O)c2ccc(cc2)Cc2ccc(cc2)*)cc1,298.0,tg
*Oc1c(cc(cc1)OC(=O)c1c(cc(c(c1)OCCCc1ccccc1)C(=O)*)OCCCc1ccccc1)C,91.0,tg
*C1C(=O)OC(=O)C1C(C*)OCCCC,118.0,tg
*OC(=O)OCCCCCCCCCCOC(=O)OC1COC2C(*)COC12,6.1689,egb
*NC(=O)NO*,1.8753,nc
*CCCOC(=O)NCCCCCCNC(=O)O*,6.2372,egc
*Oc1ccc(cc1)S(=O)(=O)c1ccc(cc1)Oc1c(cc(c(c1)C)C(c1c(cc(c(c1)C(C)C)*)C)c1c(cccc1)C(=O)O)C(C)C,240.0,tg
*Oc1ccc(cc1)C=CC(=O)c1ccc(cc1)Oc1ccc(cc1)C(c1ccc(cc1)*)(c1ccccc1)C,167.0,tg
*CCCCCCOC(=O)NCCCNC(=O)O*,6.0865,egc
*CCNC(=O)c1cccc(O*)c1,4.5918,egc
*C(=O)Nc1ccc(NC(=O)c2ccc3c(c2)C(=O)N(c2ccc(Oc4ccc(N5C(=O)c6ccc(*)cc6C5=O)cc4)cc2)C3=O)cc1,2.6514,egc
*CC(=O)c1ccc(C(*)=S)s1,2.3542,egb
*OC(COC(*)=O)COC(C)(C)C,6.0333,egc
*OCC(C*)(CS(=O)(=O)C(C)C)CS(=O)(=O)C(C)C,91.0,tg
*OC(F)(F)C(=S)C(*)(F)F,3.6,eps
*C(C*)(C(=O)OC12CC3CC(CC(C1)C3)C2)C,183.0,tg
*CC(=O)Nc1ccc(NC(=O)CN2C(=O)c3ccc(C(=O)c4ccc5c(c4)C(=O)N(*)C5=O)cc3C2=O)cc1,2.4122,egc
*c1oc(cc1)COC(=O)NCCCCCCNC(=O)OC*,33.0,tg
*c1nnc(nc1)c1nc(ccc1)c1nc(cnn1)c1ccc(cc1)Oc1ccc(cc1)*,223.0,tg
*Nc1ccc(cc1)c1ccc(cc1)NC(=O)c1cc(cc(c1)NC(=O)c1ccncc1)C(=O)*,339.0,tg
*Cc1ccc(C(=O)O*)s1,3.78,egb
*OP(=O)(Oc1ccc(cc1)NC(=O)Oc1ccc(cc1)c1ccc(cc1)OC(=O)Nc1ccc(cc1)*)c1ccccc1,34.0,tg
*Oc1cc(c(c(c1)Cl)C(c1c(cc(cc1Cl)OC(=O)*)Cl)(C)C)Cl,240.0,tg
*N1C(=O)c2c(C1=O)cc(cc2)C(=O)Oc1ccc(cc1)C(c1ccc(cc1)C(c1ccc(cc1)OC(=O)CCCCCCCCCCC*)(C)C)(C)C,97.0,tg
*Oc1ccc(cc1)C(c1ccc(cc1)OCC(C*)O)(C)C,87.45,tg
*CCCCCCCCCCCCNC(=O)NCCCCCCCCCCNC(=O)N*,5.6621,egc
*CC(c1ccccc1)C1C(=O)OC(=O)C1*,5.3123,egc
*c1ccc2oc(-c3ccc4nc(*)oc4c3)nc2c1,3.155,eea
*C(C*)c1c(ccc(c1)Cl)Cl,108.0,tg
*Oc1ccc(cc1)C(c1ccc(cc1)OC(=O)OCCN(CCOC(=O)*)c1ccc(cc1)OC)(C)C,60.0,tg
*c1cc2c(C(=O)N(C2=O)c2cc(ccc2)Cc2ccc(cc2)Cc2cc(ccc2)N2C(=O)c3c(C2=O)cc(cc3)C(=O)*)cc1,240.0,tg
*OC(C)CCOC(=O)CCCCCCCCCCC(*)=O,6.742,egc
*c1cc2C3(CCC(CC3)(C3=NC(CO3)Cc3ccccc3)C3=NC(CO3)Cc3ccccc3)c3c(c2cc1)ccc(c3)c1cc2C(c3c(c2cc1)ccc(c3)*)(CCCCCC)CCCCCC,142.0,tg
*Cc1ccc(-c2ccc(-c3ccc(*)cc3)cc2)cc1,3.67,eps
*Oc1cc(c(cc1)S(=O)(=O)c1c(cc(cc1)Oc1c(cc(cc1C)C(c1cc(c(c(c1)C)*)C)(C(F)(F)F)C(F)(F)F)C)C(OC)(C(F)(F)F)C(F)(F)F)C(OC)(C(F)(F)F)C(F)(F)F,163.0,tg
*c1cc2c(oc(n2)c2ncc(cc2)c2oc3c(n2)cc(cc3)C(*)(C(F)(F)F)C(F)(F)F)cc1,352.0,tg
*c1ccc(N2C(=O)c3ccc(-c4cccc5c4C(=O)N(*)C5=O)cc3C2=O)cc1,3.1892,egc
*OC(=O)C(C*)C,-26.33,tg
*c1ccc2c(c1)c(=O)oc(n2)c1cc(cc(c1)N1C(=O)c2c(C1=O)cccc2)c1oc(=O)c2c(ccc(c2)C*)n1,322.0,tg
*c1cc2c(C(=O)N(C2=O)c2cc(ccc2)Oc2ccc(cc2)P(=O)(c2ccc(cc2)Oc2cc(ccc2)N2C(=O)c3c(C2=O)cc(cc3)C(*)(C(F)(F)F)C(F)(F)F)c2ccccc2)cc1,243.0,tg
*CCC(=O)c1ccc(*)s1,1.8757,nc
*N1C(=O)c2c(C1=O)c(ccc2)c1cc2c(C(=O)N(C2=O)c2cc(ccc2)C(=O)Nc2ccc(cc2)Oc2cc(ccc2)Oc2ccc(cc2)NC(=O)c2cc(ccc2)*)cc1,253.0,tg
*C(C*)(C(=O)OCCN(C)C)C,24.75,tg
*CCCCCCOC(=O)SNc1ccc(Cc2ccc(NSC(=O)O*)cc2)cc1,4.1148,egc
*CC(=S)c1ccc(O*)s1,5.946,ei
*CCCNC(=O)CCCCCCCCCCCCCCCCCCC(=O)N*,5.894,egc
*c1cc2c(C(=O)N(C2=O)c2ccc(cc2)Oc2ccc(cc2)C2(c3c(C(=O)N2)cccc3)c2ccc(cc2)Oc2ccc(cc2)N2C(=O)c3c(C2=O)cc(cc3)C(=O)Nc2ccc(cc2)Sc2ccc(cc2)NC(=O)*)cc1,312.0,tg
*Cc1ccc(CO*)s1,6.0202,ei
*N1C(=O)c2c(C1=O)cc(cc2)Oc1ccc(cc1)C(c1ccc(cc1)C(c1ccc(cc1)Oc1cc2c(C(=O)N(C2=O)c2ccc(cc2)N(c2ccc(cc2)*)c2ccc(cc2)C#N)cc1)(C)C)(C)C,224.0,tg
*Oc1ccc(C2(c3ccc(OC(=O)c4ccc(C(*)=O)cc4)cc3)CC3CC2C2CCCC32)cc1,3.4323,egc
*C=CC1CC(*)C2C(=O)N(CCCCCCCCC)C(=O)C12,5.4434,egc
*CC(*)(F)C(=O)OCC(F)(F)C(F)(F)F,6.4706,egc
*c1nc2c(nc1c1ccccc1)cc(cc2)c1cc2c(nc(c(n2)c2ccccc2)c2ccc(cc2)Oc2ccc(cc2)Oc2ccc(cc2)Oc2ccc(cc2)*)cc1,263.0,tg
*NC(=O)c1ccc(C(*)=O)s1,3.408,eea
*C(C*)OC(=O)CCCC(=O)c1ccc(cc1)C,40.0,tg
*OC(=O)c1ccc(cc1)N=CNc1ccc(cc1)C(=O)OCCCC*,91.0,tg
*Oc1ccc(cc1)Oc1ccc(cc1)OCCCCCCOC(=O)OCCCCCOC(=O)OCCCCCC*,-11.0,tg
*Cc1ccc(-c2ccc(N*)cc2)cc1,1.9585,nc
*c1c2C(=O)N(C(=O)c2c(c2ccccc12)c1ccc(cc1)Oc1ccc(cc1)C(=O)c1cc(ccc1)C(=O)c1ccc(cc1)Oc1ccc(cc1)*)CCCCCCCCCCCC,140.0,tg
*O[Si](c1c(cc(c(c1)OCCO)[Si](*)(C)C)OCCO)(C)C,73.0,tg
*Oc1ccc(cc1)CC(NC(=O)CCc1ccc(cc1)OC(=O)CCCCCCC(=O)*)C(=O)OC(C)C,46.0,tg
*c1nc2c(c(c1)c1ccc(cc1)c1ccc(cc1)Oc1ccccc1)cc(cc2)c1cc2c(nc(cc2c2ccc(cc2)c2ccc(cc2)Oc2ccccc2)c2ccc(cc2)c2ccc(cc2)*)cc1,352.0,tg
*OC(=O)Nc1c(cc(cc1)c1cc(c(cc1)NC(=O)OCCN(CC*)c1ccc(cc1)N=Nc1ccc(cc1)[N+](=O)[O-])C)C,119.5,tg
*c1nc2c(nc1c1ccccc1)cc(cc2)Oc1cc2c(nc(c(n2)c2ccc(cc2)*)c2ccccc2)cc1,326.0,tg
*c1cc2c(C(=O)N(C2=O)c2ccc(cc2)C(=O)Nc2ccc(cc2)C(=O)OCCCCCCCCCCCCOC(=O)*)cc1,74.0,tg
*CC(*)C#N,7.7741,egc
*CCCCCc1nc2cc3sc(*)nc3cc2s1,4.2723,egc
*Oc1ccc(cc1)C(=O)NNC(=O)c1cc(ccc1)C(=O)NNC(=O)c1ccc(cc1)OC(=O)c1cc(ccc1)C(=O)*,180.0,tg
*NC(=O)CCCCCCCCCCCCCCC(=O)NCCCCCC*,40.0,tg
*CC(=O)Nc1ccc(*)s1,1.8784,nc
*NC(=O)C(=O)NCC(CCC*)(C)C,109.0,tg
*C(C*)c1c(cccc1)C(=O)NC,189.0,tg
*N1C(=O)c2c(C1=O)cc(cc2)Oc1cc2c(C(=O)N(C2=O)c2c(ccc(c2)C(c2cc(c(cc2)OCCN(c2ccc(cc2)C=CC2=CC(=C(C(=O)OCCc3ccccc3)C#N)CC(C2)(C)C)c2ccccc2)*)(C(F)(F)F)C(F)(F)F)OCCN(c2ccc(cc2)C=CC2=CC(=C(C(=O)OCCc3ccccc3)C#N)CC(C2)(C)C)C)cc1,177.0,tg
*c1ccc(C(F)(F)CC(*)(F)F)cc1,3.47,eps
*C(=O)c1ccc(-c2ccc(C(*)=S)cc2)s1,5.9,eps
*CCOCCOCCOCCOC(=O)CCSCCC(=O)O*,5.3735,egc
*Oc1ccc(Oc2ccc(*)cc2)s1,1.8525,nc
*Oc1ccc(cc1)S(=O)(=O)c1ccc(cc1)Oc1ccc(cc1)C(=O)c1cc(cc(c1)Br)C(=O)c1ccc(cc1)*,192.0,tg
*CCOCCOC(=O)C(C)C(=O)O*,6.4398,egc
*N1C(=O)c2c(C1=O)cc(cc2)Oc1cc2c(cc1Oc1cc3c(C(=O)N(C3=O)c3ccc(cc3)Oc3c(cccc3)Oc3ccc(cc3)*)cc1)cccc2,204.0,tg
*Cc1ccc(NO*)s1,4.04,eps
*OP(=O)(OCCCCCCOc1c(cc(cc1)C=C1C(=O)C(=Cc2cc(c(cc2)OCCCCCC*)OC)CC1)OC)OCC,75.0,tg
*c1c(c(nc2c1cccc2)c1ccc(cc1)c1nc2c(c(c1c1ccccc1)c1ccc(cc1)Oc1ccc(cc1)*)cccc2)c1ccccc1,273.0,tg
*Oc1ccc(OC(*)=O)s1,5.9838,ei
*CCc1ccc(-c2ccc(*)s2)s1,2.7315,egb
*NC(=O)C(C(C(=O)NCCCCCC*)OC)OC,106.0,tg
*c1cc2c(nc(c(n2)c2ccc(cc2)c2c(nc3c(n2)cc(cc3)C(=O)*)c2ccccc2)c2ccccc2)cc1,323.79,tg
*N1C(=O)c2c(C1=O)c(ccc2)c1cc2c(C(=O)N(C2=O)c2cc(ccc2)C(=O)Nc2ccc(cc2)Oc2ccc(cc2)NC(=O)c2cc(ccc2)*)cc1,291.0,tg
*C(C*)(C(=O)OC(COc1ccc(cc1)c1ccccc1)COc1ccc(cc1)c1ccccc1)C,85.0,tg
*C(C*)C=C,-13.22,tg
*N1C(=O)C2C(C1=O)CC(CC2)C1CC2C(C(=O)N(C2=O)c2ccc(cc2)Oc2ccc(cc2)S(=O)(=O)c2ccc(cc2)Oc2ccc(cc2)*)CC1,256.5,tg
*CCCC(*)=O,5.13,egb
*NC(=O)NO*,5.14,eps
*Oc1ccc(cc1)C(c1ccc(cc1)Oc1ccc(cc1)C(=O)c1ccc(cc1)*)(C(F)(F)F)C(F)(F)F,170.5,tg
*Oc1ccc(cc1)Oc1ccc(cc1)OC(=O)c1cc(ccc1)C(=O)*,164.5,tg
*NC(=O)c1c(cc(cc1)C(=O)NCCCCCC*)Oc1ccc(cc1)Cl,112.5,tg
*CCCCCCCCc1nnc(*)o1,6.3765,egc
*CC(C)(C)COC(=O)O*,7.3547,egc
*N1C(=O)c2c(C1=O)cc(cc2)Oc1cc2c(C(=O)N(C2=O)c2c(ccc(c2)C(c2cc(c(cc2)OCCN(c2ccc(cc2)C=CC2=CC(=C(C#N)C#N)CC(C2)(C)C)c2ccccc2)*)(C(F)(F)F)C(F)(F)F)OCCN(c2ccc(cc2)C=CC2=CC(=C(C#N)C#N)CC(C2)(C)C)c2ccccc2)cc1,220.0,tg
*CNC(C=C1)=CC=C1C(=O)*,3.6383,egc
*Cc1ccc(C(=O)c2ccc(*)s2)s1,2.8498,eea
*OC(=O)NCCCCCCNC(=O)OCCCCCCCCCCCCCCCC*,39.0,tg
*Oc1ccc(C(=O)c2ccc(C(=O)NOC(*)=O)s2)cc1,4.55,eps
*OCC(F)(F)C(*)(F)F,1.5633,nc
*Oc1cc2c(cc1)ccc(c2)Oc1ccc(cc1)C(=O)Nc1ccc(cc1)Oc1ccc(cc1)C(c1ccc(cc1)C(c1ccc(cc1)Oc1ccc(cc1)NC(=O)c1ccc(cc1)*)(C)C)(C)C,166.0,tg
*CC(*)OC=O,6.9603,egc
*C(C*)C1CCCCC1,117.68,tg
*CC#CC#CCOc1ccc(-c2ccc(O*)cc2)cc1,4.0246,egc
*Cc1ccc(NO*)cc1,5.6115,ei
*Nc1ccc(-c2ccc(NC(=O)c3cc(C(=O)O)c(C(*)=O)cc3C(=O)O)cc2)cc1,3.2555,egc
*c1cc2c(C(=O)N(C2=O)c2c3c(c(cc2C)c2cc(c(c4c2cccc4)N2C(=O)c4c(C2=O)cc(cc4)C(*)(C(F)(F)F)C(F)(F)F)C)cccc3)cc1,403.0,tg
*Oc1cc(ccc1)NC(=O)c1ccc(cc1)C(=O)Nc1cc(ccc1)OCCCCCCCC*,122.0,tg
*CCCNC(=O)NCCCCCCNC(=O)O*,5.4226,egc
*Oc1c(cc(cc1C)S(=O)(=O)c1cc(c(c(c1)C)OCC(COc1c(cc(cc1C)C(c1cc(c(c(c1)C)OCC(C*)O)C)(C)C)C)O)C)C,145.0,tg
*CC(*)(C)C#N,7.6319,egc
*NC(=O)c1cc(cc(c1)NC(=O)C(C(CC)C)N1C(=O)c2c(C1=O)cccc2)C(=O)NCCCCCC*,135.0,tg
*C(=O)NCCCCCCNC(=O)N1CCN(*)CC1,5.4634,egc
*CC(F)(F)C1(F)CC(CC(O)(C(F)(F)F)C(F)(F)F)CC1*,7.7065,egc
*N(CC*)C(=O)CCCCCCCCCCC,10.0,tg
*OC(=O)CCC(CC*)C,-53.0,tg
*CCC(=O)c1ccc(*)cc1,1.8245,nc
*C(=O)OCC(C)(C)COC(=O)N1CC(C)N(*)CC1C,5.8365,egc
*OC(c1ccc(Cl)cc1)C(C)(C)C(*)=O,4.9195,egc
*C(C*)(CC(=O)Oc1ccc(cc1)OCCC)C(=O)Oc1ccc(cc1)OCCC,94.5,tg
*N1C(=O)c2c(C1=O)cc(cc2)c1cc2c(C(=O)N(C2=O)Cc2oc(cc2)C(c2oc(cc2)C*)(C)C)cc1,129.0,tg
*O[Si](Oc1ccc(cc1)*)(C)C,90.0,tg
*NC(S1)=CC=C1NC(S2)=CC=C2*,2.5847,egc
*NC(CC(*)=O)C(=O)OCCCCCCCCCCCC,5.8778,egc
*CC(CO*)(CS(=O)(=O)CCCC)CS(=O)(=O)CCCC,5.4465,egc
*CCCCOC(=O)NCCNC(=O)O*,6.2788,egc
*NC1CC(CC(C1)(CNC(=O)c1cc(cc(c1)NC(=O)C(C(CC)C)N1C(=O)c2c(C1=O)cccc2)C(=O)*)C)(C)C,128.0,tg
*Oc1ccc(C(CCCC)(CCCC)c2ccc(OC(*)=O)cc2)cc1,4.9969,egc
*O[Si](O[Si](O[Si](O[Si](CC[Si](O[Si](CC[Si](*)(c1ccccc1)c1ccccc1)(C)C)(C)C)(c1ccccc1)c1ccccc1)(c1ccccc1)c1ccccc1)(c1ccccc1)c1ccccc1)(c1ccccc1)c1ccccc1,11.0,tg
*c1cc2c(C(=O)N(C2=O)c2c(cc(c(c2C)N2C(=O)c3c(C2=O)cc(cc3)C(=O)Nc2ccc(cc2)NC(=O)*)C)C)cc1,327.0,tg
*OC(=O)CCCCC(=O)OCC(CC(CC*)(C)C)C,-70.0,tg
*CNCCCOCO*,6.3776,ei
*C(C*)OC(=O)C(F)(F)F,52.4,tg
*CCN(*)C(=O)c1c(F)cccc1F,4.4989,egc
*CNc1ccc(C(*)=O)cc1,1.9491,nc
*CC(O*)c1ccccc1,5.2866,egc
*OC(CC)(CC)C(*)=O,6.0873,egc
*N1C(=O)c2c(C1=O)c(c(c(c2c1ccccc1)c1ccccc1)c1ccc(cc1)Oc1ccc(cc1)c1c(c2c(C(=O)N(C2=O)c2ccc(cc2)Oc2ccc(cc2)*)c(c1c1ccccc1)c1ccccc1)c1ccccc1)c1ccccc1,360.0,tg
*OC(C*)C1C(C(C1)(F)F)(F)F,-25.0,tg
*c1cc2c(C(=O)N(C2=O)c2ccc(cc2)c2sc(c(c2c2ccccc2)c2ccccc2)c2ccc(cc2)N2C(=O)c3c(C2=O)cc(cc3)C(=O)Nc2cc(ccc2)C(=O)c2cc(ccc2)NC(=O)*)cc1,308.0,tg
*Oc1c2c(ccc1)c(ccc2)OC1(C(C(C1(F)F)(F)F)(*)F)F,124.8,tg
*CCOCCOC(=O)NCCNC(=O)O*,6.3071,egc
*OCC(C*)(COCC(C(C(F)(F)F)(F)F)(F)F)C,-45.0,tg
*Cc1ccc(-c2ccc(N*)s2)s1,1.9938,nc
*CCCCCCSSCCCCSS*,4.2836,egb
*NCCCNC(=O)NC(*)=O,1.7499,nc
*CCN(*)C(=O)c1ccc(OC)cc1,5.0115,egc
*Oc1ccc(cc1)S(=O)(=O)c1ccc(cc1)Oc1ccc(cc1)C(=O)c1cc(cc(c1)I)C(=O)c1ccc(cc1)*,203.0,tg
*Oc1ccc(C(CC)c2ccc(OC(*)=O)cc2)cc1,5.1581,egc
*NC(=O)Nc1ccc(*)cc1,1.9598,nc
*c1ccc(SSc2ccc(-n3c(=O)c4cc5c(=O)n(*)c(=O)c5cc4c3=O)cc2)cc1,2.3111,egc
*CCCc1ccc(*)cc1,4.7657,egb
*OP(=O)(N=Nc1ccc(cc1)Oc1ccc(cc1)N=NP(=O)(OCc1ccc(cc1)C*)OC)OC,50.0,tg
*Oc1ccc(cc1)C1(CCCCC1)c1ccc(cc1)OC(=O)OC1C(C(C1(C)C)OC(=O)*)(C)C,136.0,tg
*Oc1c(C)cc(N=Nc2ccc(C(*)=O)cc2)cc1C,3.7116,egc
*C(=O)Nc1cccc(C(=O)Nc2cccc(NC(=O)c3ccc4[nH]c(-c5cccc(-c6nc7cc(*)ccc7[nH]6)c5)nc4c3)c2)c1,3.186,egc
*Oc1ccc(cc1)Oc1ccc(cc1)NC(=O)c1ccc(cc1)Oc1ccc(cc1)C(c1cc(ccc1)C(c1ccc(cc1)Oc1ccc(cc1)C(=O)Nc1ccc(cc1)*)(C)C)(C)C,147.0,tg
*Oc1ccc(cc1)C1(c2ccccc2c2ccccc12)c1ccc(cc1)Oc1ccc(cc1)C(=O)c1cc(ccc1)c1cc(ccc1)C(=O)c1ccc(cc1)*,212.0,tg
*Oc1ccc(Oc2ccc(Oc3cccc(*)n3)cc2)cc1,4.1433,egc
*Nc1ccc(NC(*)=S)s1,2.2133,eea
*C1(OC(CO1)c1ccccc1)C*,75.0,tg
*c1ccc2c(nc([nH]2)c2cc(cc(c2)N2C(=O)c3c(C2=O)cccc3)c2nc3c([nH]2)ccc(c3)C(=O)Nc2cc(ccc2)NC(=O)*)c1,304.0,tg
*c1cc2c(C(=O)N(C2=O)c2ccc(cc2)Oc2c(cc(c(c2)C(C)(C)C)Oc2ccc(cc2)N2C(=O)c3c(C2=O)cc(cc3)C(=O)*)C(C)(C)C)cc1,288.0,tg
*C(C*)(C(=O)Oc1ccc(cc1)C(=O)C=Cc1cc(c(cc1)OC)OC)C,137.0,tg
*CC(C(=O)Oc1ccccc1)C(C(=O)O)C(*)(C)C,5.2905,egc
*OC1(O)CCCC(*)C1,6.0531,egc
*Oc1ccc(cc1)S(=O)(=O)c1ccc(cc1)Oc1ccc(cc1)C(=O)c1ccc(cc1)*,201.67,tg
*C(C*)(C(=O)OCCCCCCOc1ccc(cc1)C(=O)Oc1ccc2c(c1)oc(=O)cc2)C,102.0,tg
*Nc1ccc(NC(=O)c2ccc(C(=O)c3ccc(C(*)=O)c(C(=O)O)c3)cc2C(=O)O)cc1,3.0554,egc
*NC(S1)=CC=C1C(S2)=CC=C2C(=O)*,2.263,egc
*CCC1CCC(*)C1,7.1099,egc
*Oc1ccc(cc1)C(=O)OCCN(CCOC(=O)c1ccc(cc1)OCC#CC#CC*)c1ccc(cc1)N=Nc1ccc(cc1)[N+](=O)[O-],100.0,tg
*OC(=O)Nc1ccc(cc1)Cc1ccc(cc1)NC(=O)OCC(C*)(C)C,94.0,tg
*c1oc(nn1)c1ccc(cc1)C(=O)OCCCCCCCCOc1ccc(cc1)C=C1C(=O)C(=Cc2ccc(cc2)OCCCCCCCCOC(=O)c2ccc(cc2)*)CC1,99.0,tg
*CC(=O)c1ccc(-c2ccc(*)s2)s1,2.3893,egb
*N1C(=O)c2c(C1=O)cc(cc2)Oc1cc2c(C(=O)N(C2=O)c2cc(ccc2)C(C(C(C(C(c2cc(ccc2)*)(F)F)(F)F)(F)F)(F)F)(F)F)cc1,138.5,tg
*NC(=O)Nc1ccc(*)s1,4.94,eps
*c1ccc(C(=S)c2ccc(-c3ccc(*)s3)s2)cc1,3.54,eea
*O[Si](*)(CCCCCCCCCCCOc1ccc(cc1)/C=C/c1ccc(cc1)C#N)C,-55.0,tg
*Nc1ccc(-c2ccc(-c3ccc(*)s3)cc2)s1,1.6397,egb
*Oc1c(cc(c(c1)C(C)(C)C)Oc1ccc(cc1)C(=O)c1ccc(cc1)*)C(C)(C)C,206.0,tg
*c1ccc2c(nc([nH]2)c2cc(cc(c2)N2C(=O)c3c(C2=O)cccc3)c2nc3c([nH]2)ccc(c3)C(=O)Nc2ccc(cc2)S(=O)(=O)c2ccc(cc2)NC(=O)*)c1,325.0,tg
*C(C*)CC1CCCCC1,75.0,tg
*CC(=O)C(=S)O*,4.8,eps
*Oc1ccc(C(=O)c2ccc(*)cc2)cc1,4.32,eps
*C(C*)(C(=O)OCCCCCCCCCCCCCC)C,-72.0,tg
*Oc1cc(Cl)cc(Cl)c1*,4.3654,egc
*c1sc(cc1)c1cc(c(cc1)Oc1ccc(cc1)C(c1ccc(cc1)Oc1c(cc(cc1)*)C(F)(F)F)(C)C)C(F)(F)F,123.33,tg
*CC(OC(C)=O)C1C(=O)N(c2ccc(C)cc2)C(=O)C1(*)Cl,4.7107,egc
*c1cc2c(C(=O)N(C2=O)c2cc(cc(c2)OCCCCCCCCCCCCCCCC)N2C(=O)c3c(C2=O)cc(cc3)C(=O)*)cc1,179.0,tg
*C(=O)C(F)(F)CC(*)(F)F,4.9978,egb
*C(C*)OC(C(F)(F)F)(C(F)(F)F)F,60.0,tg
*C(C=C1)=CC=C1C(=S)C(C=C2)=CC=C2C(=S)*,2.6743,egc
*C(C*)c1ccc(cc1)B(O[Si](C)(C)C)O[Si](C)(C)C,84.0,tg
*Oc1cc2c(cc1)ccc(c2)Oc1ccc(cc1)C(=O)Nc1ccc(cc1)Oc1ccc(cc1)S(=O)(=O)c1ccc(cc1)Oc1ccc(cc1)NC(=O)c1ccc(cc1)*,227.0,tg
*CCC(=O)O*,1.6631,nc
*Oc1cc(ccc1)C(=O)c1ccc(cc1)*,132.67,tg
*OP(=O)(Oc1c(c(c(c(c1Cl)Cl)*)Cl)Cl)Oc1ccccc1,79.0,tg
*C(=S)NC(F)(F)C(*)(F)F,3.81,eps
*C(C*)(C(=O)OCCCCCCCCCCCOc1cc2c(cc1)cc(cc2)C(=O)Oc1ccccc1)C,10.0,tg
*NC(=O)CCCCCCCCCCCC*,41.0,tg
*Oc1ccc(CC(*)=O)cc1,4.8618,egc
*c1cc2C(c3c(c2cc1)ccc(c3)c1c(cc(c(c1)CCCCCCCC)*)CCCCCCCC)(CCCCCC)CCCCCC,74.5,tg
*CC(*)OCC(=O)OC,5.3903,egc
*C(=S)c1ccc(C(=S)c2ccc(*)cc2)cc1,5.6051,ei
*C(C*)c1ccc(cc1)C(=NO)Cc1ccccc1,111.0,tg
*CNC(S1)=CC=C1C(=O)*,3.1504,egc
*C(C*)(C(=O)OCC1CCC1)C,114.0,tg
*C(=C*)CCCOc1ccc(cc1)OC(=O)c1ccc(cc1)OCCCCCCCC,38.25,tg
*N1C(=O)c2c(C1=O)cc(cc2)C(=O)c1cc2c(C(=O)N(C2=O)CC2C3C(CC2)C2C(CC3C2)C*)cc1,217.0,tg
*Oc1ccc(cc1)Oc1ccc(cc1)NC(=O)c1ccc(cc1)Oc1ccc(cc1)Oc1ccc(cc1)C(=O)Nc1ccc(cc1)*,236.0,tg
*OS(=O)(=O)c1cc(ccc1)C(=O)c1cc(ccc1)S(=O)(=O)Oc1ccc(cc1)C(c1ccc(cc1)*)(C)C,122.0,tg
*OC(=O)CCCCCC(*)=O,5.9809,egc
*c1ccc(C(c2ccccc2)(c2ccc(-c3nc4ccc(-c5ccc6nc(*)oc6c5)cc4o3)cc2)C(F)(F)F)cc1,3.4178,egc
*C(C*)(C(=O)OCCCCCC(=O)Oc1ccc(cc1)OC(=O)c1ccc(cc1)OC)C,40.0,tg
*C(C*)Cc1ccc(cc1)C,62.5,tg
*C(C)C(*)O,6.0639,egc
*CC(C=C1)=CC=C1C(S2)=CC=C2C(=S)*,2.7839,egc
*CC(*)C(=O)OCC(F)(F)C(F)(F)OC(F)(F)C(F)(F)C(F)(F)C(F)(F)F,6.9089,egc
*N1C(=O)c2c(C1=O)c(ccc2)Oc1c(cc(cc1C)Cc1cc(c(c(c1)C)Oc1c2c(C(=O)N(C2=O)c2cc(ccc2)*)ccc1)C)C,269.0,tg
*Cc1ccc(CNC(=O)c2cccc(C(=O)N*)c2)cc1,4.6753,egc
*Oc1ccc(cc1)N1ON1c1ccc(cc1)OCCCCCCOC(=O)C(C(=O)OCCCCCC*)CCCCP(=O)(OCC)OCC,11.5,tg
*c1ccc(*)c(OC)c1N,4.71,egc
*N1C(=O)c2c(C1=O)cc(cc2)Oc1ccc(cc1)C(=O)Nc1ccc(cc1)Cc1ccc(cc1)*,250.0,tg
*C=CC1CC(*)C(F)(F)C1(F)OC(F)(F)C(F)(F)C(F)(F)F,3.4449,egc
*c1nc(sc1)N=Cc1ccc(cc1)OCCCCCCCCOc1ccc(cc1)C=Nc1nc(cs1)c1ccc(cc1)Oc1ccc(cc1)*,150.0,tg
*C1(C(=O)OC(=O)C(C1)(C*)C)C,144.0,tg
*c1cc2c(C(=O)N(C2=O)c2ccc(cc2)C(=O)Nc2ccc(cc2)Oc2ccc(cc2)C(c2ccc(cc2)Oc2ccc(cc2)NC(=O)*)(C)C)cc1,216.0,tg
*CCCCCOC(=O)O*,7.3186,egc
*Oc1c(cc(cc1Cl)C(c1cc(c(c(c1)Cl)OC(=O)*)Cl)C(Cl)(Cl)Cl)Cl,273.0,tg
*CC(=O)OC(*)=S,3.73,egb
*SSSCCCCCCCCCC*,-70.0,tg
*c1ccc(cc1)c1c(cc(c(c1c1ccccc1)c1ccccc1)c1cc(ccc1)c1c(c(c(c(c1)c1ccccc1)c1ccc(cc1)CCCC*)c1ccccc1)c1ccccc1)c1ccccc1,180.0,tg
*C(=O)NC(F)(F)C(*)(F)F,8.3456,ei
*OC(=O)c1c(cc(cc1)C(=O)OCCN(CC*)c1ccc(cc1)N=Nc1ccc(cc1)C=Cc1nc2c(n1CC)cc(cc2)[N+](=O)[O-])OC,173.0,tg
*Oc1ccc(cc1)C(=O)c1ccc(cc1)Oc1ccc(cc1)C(=O)c1c(c(c(c(c1c1ccc(cc1)F)c1ccc(cc1)F)c1ccc(cc1)F)c1ccc(cc1)F)C(=O)c1ccc(cc1)*,260.0,tg
*Oc1ccc(cc1)NC(=O)c1ccc(cc1)C(=O)Nc1ccc(cc1)Oc1ccc(cc1)C(=O)c1ccc(cc1)*,160.0,tg
*[Si](C*)(CCCn1c2ccccc2c2ccccc12)C,71.2,tg
*C1COC2C1OCC2OC(=O)OCCCCCCCCCCOC(=O)O*,6.5,tg
*N(CCC*)C(=O)c1ccccc1,72.0,tg
*OC(*)CCC#N,6.5576,egc
*c1cc2c(C(=O)N(C2=O)c2cc(c(cc2)Oc2ccc(cc2)C(=O)c2nc(ccc2)C(=O)c2ccc(cc2)Oc2c(cc(cc2)N2C(=O)c3c(C2=O)cc(cc3)C(*)(C(F)(F)F)C(F)(F)F)C(F)(F)F)C(F)(F)F)cc1,206.4,tg
*c1cc2c(C(=O)N(C2=O)c2cc(c(cc2)C(=O)Nc2ccc(cc2)C(c2ccc(cc2)NC(=O)*)(C(F)(F)F)C(F)(F)F)C)cc1,320.0,tg
*c1ccc2c3n(c4ccc(cc4n3)c3cc4n5c(nc4cc3)c3cccc4c(ccc(c5=O)c34)Oc3ccc(cc3)C(c3ccc(cc3)O*)(c3ccccc3)c3ccccc3)c(=O)c3cccc1c23,357.0,tg
*Cc1ccc(-c2ccc(CSC(=O)CCC(=O)S*)cc2)cc1,4.7843,egc
*NC(=C(NC(=O)c1ccc(cc1)C(=O)*)C#N)C#N,232.0,tg
*Oc1ccc(cc1)C(c1ccc(cc1)OC1(C(C(C1(F)F)(F)F)(*)F)F)(C(F)(F)F)C(F)(F)F,122.5,tg
*C(=O)c1ccc2c(c1)C(=Nc1ccc(Oc3cccc(N=C4OC(=O)c5ccc(*)cc54)c3)cc1)OC2=O,2.5722,egc
*Nc1ccc(cc1)Cc1ccc(cc1)NC(=O)NCCCCCCCCCCCCNC(=O)*,51.0,tg
*Oc1ccc(cc1)C(c1ccc(cc1)OC(=O)*)C(Cl)(Cl)Cl,230.0,tg
*C(=O)NCCCCCCNC(=O)c1cnn(*)c1,5.1584,egc
*c1n(c(nn1)c1ccc(cc1)Oc1ccc(cc1)C(c1ccc(cc1)Oc1ccc(cc1)*)(C)C)c1ccccc1,207.0,tg
*Oc1ccc(cc1)C(c1ccc(cc1)OC*)(C(F)(F)F)C(F)(F)F,123.0,tg
*Oc1ccc(cc1)OCC(=O)NCCCCCCNC(=O)C*,67.0,tg
*Nc6ccc(C5(c2ccc(NC(=O)c1ccc(C(*)=O)cc1)cc2)c3ccccc3C(=O)c4ccccc45)cc6,3.2678,egc
*Sc1ccc(cc1)*,93.49,tg
*c1cc2c(C(=O)N(C2=O)c2ccc(cc2)Oc2ccc(cc2)C2(c3c(C(=O)N2)cccc3)c2ccc(cc2)Oc2ccc(cc2)N2C(=O)c3c(C2=O)cc(cc3)C(=O)Nc2cc(ccc2)NC(=O)*)cc1,328.0,tg
*Oc1ccc(cc1)CC(NC(=O)CCc1ccc(cc1)OC(=O)COCC(=O)*)C(=O)OCCCCCCCC,40.0,tg
*N1C(=O)c2c(C1=O)cc(cc2)S(=O)(=O)c1cc2c(C(=O)N(C2=O)c2ccc(cc2)N(c2ccc(cc2)*)c2ccc(cc2)C#N)cc1,325.0,tg
*C(=O)c1ccc2c(c1)C(=O)N(c1ccc(Sc3ccc(N4C(=O)c5ccc(*)cc5C4=O)cc3)cc1)C2=O,2.66,egc
*c1cc2c(C(=O)N(C2=O)c2c(cc(cc2c2ccccc2)c2ccc(cc2)c2cc(c(c(c2)c2ccccc2)N2C(=O)c3c(C2=O)cc(cc3)C(=O)*)c2ccccc2)c2ccccc2)cc1,265.0,tg
*C(C*)(C(=O)OC1CCC(CC1)C)C,109.0,tg
*CC(=S)CO*,2.5314,egb
*CCN(*)C(=O)c1ccc(F)c(F)c1,5.106,egc
*c1c(nc2c(n1)cc(cc2)Oc1ccc(cc1)NC(=O)c1cc(cc(c1)N1C(=O)c2c(C1=O)cccc2)C(=O)Nc1ccc(cc1)Oc1cc2c(nc(c(n2)c2ccc(cc2)Oc2ccc(cc2)*)c2ccc(cc2)[N+](=O)[O-])cc1)c1ccc(cc1)[N+](=O)[O-],305.0,tg
*N1C(=O)c2c(C1=O)cc(cc2)c1cc2c(C(=O)N(C2=O)c2c(cc(cc2C)C(c2cc(c(c(c2)C)*)C)c2c3c(ccc2)cccc3)C)cc1,311.67,tg
*C(CCCCC*)CCCCCCCCCC,-65.0,tg
*C(=CCC*)C(C)(C)C,20.0,tg
*CCN1C(=O)C(=CC=C2SC(=S)N(*)C2=O)SC1=S,2.2801,egc
*Nc1ccc(cc1)Cc1ccc(cc1)NC(=O)c1cc(cc(c1)N1C(=O)C2C(C1=O)CC=CC2)C(=O)*,286.0,tg
*CC(=O)NC(=O)*,4.269,egc
*Oc1cc2c(cc1)ccc(c2)Oc1ccc(cc1)C(=O)Nc1ccc(cc1)Oc1ccc(cc1)C(c1ccc(cc1)Oc1ccc(cc1)NC(=O)c1ccc(cc1)*)(c1ccccc1)C,177.0,tg
*OC(C*)CSCCCC,-65.0,tg
*N(C(=O)C(C(C(C(C(=O)N(CCCCCC*)CC(C(F)(F)F)(F)F)(F)F)(F)F)(F)F)(F)F)CC(C(F)(F)F)(F)F,174.0,tg
*CC1CC1CO*,5.9176,egc
*NC(=O)C(CC(C(=O)NCCCCCC*)CC)CC,94.0,tg
*c1cc2c(C(=O)N(C2=O)c2cc(c(cc2)Oc2c(cc(cc2C(C)(C)C)c2ccc(cc2)N2C(=O)c3c(C2=O)cc(cc3)C(*)(C(F)(F)F)C(F)(F)F)C(C)(C)C)C(F)(F)F)cc1,362.5,tg
*C(C)C(*)OC,5.326,egc
*C(C*)c1ccc(cc1)OCCCC,52.0,tg
*N1C(=O)c2c(C1=O)cc(cc2)C(=O)c1cc2c(C(=O)N(C2=O)CCCC(=O)Nc2cc(ccc2)Oc2ccc(cc2)NC(=O)CCC*)cc1,188.0,tg
*CC1CCCC(CNC(=O)c2cccc(C(=O)N*)c2)C1,4.8123,egc
*Oc1ccc(cc1)C(=O)c1ccc(cc1)Oc1ccc(cc1)C(=O)c1c(c(c(c(c1c1ccccc1)c1cc2c(cc1)cccc2)c1cc2c(cc1)cccc2)c1ccccc1)C(=O)c1ccc(cc1)*,290.0,tg
*NC1CCC(CC1)CC(NC(=O)CCCCC(=O)*)(C)C,80.0,tg
*c1cc2c(C(=O)N(C2=O)c2ccc(cc2)C(=O)OCCOCCOCCOC(=O)*)cc1,63.0,tg
*CC(C=C1)=CC=C1C(=S)O*,3.4449,egc
*N=P(*)(OCCC(=O)C=C)OCCC(=O)C=C,3.9384,egc
*OCC(C*)C(C)(C)C,-4.0,tg
*Oc1ccc(cc1)NC(=O)c1cc(cc(c1)NC(=O)c1ccccc1)C(=O)Nc1ccc(cc1)*,294.5,tg
*c1oc2c(n1)ccc(c2)c1ccc2c(oc(n2)CCCCCCCCCCCC*)c1,55.0,tg
*Nc1ccc(NC(=O)NONC(*)=O)s1,1.3385,eea
*OC(=O)OC(*)=O,5.926,egb
*OC(CCC(C(=O)*)C1OCCCO1)CCC,17.4,tg
*C=CCCCC(CCC*)Cl,-63.0,tg
*CCCCCCCCCCCCCCCCCCCCCCOC(=O)CCC(=O)O*,6.6006,egc
*C(*)C(=O)OC,80.25,tg
*c1ccc(-c2ccc(-c3ccc(-c4ccc(*)s4)cc3)s2)cc1,2.3385,eea
*Oc1ccc(cc1)S(=O)(=O)c1cc2c(cc1)cc(cc2)S(=O)(=O)c1ccc(cc1)Oc1c(cc(cc1C)c1cc(c(c(c1)C)*)C)C,280.0,tg
*C1COC2C1OCC2OC(=O)c1cc(ccc1)OCCCCCCCCOc1cc(ccc1)C(=O)O*,31.75,tg
*C(C*)c1ccc(cc1)CCCCCCCC,-45.0,tg
*C(C*)(C(=O)OCCN(c1ccc(cc1)[N+](=O)[O-])CC)C,98.0,tg
*c1ccc(-c2ccc(C(F)(F)C(*)(F)F)cc2)s1,4.0895,egb
*c1cc2c(C(=O)N(C2=O)c2ccc(cc2)Oc2cc3c(cc2)ccc(c3)Oc2ccc(cc2)N2C(=O)c3c(C2=O)cc(cc3)C(=O)Nc2ccc(cc2)C(c2ccc(cc2)NC(=O)*)(C(F)(F)F)C(F)(F)F)cc1,292.0,tg
*Oc1cccc(OC(=O)c2cccc(C(*)=O)c2)c1,4.1279,egc
*Oc1ccc(cc1)Sc1ccc(cc1)Sc1ccc(cc1)Sc1ccc(cc1)*,84.0,tg
*N(C(=O)C(C(C(C(=O)N(CCCCCC*)C(C)C)(F)F)(F)F)(F)F)C(C)C,142.5,tg
*OC(=S)Oc1ccc(*)s1,1.9459,nc
*C(C*)c1c(ccc(c1)C)C,143.0,tg
*N1C(=O)c2c(C1=O)cc(cc2)Oc1ccc(cc1)C1(CCCCCCCCCCC1)c1ccc(cc1)Oc1cc2c(C(=O)N(C2=O)c2ccc(cc2)Oc2ccc(cc2)C2(CCC(CC2)C(C)(C)C)c2ccc(cc2)Oc2ccc(cc2)*)cc1,254.0,tg
*Oc1ccc(C(F)(F)C(*)(F)F)cc1,1.7437,nc
*Oc1ccc(cc1)CC(NC(=O)CCc1ccc(cc1)OC(=O)CCCCCCCCC(=O)*)C(=O)OCCCCCCCCCCCC,12.5,tg
*NC(C)C(=O)NC(CCC(=O)OCC)C(=O)NCC(*)=O,5.3361,egc
*C1COC2C1OCC2OC(=O)O*,139.7,tg
*C1C2CC(C(C1*)C2)[Si](C)(C)C,298.0,tg
*CCOC(=O)c1ccc(C(=O)O*)cc1,4.6867,egc
*OC(=O)c1ccc(cc1)C(=O)OCC(C(C*)CCCCCC)CCCCCC,-15.5,tg
*Oc1ccc(cc1)OC(=O)c1c(cc(c(c1)OCCCCCOCC1N(CCC1)c1ccc(cc1)[N+](=O)[O-])C(=O)*)OCCCCCOCC1N(CCC1)c1ccc(cc1)[N+](=O)[O-],63.0,tg
*OC(C*)COCOCC(C)([N+](=O)[O-])[N+](=O)[O-],-17.5,tg
*C1C2C(C(C(C1*)C2)C(=O)OCc1ccccc1)C(=O)OCc1ccccc1,277.0,tg
*c1ccc2c(nc([nH]2)c2ccc(cc2)C(=O)Nc2ccc(cc2)C(=O)Nc2ccc(cc2)NC(=O)*)c1,295.0,tg
*NC(CC(*)=O)c1ccccc1,5.6573,egc
*C(=O)c1ccc2c(c1)C(=O)N(c1ccc(C(C)(C)c3ccc(C(C)(C)c4ccc(N5C(=O)c6ccc(*)cc6C5=O)cc4)cc3)cc1)C2=O,2.4861,egc
*Oc1ccc(cc1)C1(c2ccccc2Cc2ccccc12)c1ccc(cc1)OC(=O)c1ccc(cc1)C(=O)*,342.0,tg
*N(CC(C*)O)c1cc(c(c(c1)C)N=Nc1ccc(cc1)[N+](=O)[O-])C,152.0,tg
*C(=O)C(S1)=CC=C1C(S2)=CC=C2C(=S)*,2.0098,egc
*c1cc2c(C(=O)OC2=Nc2ccc(cc2)Oc2ccc(cc2)C(c2ccc(cc2)Oc2ccc(cc2)N=C2OC(=O)c3c2cc(cc3)C(=O)*)(C(F)(F)F)C(F)(F)F)cc1,248.0,tg
*Nc1ccc(-c2ccc(NC(=C(C#N)C#N)c3ccc(-c4ccc(C(*)=C(C#N)C#N)cc4)cc3)cc2)cc1,2.7741,egc
*Oc1ccc(cc1)Oc1ccc(cc1)S(=O)(=O)c1ccc(cc1)c1ccc(cc1)c1ccc(cc1)S(=O)(=O)c1ccc(cc1)*,259.0,tg
*OP(=O)(OCCOc1c(cc(cc1)C=C1C(=O)C(=Cc2cc(c(cc2)OCC*)OC)CC1)OC)OC,99.0,tg
*C=CCCCCCCCCCC(Cl)CCCCCCCCC*,5.874,egc
*NC(CCCCNC(*)=O)C(=O)OC,6.2157,egc
*c1ccc2N(c3c(Sc2c1)cc(cc3)c1sc(cc1)c1sc(cc1)*)CCCCCC,140.0,tg
*C1(c2c(C(=O)O1)cccc2)c1ccc(cc1)Oc1ccc(cc1)S(=O)(=O)c1ccc(cc1)Oc1ccc(cc1)*,247.14,tg
*OC(=C)CC(*)=O,5.0472,egc
*[SiH](C#Cc1c(cccc1)C#C*)c1ccccc1,71.0,tg
*c1ccc2c(nc(cn2)c2ccc(cc2)c2nc3c(nc2)ccc(c3)C(=O)*)c1,318.0,tg
*CC(CCCC)O*,5.4348,egc
*Oc1ccc(cc1)NC(=C(C#N)C#N)c1ccc(cc1)c1ccc(cc1)c1ccc(cc1)C(=C(C#N)C#N)Nc1ccc(cc1)*,240.0,tg
*O[Si](O[Si](O[Si](O[Si](OC(CCC(*)C)C)(C)C)(C)C)(C)C)(C)C,-96.0,tg
*Oc1ccc(cc1)OC(=O)c1c(cc(cc1)C(=O)*)Sc1ccc(cc1)Cl,140.0,tg
*CCCCCCCCCCOC(=O)CCCCCCCC(=O)O*,6.6816,egc
*N1C(=O)c2c(C1=O)cc(cc2)Oc1ccc(cc1)Oc1cc2c(C(=O)N(C2=O)c2ccc(cc2)Oc2ccc(cc2)Oc2ccc(cc2)Oc2ccc(cc2)*)cc1,210.0,tg
*CCCCCCCCCCCCCCNC(=O)CCCCCCCCCCC(=O)N*,5.9384,egc
*S(=O)c1ccc(cc1)Sc1cc(ccc1)Sc1ccc(cc1)*,121.0,tg
*CCNc1ccc(*)s1,1.8184,nc
*C(C*)CCCCCCCCCCCC,10.0,tg
*c1ccc(-c2ccc(-c3ccc(-c4ccc(*)s4)s3)s2)cc1,4.7302,ei
*Oc1ccc(OC(*)=O)s1,3.6706,egb
*CC(CCl)(CCl)COC(=O)CCCCC(=O)O*,6.8357,egc
*Oc1ccc(cc1)c1ccc(cc1)Oc1ccc(cc1)C(=O)c1cc2c(cc1)cc(cc2)C(=O)c1ccc(cc1)*,195.0,tg
*CCCCCCOC(=O)NCC(F)(F)C(F)(F)C(F)(F)C(F)(F)CNC(=O)O*,6.7703,egc
*Oc1ccc(OC(*)=O)cc1,1.7876,nc
*Oc1c2c(ccc1)ccc(c2)Oc1ccc(cc1)NC(=O)c1ccc(cc1)Oc1ccc(cc1)S(=O)(=O)c1ccc(cc1)Oc1ccc(cc1)C(=O)Nc1ccc(cc1)*,218.0,tg
*c1cc2c(C(=O)N(C2=O)c2cc(ccc2)N2C(=O)c3c(C2=O)cc(cc3)C(=O)Nc2ccc(cc2)S(=O)(=O)c2ccc(cc2)NC(=O)*)cc1,342.0,tg
*CC(=O)C(=S)O*,2.0217,egb
*Nc1cc(*)ccc1CCCCCC,4.1073,egc
*N1C(=O)c2c(C1=O)cc(cc2)Oc1cc2c(C(=O)N(C2=O)c2ccc(cc2)Cc2ccc(cc2)*)cc1,265.33,tg
*Oc1ccc(CC(*)=O)cc1,4.6878,egb
*N1C(=O)c2c(C1=O)cc(cc2)c1cc2c(C(=O)N(C2=O)C2CCC(CC2)CC2CCC(CC2)*)cc1,242.0,tg
*CC(S1)=CC=C1C(S2)=CC=C2C(S3)=CC=C3*,3.0602,egc
*CCCCCCCc1nnc(-c2ccc(-c3nnc(*)o3)cc2)o1,3.843,egc
*Oc1ccc(cc1)CC(NC(=O)CCc1ccc(cc1)OC(=O)CCCC(=O)*)C(=O)OCCCC,53.67,tg
*C(C*)C(=O)Nc1ccc(cc1)Cl,76.0,tg
*c1nc2c(nc1)ccc(c2)Oc1ccc2c(nc(cn2)c2ccc(cc2)*)c1,306.0,tg
*OP(=O)(Oc1ccccc1)Oc1ccc(*)cc1,5.1351,egc
*CCOCCOC(=O)CCC(C)CC(=O)O*,6.43,egc
*C(=O)c1ccc(-c2ccc(C(*)=S)s2)s1,4.1032,eea
*C(C*)(C(=O)OCCCCCCOc1cc(ccc1)C(=O)Oc1ccc(cc1)C#N)C,38.0,tg
*c1ccc(cc1)c1c(cc(c(c1c1ccccc1)c1ccccc1)c1cc(ccc1)c1c(c(c(c(c1)c1ccccc1)c1ccc(cc1)CCC*)c1ccccc1)c1ccccc1)c1ccccc1,240.0,tg
*C(=O)Nc1ccc(S(=O)(=O)c2ccc(NC(=O)c3ccc4c(c3)C(=O)N(c3ccc(S(=O)(=O)c5ccc(N6C(=O)c7ccc(*)cc7C6=O)cc5)cc3)C4=O)cc2)cc1,3.3421,egc
*C(C*)c1ccc(cc1)C(=O)CCC,74.0,tg
*CC(*)C(=O)NCC,5.2246,egc
*c1nc(ccc1)c1cc(c(cc1)Oc1ccc(cc1)C(c1ccc(cc1)Oc1c(cc(cc1)*)C(F)(F)F)(C)C)C(F)(F)F,121.0,tg
*C(=O)NC(=O)c1ccc(*)cc1,1.8899,nc
*c1cc2c(C(=O)N(C2=O)c2ccc(cc2)OCCOCCOCCOc2ccc(cc2)N2C(=O)c3c(C2=O)cc(cc3)C(*)(C(F)(F)F)C(F)(F)F)cc1,166.0,tg
*Oc1ccc(cc1)C(c1ccc(cc1)OC(=O)c1ccc(cc1)Cc1ccc(cc1)C(=O)*)(C)C,187.5,tg
*CCCCOC(=O)c1ccc(C(=O)O*)cc1,4.0149,egb
*OC(=O)Nc1c(ccc(c1)NC(=O)OCCCCCCC*)C,61.0,tg
*OC3=CC=CC(C(C2=CC=CC(OC1=CC=CC(*)=C1)=C2)=O)=C3,3.6547,egc
*CC(C[N-][N+]#N)O*,5.5722,egc
*C=Cc1csc(C=Cc2cccc(*)n2)c1CCCCCC,3.4055,egc
*Nc1ccc(cc1)C(c1ccc(cc1)NC(=O)c1ccc(cc1)c1ccc(cc1)C(=O)*)(P1(=O)c2ccccc2c2ccccc2O1)P1(=O)c2ccccc2c2ccccc2O1,251.0,tg
*OC(=O)CC*,-24.18,tg
*Oc1ccc(cc1)OC(=O)CCCCCCCCC(=O)*,52.8,tg
*OC(C)COC(=O)c1cccc(C(*)=O)c1,5.0391,egc
*c1c(c(c(c(c1)N=Cc1ccc(cc1)F)O)*)C,156.0,tg
*Oc1ccc(Nc2ccc(N=Nc3ccc(Nc4ccc(*)cc4)cc3)cc2)cc1,2.8393,egc
*Oc1c(cc(cc1Cl)C(c1cc(c(c(c1)Cl)OCC(C*)OC(=O)C)Cl)(C)C)Cl,100.0,tg
*NC(=O)NCCCCCCCCCCNC(=O)NCCCCCCCCCCCCCC*,40.0,tg
*CCCCCCOC(=O)OCCCCCCCCOC(=O)OCCCCCCOc1ccc(Oc2ccc(O*)cc2)cc1,4.4708,egc
*C=CC=CC=CC=C(*)CCS(=O)(=O)O,0.8077,egc
*c1ccc(Cc2ccc(N3C(=O)C4CCC5C(=O)N(*)C(=O)C5C4C3=O)c(C)c2)cc1C,4.8465,egc
*Oc1c(C)cc(*)cc1C,4.5265,egc
*Oc1ccc(cc1)C(c1ccc(cc1)OC(=O)c1ccc(cc1)C(c1ccc(cc1)C(=O)*)(C(F)(F)F)C(F)(F)F)(C)C,124.0,tg
*Oc1cc(cc(c1)CCCCCCCCCCC)OC(=O)c1cc(ccc1)C(=O)*,34.5,tg
*C(C*)(C(=O)OCCOc1ccc(cc1)C(=O)Oc1ccc(cc1)OCCCC)C,137.0,tg
*Oc1ccc(cc1)C(=O)c1ccc(cc1)OCCCCCCOC(=O)OCCCCOC(=O)OCCCCCC*,2.1,tg
*NC(=O)CCCCC(=O)NCc1cc(ccc1)C*,81.05,tg
*CNCCCOCO*,0.6155,eea
*CC(C)(C)COC(=O)CC(=O)O*,6.7138,egc
*C(C*)(C(=O)OCCCCOc1ccc(cc1)N=Nc1ccc(cc1)C#N)C,80.0,tg
*CCCCCC[N+](*)(C)C,0.0205,egc
*C(C*)(C(=O)OCC1OC(C(C1O)O)n1c(=O)[nH]c(=O)cc1)C,151.0,tg
*C1CCC2C(*)CCC12,6.7514,egc
*CCc1ccc(O*)cc1,4.052,egb
*CCCCCCCCCCc1nnc(*)o1,6.3926,egc
*c1cc2c(C(=O)N(C2=O)c2ccc(cc2)Oc2ccc(cc2)C2(C3C4C(CCC4)C(C2)C3)c2ccc(cc2)Oc2ccc(cc2)N2C(=O)c3c(C2=O)cc(cc3)C(=O)Nc2ccc(cc2)Oc2ccc(cc2)NC(=O)*)cc1,250.0,tg
*N1C(=O)c2c(C1=O)cc(cc2)C(c1cc2c(C(=O)N(C2=O)CC(=O)Nc2ccc(cc2)Oc2ccc(cc2)Oc2ccc(cc2)NC(=O)C*)cc1)(C(F)(F)F)C(F)(F)F,242.0,tg
*CCCC(=O)NCCCCCOCCCCCNC(=O)CCCO*,5.8594,egc
*CCCC(C)CC(=O)N*,6.0894,egc
*CCCCCCCCCOC(=O)c1ccc2cc(C(=O)O*)ccc2c1,3.7681,egc
*CC(=S)OC(=S)*,3.3702,egc
*CC1CCC(COC(=O)C(=O)O*)CC1,5.4765,egc
*C(=O)c1cccc(C(=O)c2ccc3c(c2)C(=O)N(c2ccc(Oc4ccc(N5C(=O)c6ccc(*)cc6C5=O)cc4)cc2)C3=O)c1,2.5831,egc
*Oc1cc2c(cc1)ccc(c2)Oc1ccc(cc1)C(=O)Nc1ccc(cc1)Oc1ccc(cc1)C(c1ccc(cc1)Oc1ccc(cc1)NC(=O)c1ccc(cc1)*)(C(F)(F)F)C(F)(F)F,163.0,tg
*CC1CCC(CNC(=O)CCCCCCCCC(=O)N*)CC1,5.7331,egc
*C1C(=CC)CC(C1)C=C*,118.43,tg
*NC(=O)CCC*,62.18,tg
*C(=O)Oc1ccc(C(*)=S)cc1,3.6938,eea
*Oc1c(cc(cc1OC)C=C1C(=O)C(=Cc2cc(c(c(c2)OC)OCCCCCC*)OC)CCC1)OC,71.0,tg
*Cc1ccc(Oc2ccc(*)s2)s1,1.2199,eea
*Oc1ccc(Cc2ccc(*)cc2)cc1,3.5,eps
*NC(=O)NCc1ccc(cc1)CNC(=O)NCCCCCCCCCCCCCC*,54.0,tg
*c1sc(cc1CCCCCCO[Si](C)(C)C)*,10.0,tg
*C(C)=C(*)C#N,3.2656,egc
*c1cc2c(C(=O)N(C2=O)c2ccc(cc2)Oc2ccc(cc2)C(=O)c2cc(ccc2)C(=O)c2ccc(cc2)Oc2ccc(cc2)N2C(=O)c3c(C2=O)cc(cc3)C(*)(C(F)(F)F)C(F)(F)F)cc1,236.0,tg
*CO*,0.9897,eea
*Oc1ccc(OC(=O)Oc2ccc(OC(*)=O)cc2)cc1Cl,5.1691,egc
*OC1CCC(NC(*)=O)CC1,6.28,egc
*C1C(=O)N(C(=O)C1*)CCCOc1ccc(cc1)c1ccc(cc1)C#N,130.0,tg
*Nc1ccc(NC(=O)c2cccc(C(*)=O)c2)cc1,3.551,egc
*N1C(=O)c2c(C1=O)cc(cc2)c1cc2c(C(=O)N(C2=O)c2cc(ccc2)C(=O)Nc2ccc(cc2)Oc2ccc(cc2)C(c2ccc(cc2)Oc2ccc(cc2)NC(=O)c2cc(ccc2)*)(C)C)cc1,257.0,tg
*OC(=S)Oc1ccc(*)cc1,4.1,eps
*Nc1ccc(-c2ccc(C(*)=S)cc2)cc1,2.1003,nc
*Nc1ccc(cc1)C(=O)c1ccc(cc1)NC(=O)c1ccc(cc1)C(=O)*,300.0,tg
*Nc1cc(NC(=O)c2ccc(C(*)=O)cc2)cc(C(=O)OCCOc2ccc(C=CC(=O)c3ccccc3)cc2)c1,3.1709,egc
*c1ccc2c(c1)[Si](C)(C)c1cc(*)ccc1N2C,3.6899,egc
*N(Cc1c(c(cc(c1)C12CC3CC(CC(C1)C3)C2)C*)O)c1ccccc1,109.4,tg
*Oc1ccc(cc1)S(=O)(=O)c1ccc(cc1)Oc1ccc(cc1)C1(C2CCC(C1)C2)c1ccc(cc1)*,250.0,tg
*CC(O)CN(*)c1ccc(N=Nc2ccc(Cl)cc2)cc1,2.6263,egc
*OC(=O)CCc1ccc(CCC(*)=O)cc1,5.0434,egc
*N1C(=O)C2C(C1=O)CC(CC2)C1CC2C(C(=O)N(C2=O)c2ccc(cc2)Oc2ccc(cc2)*)CC1,257.0,tg
*c1cc2c(C(=O)N(C2=O)c2ccc(nc2)Sc2ncc(cc2)N2C(=O)c3c(C2=O)cc(cc3)C(=O)*)cc1,246.0,tg
*Oc1c2c(ccc1)ccc(c2)Oc1ccc(cc1)NC(=O)c1cc(ccc1)C(=O)Nc1ccc(cc1)*,256.0,tg
*OC(=O)C(C*)(CC)CC,60.0,tg
*Oc1ccc(cc1)C(=O)c1cc(ccc1)c1cc(ccc1)C(=O)c1ccc(cc1)*,123.0,tg
*Cc1ccc(C(=O)C(*)=S)s1,6.4325,ei
*CC(=O)OC(*)=S,3.78,eps
*Oc1ccc(C(=O)Nc2cc(NC(=O)c3ccc(*)cc3)cc(-c3nc4ccccc4[nH]3)c2)cc1,3.5407,egc
*CNC(=O)c1ccc(*)s1,4.11,eps
*CCCCCCCCCCOC(=O)CCCCCCCCCCCCCCCCC(=O)O*,6.0542,egb
*C(C*)OC(=O)c1cc(ccc1)[N+](=O)[O-],93.0,tg
*CCCCCCCCCCCCCCCCCCCCOC(=O)CCCCC(=O)O*,6.8416,egc
*OC(CCc1ccccc1)CC(*)=O,5.4818,egc
*N1C(=O)N(C(=O)C1=O)c1c(ccc(c1)N1C(=O)N(C(=O)C1=O)CCCCCC*)C,181.5,tg
*CNCO*,3.53,eps
*NC(=O)c1ccc(cc1)CC(=O)NCCCCCC*,104.0,tg
*CCCCOC(=O)C1C(=O)C2CCC1C(=O)C2C(=O)O*,5.3882,egc
*NC(C=C1)=CC=C1NC(S2)=CC=C2*,3.8931,egc
*c1[nH]c(nc1c1ccc(cc1)NC(=O)Nc1ccc(cc1)NC(=O)Nc1ccc(cc1)*)c1ccc(cc1)[N+](=O)[O-],292.0,tg
*Oc1ccc(NC(=O)OCCOC(=O)Nc2ccc(*)cc2)cc1,4.8662,egc
*Nc1ccc(-c2ccc(C(*)=S)s2)cc1,6.84,eps
*C(C*)(C(=O)OCC)CF,43.0,tg
*Oc1ccc(cc1)C(=O)Nc1c(cc(c(c1)SCCC#N)NC(=O)c1ccc(cc1)*)SCCC#N,158.0,tg
*CCCCCNC(=O)CCCCCCCCOCCCCCCCCC(=O)NCCCCCO*,5.9278,egc
*CC(=S)C(=O)O*,4.54,eps
*c1ccc(-c2ccc(*)c(C)c2)cc1C,3.8863,egc
*c1ccc(-c2ccn3sc4nc5nc6c(cc5oc-4cc-3nc2)Nc2nc3ccc(*)cc3nc2O6)cc1,1.535,egc
*Nc1ccc(OC(*)=S)cc1,1.9514,nc
*Oc1ccc(cc1)C1(C2C3C(CCC3)C(C1)C2)c1ccc(cc1)OC(=O)*,251.5,tg
*N1C(=O)c2c(C1=O)cc(cc2)Oc1ccc(cc1)C1(CCCCCCCCCCC1)c1ccc(cc1)Oc1cc2c(C(=O)N(C2=O)c2ccc(cc2)Oc2ccc(cc2)C2(C3CCC(C2)C3)c2ccc(cc2)Oc2ccc(cc2)*)cc1,259.0,tg
*N1C(=O)c2c(C1=O)cc(cc2)Oc1cc2c(cc1)cc(cc2)Oc1cc2c(C(=O)N(C2=O)c2ccc(cc2)C(c2ccc(cc2)*)(C(F)(F)F)C(F)(F)F)cc1,218.0,tg
*Oc1ccc(C2(c3ccc(OC(*)=O)cc3)CCCCCC2)cc1,4.9619,egc
*c1oc(nn1)c1c(cc(cc1)*)OCCCCC,205.0,tg
*N1C(=O)c2c(C1=O)cc(cc2)Oc1cc2c(C(=O)N(C2=O)c2cc(cc(c2)OCCCCCCCCCCCCCCCC)*)cc1,159.0,tg
*c1ccc(C(=O)C(F)(F)C(*)(F)F)cc1,3.5762,egb
*CNC(=O)c1ccc(*)s1,1.968,eea
*c1cc2c(oc(n2)c2ccc(cc2)C(c2ccc(cc2)c2oc3c(n2)cc(cc3)C(*)(c2ccccc2)C(F)(F)F)(C(F)(F)F)C(F)(F)F)cc1,334.0,tg
*NC(C)CC(*)=O,5.711,egc
*OC(CC(=O)*)COc1ccccc1,20.0,tg
*CC(*)(F)C(=O)OCC(F)(F)C(F)(F)C(F)(F)C(F)(F)C(F)(F)C(F)(F)C(F)(F)C(F)(F)F,6.7134,egc
*N1C(=O)c2c(C1=O)cc(cc2)c1cc2c(C(=O)N(C2=O)c2c(ccc(c2)*)C)cc1,341.33,tg
*c1cc2c(C(=O)N(C2=O)c2cc(c(cc2)Oc2ccc(cc2)N2C(=O)c3c(C2=O)cc(cc3)C(*)(C(F)(F)F)C(F)(F)F)OCCN(c2ccc(cc2)N=Nc2ccc(cc2)[N+](=O)[O-])CC)cc1,202.0,tg
*CC(CCl)O*,6.3441,egc
*CC(=S)CO*,5.5936,ei
*Oc1cc(cc(c1)C(=O)OCCN(c1ccc(cc1)N=Nc1ccc(cc1)[N+](=O)[O-])CC)OC(=O)c1ccc(cc1)C(=O)*,130.0,tg
*OC(=O)Nc1c(c(ccc1)NC(=O)OCCN(CC*)c1ccc(cc1)N=Nc1ccc(cc1)[N+](=O)[O-])C,147.0,tg
*OC(COC(=O)NCCCCCCNC(=O)*)c1occc1,17.0,tg
*Oc1ccc(C(=O)OCCOCCOC(=O)c2ccc(OC(*)=O)cc2)cc1,4.6582,egc
*Nc1ccc(Cc2ccc(NC(=O)c3cc(NC(=O)c4ccncc4)cc(C(*)=O)c3)cc2)cc1,3.497,egc
*CCCCc1nnc(*)n1N,5.3914,egc
*Cc1cc(COC(=O)Nc2ccc(Cc3ccc(NC(=O)O*)cc3)cc2)cc(C(C)(C)C)c1,4.7039,egc
*CCCN*,5.8246,ei
*Oc1ccc(S(=O)(=O)c2ccc(Oc3ccc(C4(c5ccc(*)cc5)c5ccccc5-c5ccccc54)cc3)cc2)cc1,4.0393,egc
*CONC(*)=O,4.13,eps
*Oc1ccc(NC(=O)c2cccc(C(=O)Nc3ccc(Oc4ccc(C5(c6ccc(*)cc6)C6CC7CC(C6)CC5C7)cc4)cc3)c2)cc1,3.8847,egc
*NC(=O)c1ccc(NC(=S)c2ccc(Nc3ccc(*)cc3)cc2)s1,2.2302,nc
*c1cc2c(C(=O)N(C2=O)C2C(=O)N(C(=O)C2)c2ccc(cc2)c2ccc(cc2)NC(=O)*)cc1,219.0,tg
*NC(=O)C(=S)O*,4.3681,eea
*C1C2C(C(=O)N(C2=O)CCCCCCCCCC)C(C1)C=C*,46.0,tg
*[Si](C/C=C\C*)(c1ccccc1)c1ccccc1,23.63,tg
*COc1ccc(O*)s1,0.8857,eea
*C1C(CC(C1)C=C*)([Si](C)(C)C)C#N,211.0,tg
*CCC(C)CC(=O)O*,6.826,egc
*NC(=O)CCCCCCCCCCCCCCCCCCC(=O)NCCCCCCCCC*,42.0,tg
*Oc1cc2c(cc1)cc(cc2)Oc1ccc(cc1)S(=O)(=O)c1ccc(cc1)*,231.0,tg
*c1cc2c(C(=O)N(C2=O)c2ccc(cc2)Cc2ccc(cc2)NC(=O)*)cc1,279.5,tg
*CCCC(C)CCC(=O)O*,6.54,egc
*Oc1c(cc(cc1C)C(=O)c1ccc(cc1)*)C,200.0,tg
*Oc1cc(ccc1)NC(=O)c1cc(ccc1)C(=O)Nc1ccc(cc1)Oc1ccc(cc1)C(=O)c1ccc(cc1)*,114.0,tg
*C1OCOC(C1(F)F)C(*)(F)F,125.0,tg
*Oc1ccc(cc1)C1(c2ccccc2c2ccccc12)c1ccc(cc1)OCCOC(=O)Nc1c(ccc(c1)NC(=O)OCC*)C,175.0,tg
*c1cc2c(C(=O)N(C2=O)c2ccc(cc2)Oc2ccc(cc2)C2(c3c(C(=O)N2)cccc3)c2ccc(cc2)Oc2ccc(cc2)N2C(=O)c3c(C2=O)cc(cc3)C(=O)Nc2ccc(cc2)Oc2ccc(cc2)Oc2ccc(cc2)NC(=O)*)cc1,300.0,tg
*c1cc2c(C(=O)N(C2=O)c2c(ccc(c2)N2C(=O)c3c(C2=O)cc(cc3)C(=O)*)Oc2ccc(cc2)S(=O)(=O)c2ccc(cc2)C)cc1,293.0,tg
*c1cc2c(C(=O)N(C2=O)c2cc(ccc2)C(=O)NCCN(CCNC(=O)*)c2ccc(cc2)C=Cc2ccc(cc2)[N+](=O)[O-])cc1,178.0,tg
*N1C(=O)c2c(C1=O)cc(cc2)C(=O)c1cc2c(C(=O)N(C2=O)CCCCCCOC(=O)OCCCCCCOC(=O)OCCCCCC*)cc1,55.0,tg
*CCCCCCCNC(=O)C=CCCC=CC(=O)N*,5.3907,egc
*CC(*)OCCCCC,5.9056,egc
*Oc1cc(ccc1)Oc1ccc(cc1)C(=O)c1ccc(cc1)*,123.0,tg
*c1ccc2c(*)c(-c3ccccc3)[nH]c2c1,3.6113,egc
*NC(C(=O)*)CCC(=O)OCCCCCCCC,-59.5,tg
*c1cc2c(C(=O)N(C2=O)c2cc3c(C(CC3(c3ccc(cc3)N3C(=O)c4c(C3=O)cc(cc4)C(=O)*)C)(C)C)cc2)cc1,318.77,tg
*C#CC=C*,1.1342,egc
*C=CC1CC(*)C2CC=CC12,5.6741,egb
*OC(=O)Nc1c(ccc(c1)NC(=O)OCCCC*)C,42.0,tg
*Cc1ccc(-c2ccc(-c3ccc(*)s3)s2)s1,2.0574,nc
*Oc1ccc(cc1)c1ccc(cc1)Oc1ccc(cc1)C(c1ccc(cc1)*)(C)C,154.0,tg
*CCCCCCCCO*,6.1709,egc
*c1cc(C#N)c(*)s1,1.0894,egb
*c1oc(nn1)c1ccc(cc1)Oc1c2c(ccc1)c(ccc2)NC(=O)c1ccc(cc1)[Si](c1ccc(cc1)C(=O)Nc1c2c(ccc1)c(ccc2)Oc1ccc(cc1)*)(c1ccccc1)c1ccccc1,275.0,tg
*Oc1c(cc(cc1)S(=O)(=O)c1cc(c(cc1)OCC(COc1ccc(cc1)C(c1ccc(cc1)OCC(C*)O)(C)C)O)C)C,117.5,tg
*NC(=O)CCCCC(=O)NCC(CC(CC*)(C)C)C,65.0,tg
*CC(*)c1ccc(C(=O)Cc2ccccc2)cc1,3.6382,egc
*N1C(=O)c2c(C1=O)cc(cc2)S(=O)(=O)c1cc2c(C(=O)N(C2=O)c2ccc(cc2)N(c2ccc(cc2)*)c2ccc(cc2)OC)cc1,304.0,tg
*C(C*)OCCCCCCCC,-79.75,tg
*Oc1ccc(cc1)S(=O)(=O)c1ccc(cc1)Oc1c(cc(cc1)C(c1cc(c(cc1)*)C(OC)(C(F)(F)F)C(F)(F)F)(C)C)C(OC)(C(F)(F)F)C(F)(F)F,163.0,tg
*c1[nH]c(*)c2c1CCCCC2,3.1158,egc
*c1c(nc2c(n1)cc(cc2)c1cc2c(nc(c(n2)c2ccc(cc2)Sc2ccc(cc2)*)c2ccccc2)cc1)c1ccccc1,281.0,tg
*c1cc2c(C(=O)N(C2=O)c2cc(c(cc2)Oc2ccc(cc2)C(=O)c2nc(ccc2)C(=O)c2ccc(cc2)Oc2c(cc(cc2)N2C(=O)c3c(C2=O)cc(cc3)C(=O)*)C(F)(F)F)C(F)(F)F)cc1,225.2,tg
*C(C*)OC(=O)c1ccccc1,70.29,tg
*Oc1ccc(cc1)CC(NC(=O)CCc1ccc(cc1)OC(=O)CCC(=O)*)C(=O)OC(C)C,82.0,tg
*C=C(*)c1ccc(C(=O)Oc2c(F)c(F)c(F)c(F)c2F)cc1,1.1102,egc
*c1cc2c(oc(n2)C2CCC(CC2)c2oc3c(n2)cc(cc3)C(*)(C(F)(F)F)C(F)(F)F)cc1,271.0,tg
*C(=O)c1ccc(C(=O)N(C)c2ccc(Cl)c(N(*)C)c2)cc1,3.3332,egc
*C(C*)C(=O)OC(C(C(C(C(C(C(C(F)(F)F)(F)F)(F)F)(F)F)(F)F)(F)F)(F)F)(F)F,9.0,tg
*C1C(=O)N(C(=O)C1C(C*)c1ccccc1)CCCN(c1cc(c(cc1)N=Nc1c(cc(cc1)[N+](=O)[O-])Cl)C)CC,149.0,tg
*CCCCCNC(=O)N*,5.6754,egc
*C(=O)OCCCCOC(=O)N1CCN(*)CC1,6.4265,egb
*[Si](C/C=C\C*)(CCCOc1ccc(cc1)c1ccccc1)C,10.0,tg
*CCCCCCCCCCC(=O)NCc1ccc(CNC(=O)CCCCO*)cc1,5.2644,egc
*c1nc(nc(n1)c1ccc(cc1)Oc1ccc(cc1)C(c1ccc(cc1)Oc1ccc(cc1)*)(C)C)c1ccccc1,228.0,tg
*O[Si](*)(CCCOCC1OC(=O)OC1)C,-32.2,tg
*C(=O)Oc1ccc(C(*)=S)s1,3.8482,eea
*OC(COC(=O)*)COC(C)(C)C,11.0,tg
*c1cc2c(C(=O)N(C2=O)c2ccc(cc2)C(=O)Nc2ccc(cc2)Oc2ccc(cc2)C(c2ccc(cc2)Oc2ccc(cc2)NC(=O)c2ccc(cc2)N2C(=O)c3c(C2=O)cc(cc3)C(*)(C(F)(F)F)C(F)(F)F)(C(F)(F)F)C(F)(F)F)cc1,293.0,tg
*OC(=O)c1ccc(C(*)=O)cc1,7.8184,ei
*Nc1ccc(Oc2ccc(*)s2)s1,4.14,eps
*NC(=O)NO*,1.9635,eea
*CCCCCCOC(=O)CCC(=O)O*,6.7086,egc
*Nc1c(cc(c(c1)[N+](=O)[O-])NC(=O)CCCCCCCCCCCCC(=O)*)C=Cc1ccc(cc1)N(C)C,125.0,tg
*c1cc2c(C(=O)N(C2=O)c2ccc(cc2)Oc2ccc(cc2)N2C(=O)c3c(C2=O)cc(cc3)C(=O)c2ccc(cc2)Oc2ccc(cc2)C2(c3c(C(=O)O2)cccc3)c2ccc(cc2)Oc2ccc(cc2)C(=O)*)cc1,260.0,tg
*N1CCN(CC1)C(=O)c1cc(ccc1)C(=O)*,214.5,tg
*CC(=S)c1ccc(O*)s1,1.6344,egb
*c1nc2c(nc1c1cc3c(cc1)cccc3)cc(cc2)c1cc2c(nc(c(n2)c2ccc(cc2)*)c2cc3c(cc2)cccc3)cc1,333.0,tg
*Oc1ccc(C(=O)CNNCC(=O)c2ccc(*)cc2)cc1,4.1658,egc
*NC(=O)C(=S)O*,2.095,egb
*OC(=O)OCC(C(C*)OC(=O)C(NC(=O)OCc1ccccc1)CC(C)C)OC(=O)C(NC(=O)OCc1ccccc1)CC(C)C,51.38,tg
*C(C*)(C(=O)OCCCCCCCCCCn1c2ccc(cc2c2ccccc12)C=C(C(=O)OC)C#N)C,58.0,tg
*OC(=O)CCCCCCCCCCCCC(=O)OCC(C*)CCCCCCOc1ccc(cc1)N=Nc1ccc(cc1)C#N,21.5,tg
*c1[nH]c(nc1c1ccc(cc1)Oc1ccc(cc1)P(=O)(c1ccc(cc1)Oc1ccc(cc1)*)c1ccccc1)c1ccccc1,318.0,tg
*Cc1cccc(CN(C)C(=O)CCCCC(=O)N(*)C)c1,5.4868,egc
*OCCCCCCCC*,-19.0,tg
*Oc1ccc(cc1)C(c1ccc(cc1)OCC(CN(S(=O)(=O)c1cc(ccc1)S(=O)(=O)N(CC(C*)O)C)C)O)(C)C,76.0,tg
*CCc1ccc(C(*)=S)cc1,2.7697,egb
*CONC(=O)*,6.1048,egc
*CC(*)n1c(C)c(C)c2ccccc21,2.733,egc
*C(C*)(C(=O)OCC(=O)N1CCOCC1)C,128.0,tg
*C1OC(OC(C1)C*)CCC,45.92,tg
*c1nc2c(nc1c1ccccc1)cc(cc2)Oc1cc2c(nc(c(n2)c2ccccc2)c2ccc(cc2)OCCN(c2ccc(cc2)C=CC2=CC(=C3C(=C(C#N)C#N)c4c(C3=O)cccc4)C=C(O2)C=Cc2ccc(cc2)N(CCOc2ccc(cc2)*)C)C)cc1,260.0,tg
*OC(=S)Oc1ccc(*)cc1,6.6287,ei
*c1oc2c(n1)cc(cc2)c1cc2c(oc(n2)c2ccc(cc2)*)cc1,430.0,tg
*c1nc(sc1)N=Cc1ccc(cc1)OCCCCCCOc1ccc(cc1)C=Nc1nc(cs1)c1ccc(cc1)Oc1ccc(cc1)*,117.0,tg
*Oc1ccc(cc1)C(c1ccc(cc1)OC(=O)c1cc(ccc1)C(=O)*)(c1ccccc1)C,202.0,tg
*Oc1ccc(cc1)S(=O)(=O)c1ccc(cc1)Oc1c(cc(cc1)C(c1cc(c(cc1)*)C)(C)C)C,178.67,tg
*c1nc2c(c(c1)c1ccccc1)cc(cc2)Oc1cc2c(nc(cc2c2ccccc2)c2ccc(cc2)C(c2ccc(cc2)*)(C(F)(F)F)C(F)(F)F)cc1,260.0,tg
*CCCCOC(=O)SSSC(=O)O*,3.9747,egc
*Nc1ccc(-c2ccc(C(*)=O)s2)s1,2.393,nc
*NC(=O)CCCCC*,48.52,tg
*Cc1ccc(C(=O)c2ccc(*)s2)cc1,3.4106,egb
*c1cc2c(C(=O)N(C2=O)c2c3c(ccc2)c(ccc3)N2C(=O)c3c(C2=O)cc(cc3)C(*)(C(F)(F)F)C(F)(F)F)cc1,390.0,tg
*c1csc(*)c1,3.5591,egc
*Oc1ccc(cc1)C1(CC(CCC1)c1ccc(cc1)OCC(C*)O)CC,140.0,tg
*Oc1cc(ccc1)Oc1ccc(cc1)C(=O)Oc1cc(ccc1)OC(=O)c1ccc(cc1)*,131.0,tg
*Nc1ccc(cc1)C(c1ccc(cc1)NC(=O)c1cc(cc(c1)C(C)(C)C)C(=O)*)(C(F)(F)F)C(F)(F)F,284.1,tg
*C(F)(F)C(F)(F)NC(=O)*,5.8517,egc
*NNC(=O)c1ccc(C(*)=O)cc1,4.8451,egc
*OP(=O)(Oc1c(cc(cc1C)S(=O)(=O)c1cc(c(c(c1)C)*)C)C)Oc1ccccc1,142.0,tg
*CCCCCCCCCCNC(=O)N*,5.6429,egc
*C(C=C1)=CC=C1C(C=C2)=CC=C2C(S3)=CC=C3C(=S)*,2.3302,egc
*Oc1c(cc(cc1)OC(=O)c1c(cc(cc1)c1ccc(cc1)C(=O)*)c1ccccc1)C,133.0,tg
*CC(*)C(=O)NCC(F)(F)C(F)(F)C(F)(F)F,5.7825,egc
*Oc1cc(ccc1)OC(=O)c1ccc(cc1)[Si](c1ccc(cc1)C(=O)*)(C)C,134.0,tg
*CC(*)C(=O)c1ccccc1O,1.7298,egc
*NC(=O)CCP(=O)(CCC(=O)NCCCCCC*)C,57.5,tg
*c1ccc2n(c3c(c2c1)cc(cc3)C=C(C(=O)OCCCCCCCCCCOC(=O)C(=C*)C#N)C#N)CCCCCCCCCCCCCC,35.0,tg
*C(*)F,6.7608,egc
*Oc1ccc(cc1)S(=O)(=O)c1ccc(cc1)Oc1ccc(cc1)C(c1ccc(cc1)*)(c1ccccc1)C,207.0,tg
*Nc1ccc(cc1)Cc1ccc(cc1)NC(=O)NCCCCCCCCNC(=O)*,50.0,tg
*C1COC2C1OCC2OC(=O)CNC(=O)CCCCCCCCC(=O)NCC(=O)O*,66.0,tg
*C(=O)NNC(=O)c1cccc(C(=O)NNC(=O)c2ccc(*)nc2)n1,3.6092,egc
*C1C(=O)N(C(=O)C1C(C*)c1ccccc1)CCN(c1ccc(cc1)N=Nc1ccc(cc1)[N+](=O)[O-])CC,171.67,tg
*N1C(=O)c2c(C1=O)cc(cc2)c1cc2c(C(=O)N(C2=O)c2c(cc(c(c2C)*)C)C)cc1,385.0,tg
*CC(CCl)(CO*)COC(C)=O,6.4853,egc
*CNCN*,6.2293,egb
*OC(=O)NC(=O)c1cc(ccc1)C(=O)NC(=O)OCC(C*)CCCCCCCC,65.0,tg
*CCCCCCCCCCCCNC(=O)CCCCCCCCCCCCC(=O)N*,6.028,egc
*c1ccc2ccc3c(*)cc(C#CC=C)c4ccc1c2c34,2.2865,egc
*Oc1ccc(cc1)C(=O)OCCOCCOC(=O)c1ccc(cc1)OC(=O)*,51.0,tg
*c1ccc2c3n(c4ccc(cc4n3)c3cc4n5c(nc4cc3)c3cccc4c(ccc(c5=O)c34)Oc3cc(ccc3)O*)c(=O)c3cccc1c23,396.5,tg
*CCCCCCCCCCCNC(=O)CCCCC(=O)N*,6.1376,egc
*Oc1ccc(cc1)C1(CCCCC1)c1ccc(cc1)OC(=O)c1ccc(cc1)C(=O)*,275.0,tg
*c1ccc(Oc2cccc3c(Oc4ccc(-n5c(=O)c6cc7c(=O)n(*)c(=O)c7cc6c5=O)cc4)cccc23)cc1,1.8659,egc
*C(C*)c1ccc(cc1)CCCCCCCCCCCC,-52.0,tg
*C(=O)c1ccc(OC(*)=S)cc1,2.0762,nc
*OC(=O)C1CCC(C(=O)OC2COC3C(*)COC23)CC1,6.4746,egc
*Oc1ccc(cc1)C(c1ccc(cc1)OC(=O)c1cc2c(C(CC2(c2ccc(cc2)C(=O)*)C)(C)C)cc1)(C)C,265.0,tg
*Nc1c(C)c(C)c(C(=O)c2ccc(NC(=O)c3ccc(C(*)=O)cc3)cc2)c(C)c1C,3.4801,egc
*Oc1ccc(cc1)OCC(COC(=O)CCCCCCCCCCC(=O)OCC(C*)O)O,10.0,tg
*C=CC(C(*)C(=O)OCC)C(=O)OCC,6.0,tg
*c1cc2c(C(=O)N(C2=O)c2ccc(cc2)Oc2ccc(cc2)C(=O)*)cc1,297.0,tg
*C(C*)(C(=O)OCCCCCCC(C(C(C(C(C(C(C(C(C(C(C(F)(F)F)(F)F)(F)F)(F)F)(F)F)(F)F)(F)F)(F)F)(F)F)(F)F)(F)F)(F)F)C,84.0,tg
*c1ccc(N(c2ccc(C#N)cc2)c2ccc(N3C(=O)c4ccc(Oc5ccc6c(c5)C(=O)N(*)C6=O)cc4C3=O)cc2)cc1,2.2981,egc
*CC(*)C(=O)Nc1ccccc1Cl,4.2427,egb
*C(C*)(CC(=O)Oc1ccc(cc1)OCC)C(=O)Oc1ccc(cc1)OCC,110.5,tg
*Nc1ccc(NC(=O)NC(=O)NC(*)=O)s1,1.5146,eea
*Oc1cccc(C(=O)Nc2ccc(S(=O)(=O)c3ccc(NC(=O)c4cccc(Oc5nc(*)nc(Sc6ccccc6)n5)c4)cc3)cc2)c1,3.9202,egc
*C(C*)c1cc(ccc1)Br,102.0,tg
*c1nc2c([nH]1)cc(cc2)c1cc2c(nc([nH]2)c2ccc(cc2)C(c2ccc(cc2)*)(C(F)(F)F)C(F)(F)F)cc1,269.0,tg
*NC(=O)CCCCCCCCCCCCCCCCC(=O)NCCCCCCCCCCCC*,47.0,tg
*CNc1ccc(-c2ccc(*)s2)cc1,5.0179,ei
*OC(=O)c1c2c(ccc1)c(ccc2)C(=O)OCC*,75.0,tg
*Cc1ccc(C(=O)O*)cc1,2.2574,eea
*OC(=O)NCCCCCCCCCCNC(=O)OCCCCCCCCCCCCCCCC*,34.0,tg
*c1cccc(C(F)(F)C(F)(F)C(*)(F)F)c1,5.5439,egc
*C1C2CC(C)C(C2)C1*,6.0638,egc
*N1C(=O)c2c(C1=O)cc(cc2)c1cc2c(C(=O)N(C2=O)c2ccc(cc2)Oc2c(cc(cc2)Oc2ccc(cc2)*)c2ccccc2)cc1,247.0,tg
*c1cc(-c2ccc(Br)cc2)c(*)s1,2.7394,egc
*c1cc2c(C(=O)N(C2=O)c2ccc3Cc4c(c3c2)cc(cc4)N2C(=O)c3c(C2=O)cc(cc3)C(*)(C(F)(F)F)C(F)(F)F)cc1,394.0,tg
*CC(C=C1)=CC=C1NC(S2)=CC=C2*,4.4366,egc
*CCCCCCNC(=O)C(CCCCCCCCCCCCCCC)C(=O)N*,5.9375,egc
*c1cc2c(C(=O)N(C2=O)c2cc(ccc2)P(=O)(c2cc(ccc2)N2C(=O)c3c(C2=O)cc(cc3)C(=O)Nc2ccc(cc2)c2ccc(cc2)NC(=O)*)c2ccccc2)cc1,253.0,tg
*Oc1ccc(cc1)SC(=O)Oc1ccc(cc1)C(c1ccc(cc1)OC(=O)Sc1ccc(cc1)*)(C)C,145.0,tg
*Nc1ccc(-c2ccc(-c3ccc(*)cc3)cc2)cc1,2.9094,egb
*CCCCCCCCCn1c(=O)c2cc3c(=O)n(*)c(=O)c3c(Br)c2c1=O,3.5814,egc
*C(C*)(C(=O)Oc1ccc(cc1)C(=O)OC)C,106.0,tg
*c1cc2c(C(=O)N(C2=O)c2ccc(cc2)Oc2ccc(cc2)C(=O)c2cc(ccc2)N2C(=O)c3c(C2=O)cc(cc3)C(=O)*)cc1,251.0,tg
*CC(=O)Cc1ccc(*)s1,1.6069,eea
*C1C(=O)OC(=O)C(C1)C*,140.0,tg
*Oc1cc2c(cc1)ccc(c2)Oc1ccc(cc1)C(=O)Nc1ccc(cc1)Oc1ccc(cc1)C(c1ccc(cc1)Oc1ccc(cc1)NC(=O)c1ccc(cc1)*)(C)C,143.0,tg
*C(C*)(C(=O)Oc1ccc(cc1)CC#N)C,128.0,tg
*c1ccc2ccc3c(c2n1)nc(cc3)c1ccc(cc1)c1c(cc(c(c1)CCCCCC)c1ccc(cc1)*)CCCCCC,190.0,tg
*c1cc2c(oc(n2)c2ccc(cc2)Oc2ccc(cc2)C(c2ccc(cc2)Oc2ccc(cc2)c2oc3c(n2)cc(cc3)C(*)(C(F)(F)F)C(F)(F)F)(C(F)(F)F)C(F)(F)F)cc1,230.67,tg
*OC(C*)CSCC,-57.0,tg
*OC(=O)c1cc(cc(c1)OCc1c(c(c(c(c1F)F)OC)F)F)C(=O)OCCN(CC*)c1ccc(cc1)C=Cc1sc(cc1)C=CC1=C(C(=C(C#N)C#N)OC1(c1ccccc1)C(F)(F)F)C#N,140.0,tg
*c1sc(nn1)c1ccc(cc1)C(=O)OCCCCCCCCCOC(=O)c1ccc(cc1)*,72.0,tg
*Oc1ccc(cc1)C(c1ccc(cc1)OCC(C*)O)(c1ccccc1)C,115.0,tg
*CCOCCOC(=O)CCCCS(=O)(=O)CCCCC(=O)O*,5.7504,egb
*C=C(*)c1cccc([Si](C)(C)C)c1,0.7366,egc
*Oc1ccc(cc1)C(c1ccc(cc1)OC(=O)*)(CC)C,131.5,tg
*NC(=O)CCCCCCC*,38.45,tg
*c1oc(nn1)c1ccc(cc1)Oc1ccc(cc1)N1C(=O)c2c(C1=O)cc(cc2)[Si](O[Si](c1cc2c(C(=O)N(C2=O)c2ccc(cc2)Oc2ccc(cc2)*)cc1)(C)C)(C)C,190.5,tg
*CCCCCCCc1nc2ccc(-c3ccc4nc(*)oc4c3)cc2o1,4.0726,egc
*CC(=O)OC(*)=O,3.95,eps
*CCOC(=O)Nc1cc(NC(=O)O*)ccc1C,5.1142,egc
*c1cc2c(C(=O)N(C2=O)c2cc(ccc2)C(=O)Nc2ccc(cc2)Oc2ccc(cc2)NC(=O)c2cc(ccc2)N2C(=O)c3c(C2=O)cc(cc3)C(*)(C(F)(F)F)C(F)(F)F)cc1,298.0,tg
*[Si](CC(C*)Cc1ccc(cc1)c1ccccc1)(C)C,28.0,tg
*C1CC(CC1)*,65.1,tg
*C(=O)c1ccc(-c2ccc(-c3ccc(*)s3)cc2)cc1,5.9085,ei
*CCOCCOCCOC(=O)CCCCCC(=O)O*,5.5157,egb
*O[Si](c1cc2c(cc1)cc(cc2)[Si](*)(C)C)(C)C,29.0,tg
*c1nc2cc3c(cc2c(c1)c1ccccc1)nc(cc3c1ccccc1)c1ccc(cc1)Oc1ccc(cc1)*,365.0,tg
*C(=O)SSCCCCCCSSC(=O)N1CCN(*)CC1,4.64,egc
*c1nc2cc3c(cc2nc1c1ccccc1)nc(c(n3)c1ccccc1)c1cc(ccc1)*,365.0,tg
*CCC(=O)c1ccc(*)s1,3.1093,egb
*C(C(C(C*)OCC(C)C)(C(=O)OC)C)(C(=O)OC)C,125.5,tg
*C(C*)(C(=O)OCCCCOc1ccc(cc1)OC(=O)c1ccc(cc1)OCCCCCC)C,34.0,tg
*C(=O)Nc1cccc(C=CC(=O)C=Cc2cccc(NC(=O)c3ccc(N4C(=O)c5ccc(*)cc5C4=O)cc3)c2)c1,3.0227,egc
*Oc1c(cc(cc1C)*)C(CCCCCCCC)C,20.0,tg
*Oc1c(cc(cc1Cl)*)Br,188.5,tg
*CCNc1ccc(*)cc1,1.7816,nc
*CCCCCCNC(=O)CC(=O)N*,5.7541,egc
*OC(=O)OC1CC2CC(*)CC(C1)O2,6.2425,egc
*NC(=O)NC(S1)=CC=C1*,3.228,egc
*Oc1ccc(cc1)S(=O)(=O)c1ccc(cc1)Oc1ccc(cc1)C(c1ccc(cc1)*)(c1ccccc1)c1ccccc1,230.0,tg
*C(=O)c1ccc(-c2ccc(C(*)=S)s2)s1,1.6466,egb
*CCOC(=S)NC(=S)c1ccc(N*)cc1,5.17,eps
*c1nc2c(nc1c1ccc(cc1)C(=O)NCCCCCCCCNC(=O)c1ccc(cc1)*)cccc2,185.0,tg
*N1C(=O)c2c(C1=O)cc(cc2)c1cc2c(C(=O)N(C2=O)c2ccc(cc2)S(=O)(=O)c2ccc(cc2)*)cc1,350.0,tg
*c1cc2n(c3c(c2cc1)ccc(c3)c1sc(cc1)c1c2c(nsn2)c(cc1)c1sc(cc1)*)C(CCCCCCCC)CCCCCCCC,128.0,tg
*c1nc2c(c(c1)c1ccc(cc1)Oc1ccc(cc1)c1cc(nc3c1cccc3)c1ccc(cc1)c1ccc(cc1)*)cccc2,326.0,tg
*C(C*)(C(=O)OCCC(C(C(C(C(C(C(C(F)(F)F)(F)F)(F)F)(F)F)(F)F)(F)F)(F)F)(F)F)Cl,61.0,tg
*c1ccc(C(C#N)(C(=O)O)C(*)(C#N)C(=O)O)cc1,5.2415,egc
*c1cc2c(cc1)oc(=O)c(c2)C(=O)Nc1ccc(cc1)Oc1ccc(cc1)Oc1ccc(cc1)NC(=O)c1c(=O)oc2c(cc(cc2)C*)c1,290.0,tg
*Oc1ccc(cc1)C(=O)c1ccc(cc1)OCCCCCCOC(=O)OCCCCCCOC(=O)OCCCCCC*,-0.3,tg
*Nc1ccc(CC(C)(C)NC(=O)CCCCCCCCC(*)=O)cc1,4.455,egc
*Oc1c(cc(c(c1)OC(=O)c1ccc(cc1)OCCCC)OC(=O)CCCCCC(=O)*)OC(=O)c1ccc(cc1)OCCCC,45.0,tg
*c1nc(ccc1)NC(=O)Nc1ccc(cc1)Cc1ccc(cc1)NC(=O)N*,216.67,tg
*CCCCCNC(=O)C(CCCCCCCCCCCC)C(=O)N*,6.2733,egb
*c1cc2c(C(=O)N(C2=O)c2ccc(cc2)Oc2cc3c(cc2)ccc(c3)Oc2ccc(cc2)N2C(=O)c3c(C2=O)cc(cc3)C(=O)Nc2ccc(cc2)Cc2ccc(cc2)NC(=O)*)cc1,273.0,tg
*CC(CBr)O*,6.2128,egc
*Oc1ccc(cc1)C(=O)Nc1ccc(cc1)C(c1ccc(cc1)NC(=O)c1ccc(cc1)*)(P1(=O)c2ccccc2c2ccccc2O1)P1(=O)c2ccccc2c2ccccc2O1,243.0,tg
*OC(*)CCCC,6.6222,egc
*c1cc(CCCCCCBr)c(*)s1,2.553,egc
*C(C*)C(=O)N(C)C,113.45,tg
*C(C*)CNc1ccc(cc1)[N+](=O)[O-],140.25,tg
*COC(=S)O*,4.34,eps
*C(C*)(C(=O)OCCCCCCc1ccc(cc1)N=Nc1ccc(cc1)OC(F)(F)F)C,194.5,tg
*OC(=O)c1ccc(C(*)=O)s1,3.3779,eea
*CC(=O)CC(=S)*,2.8292,egc
*OC1CCC(CC1)OC(=O)c1ccc(cc1)C(=O)*,94.3,tg
*C(C*)(C(=O)OCCCCCc1ccc(cc1)N=Nc1ccc(cc1)OC(F)(F)F)C,202.5,tg
*C(C*)(CC(=O)OCCCCl)C(=O)OCCCCl,47.0,tg
*C(=O)NNC(=O)c1cncc(C(=O)NNC(=O)c2ccc(*)nc2)c1,3.9225,egc
*CC(=O)CC(*)=S,1.8167,nc
*N1C(=O)c2c(C1=O)cc(cc2)C(=O)c1cc2c(C(=O)N(C2=O)CCC(=O)Nc2ccc(cc2)NC(=O)CC*)cc1,237.0,tg
*c1n(c(cc1)Oc1ccc(cc1)C(c1ccc(cc1)OC*)(C)C)c1ccc(cc1)C#N,73.13,tg
*C(C*)C1=NC(C(=O)O1)(C)C,92.0,tg
*N1C(=O)c2c(C1=O)cc(cc2)C(=O)c1cc2c(C(=O)N(C2=O)CC(=O)Nc2cc(ccc2)Oc2ccc(cc2)NC(=O)C*)cc1,226.0,tg
*C(C*)c1ccc(cc1)C(CC)(O)C,186.0,tg
*Oc1ccc(cc1)S(=O)c1ccc(cc1)Oc1ccc(cc1)C=NN=Cc1ccc(cc1)*,151.0,tg
*Oc1ccc(cc1)C(c1ccc(cc1)OC(=O)*)(CCC#N)C,150.0,tg
*OC(=O)Nc1ccc(cc1)Cc1ccc(cc1)NC(=O)OCCN(CC*)c1cc(c(cc1)N=Nc1ccc(cc1)[N+](=O)[O-])C,115.0,tg
*NC(=O)c1ccc(-c2ccc(*)cc2)s1,1.9448,egb
*c1ccc2n(c3c(c2c1)cc(cc3)Nc1ccc(cc1)c1ccc(cc1)N*)CC(CCCC)CC,231.0,tg
*NC(C(=O)*)CCC(=O)OCc1ccc(cc1)[N+](=O)[O-],53.15,tg
*NNC(=S)c1ccc(C(*)=S)cc1,3.4154,egc
*OC(=O)NNC(=O)CCCCCCCCC(=O)NNC(=O)OCCC*,22.0,tg
*N1C(=O)c2c(C1=O)cc(cc2)Oc1cc2c(C(=O)N(C2=O)c2ccc(cc2)Oc2ccc(cc2)C(=O)c2cc(ccc2)C(=O)c2ccc(cc2)Oc2ccc(cc2)*)cc1,208.0,tg
*OC(C*)CSC(C)C,-44.0,tg
*CCCCCCCCOC(=O)CCCCCCC(=O)O*,6.7527,egc
*OP(=O)(Oc1ccc(cc1)C(c1ccc(cc1)*)(C)C)Oc1c(cc(cc1Cl)Cl)Cl,94.0,tg
*Oc1c(cccc1)C(=O)OC(=O)c1c(cccc1)OC(=O)CCCCCCC(=O)*,28.0,tg
*C1COC2C1OCC2OC(=O)C(NC(=O)CCCCCCCCC(=O)NC(C(=O)O*)Cc1ccccc1)Cc1ccccc1,74.0,tg
*S(=O)(=O)c1ccc(cc1)NC(=O)CCCCCC(=O)Nc1ccc(cc1)*,163.0,tg
*OCC(C*)(COCCCCCCCCCCOc1ccc(cc1)c1ccc(cc1)C#N)C,7.0,tg
*OC(=O)CCCCC*,-57.39,tg
*c1oc(nn1)c1cc(ccc1)c1oc(nn1)c1ccc(cc1)*,277.0,tg
*Nc1ccc(*)cc1,4.0074,egc
*N=c1c(=Nc2ccc(*)cc2)c2cccc3cccc1c32,2.1929,egc
*O[Si](c1c2ccc3ccc(c4ccc(cc1)c2c34)[Si](*)(C)C)(C)C,65.0,tg
*c1ccc(Oc2cccc(-n3c(=O)c4cc5c(=O)n(*)c(=O)c5cc4c3=O)c2)cc1,2.5637,egc
*c1cc(-n2c(=O)c3cc4c(=O)n(*)c(=O)c4cc3c2=O)c(O)cc1O,2.8367,egc
*c1sc(*)c2nc(CC)c(CC)nc12,2.6114,egc
*c1cc(-c2ccc(OCCCCCCCC)cc2)c(*)s1,2.6404,egc
*C(C*)(C(=O)OCCCCc1ccc(cc1)N=Nc1ccc(cc1)OC(F)(F)F)C,203.5,tg
*c1n(c(cc1)c1sc(cc1)c1sc(cc1)c1sc(cc1)*)CCCCCCCCCCCC,53.0,tg
*NC(=O)CCCCCCCCC(=O)NCCCCCCCCCCC*,40.0,tg
*S(=O)(=NP(=NP(=N*)(NCCCC)NCCCC)(NCCCC)NCCCC)NCCCC,-17.0,tg
*N1C(=O)C(CC1=O)Nc1cc(ccc1)NC1C(=O)N(C(=O)C1)c1ccc(cc1)Oc1c(cc(cc1C)C(c1cc(c(c(c1)C)Oc1ccc(cc1)*)C)c1cnccc1)C,217.0,tg
*c1ncnc(n1)N(CCCCN(*)c1ccccc1)c1ccccc1,91.0,tg
*OC(=O)Nc1c(ccc(c1)NC(=O)OCCN(CC*)c1ccc(cc1)N=Nc1ccc(cc1)c1nc2c(n1CC)cc(cc2)[N+](=O)[O-])C,158.0,tg
*OC(=O)c1ccc(C(*)=O)s1,3.202,egb
*CC(O*)C(F)(F)F,6.7566,egc
*OC(=O)c1ccc(C(*)=O)cc1,4.5736,egc
*c1cc2c(nc(c(n2)c2ccccc2)c2ccc(cc2)c2nc3c(nc2c2ccccc2)cc(cc3)C(=O)*)cc1,325.0,tg
*CCOC(=O)CCCCC(=O)O*,1.0754,eea
*C(C*)C(=O)OCCCCCCOc1cc(c(cc1)C=Nc1ccc(cc1)OCCCCC)O,36.0,tg
*CC1CCC(COC(=O)C2CCC(C(=O)O*)CC2)CC1,6.6637,egc
*C(C(CCCCCCC*)c1ccc(cc1)O)c1c(cc(cc1)O)C,4.0,tg
*CC(F)(F)C(F)(F)COC(=O)NCC(F)(F)C(F)(F)C(F)(F)C(F)(F)CNC(=O)O*,7.202,egc
*Oc1ccc(cc1)C(CC(c1ccc(cc1)OCC(C*)O)C)(C)C,75.0,tg
*OC(=O)Nc1c(ccc(c1)NC(=O)OCCCCCCCC*)C,64.0,tg
*CC(=S)NO*,1.9431,nc
*c1ccc(C(C=CC)c2ccc(-n3c(=O)c4cc5c(=O)n(*)c(=O)c5cc4c3=O)cc2)cc1,2.5577,egc
*C(C(CC*)c1ccccc1)c1ccccc1,101.65,tg
*c1c(cc(c(c1)OC)C=C*)OCCCCCCCC,58.0,tg
*c1cc2c(C(=O)N(C2=O)c2cc(ccc2)C(c2cc(ccc2)N2C(=O)c3c(C2=O)cc(cc3)C(*)(C(F)(F)F)C(F)(F)F)O)cc1,236.5,tg
*C1=CC(=C(C#N)C#N)C=C(O1)C=Cc1sc(c(c1CCCCCC)CCCCCC)c1cc2C(c3c(c2cc1)ccc(c3)c1sc(c(c1CCCCCC)CCCCCC)C=C*)(CCCCCC)CCCCCC,115.0,tg
*c1ccc(NC(F)(F)C(*)(F)F)cc1,4.1626,egb
*c1oc(nn1)c1ccc(cc1)Oc1ccc(cc1)c1oc(nn1)CN1C(=O)c2c(C1=O)cc(cc2)C(c1cc2c(C(=O)N(C2=O)C*)cc1)(C(F)(F)F)C(F)(F)F,210.0,tg
*CCCCCCNC(=O)C(O)C(O)C(O)C(O)C(=O)N*,5.9698,egc
*C(=O)c1ccc(C(=O)c2ccc(*)s2)s1,2.0879,nc
*c1cc2c(C(=O)N(C2=O)c2cc(c(cc2)Oc2ccc(cc2)Oc2ccc(cc2)N2C(=O)c3c(C2=O)cc(cc3)C(*)(C(F)(F)F)C(F)(F)F)C(F)(F)F)cc1,260.8,tg
*Oc1ccc(cc1)c1cc(c(c(c1)c1ccccc1)c1ccc(cc1)NC(=O)c1ccc(cc1)C(=O)Nc1ccc(cc1)c1c(cc(cc1c1ccccc1)c1ccc(cc1)OCCCCCC*)c1ccccc1)c1ccccc1,127.0,tg
*CCOCCOC(=O)Nc1ccc(C)c(NC(=O)O*)c1,0.755,eea
*OC(CCl)CC(*)=O,6.865,egc
*N1C(=O)c2c(C1=O)cc(cc2)Oc1ccc(cc1)c1ccc(cc1)Oc1cc2c(C(=O)N(C2=O)c2cc(ccc2)Oc2c(ccc(c2)Oc2cc(ccc2)*)P(=O)(c2ccccc2)c2ccccc2)cc1,227.0,tg
*Oc1c(cc(cc1C)C(c1cc(c(c(c1)C)OC(=O)c1cc(ccc1)C(=O)*)C)(C)C)C,187.0,tg
*Nc1c(cc(cc1)NC(=O)c1ccc(cc1)NC(=O)CCCCCCCCC(=O)Nc1ccc(cc1)C(=O)*)C(=O)OCCCCCCCCCCCCCC,225.0,tg
*c1c(c(cc(c1)*)N=Cc1ccc(cc1)F)O,154.0,tg
*c1[nH]c(nc1c1ccc(cc1)Oc1ccc(cc1)C(=O)c1ccc(cc1)Oc1ccc(cc1)C(=O)c1ccc(cc1)Oc1ccc(cc1)*)c1ccccc1,239.0,tg
*Oc1ccc(OC(=O)c2ccc(OC(=O)CCCCCCCCC(*)=O)cc2)cc1,4.2519,egc
*C(=O)CC*,10.0,tg
*NC(C)(CC)C(*)=O,5.7479,egc
*N1C(=O)c2c(C1=O)cc(cc2)[Si](c1ccc(cc1)[Si](c1cc2c(C(=O)N(C2=O)c2cc(ccc2)Cc2cc(ccc2)*)cc1)(C)C)(C)C,246.0,tg
*C1C(=O)OC(=O)C1C(C*)OC1CCCCC1,201.0,tg
*c1sc(c(c1CCCCCCN(c1ccc(cc1)N=Nc1ccc(cc1)[N+](=O)[O-])CC)CCCCCC)*,17.0,tg
*NC(C=C1)=CC=C1C(S2)=CC=C2C(S3)=CC=C3*,3.3427,egc
*C(=O)c1ccc(-c2ccc(C(*)=S)cc2)s1,1.9265,egb
*C1C2C(C(C1)CC*)C1C(CC2C1)c1ccc(cc1)COC(CC)C,139.0,tg
*NNC(=O)C(=O)NNC(=O)CCCCCCCC(*)=O,4.4307,egc
*C(C*)C(=O)OC12CC3(CC(CC(C1)C3)(C2)C)C,103.43,tg
*C(C=C1)=CC=C1C(=S)C(C=C2)=CC=C2O*,2.6372,egc
*NC(CCC(*)=O)C(=O)OC,5.6456,egc
*C(C*)CCCCCCCCCCCCCCCCCC,-88.0,tg
*C(C*)SCCCC,-20.0,tg
*C(C*)C#N,93.96,tg
*NC(CCC(=O)OCCCl)C(*)=O,5.9169,egc
*Oc1ccc(cc1)Oc1ccc(cc1)C(=O)Nc1ccc(cc1)Oc1ccc(cc1)S(=O)(=O)c1ccc(cc1)Oc1ccc(cc1)NC(=O)c1ccc(cc1)*,220.0,tg
*N1C(=O)c2c(C1=O)cc(cc2)S(=O)(=O)c1cc2c(C(=O)N(C2=O)c2ccc(cc2)Oc2cc3c(cc2Oc2ccc(cc2)*)cccc3)cc1,275.0,tg
*CC(=O)NCCCCCCNC(=O)COc1ccc(O*)cc1,4.6023,egc
*C(=O)NCCCCCCNC(=O)c1cc(O)cc(*)n1,4.8984,egc
*OC1C(COC(C)=O)OC(*)C(OC(C)=O)C1OC(C)=O,5.9636,egc
*C(=O)c1ccc(-c2ccc(-c3ccc(*)s3)cc2)cc1,6.15,eps
*Oc1ccc(Cc2ccc(OC(*)=O)cc2)cc1,4.8502,egc
*Cc1ccc(Nc2ccc(*)cc2)cc1,5.3392,ei
*CCNC(=O)CCCCCCCCC(=O)N*,5.9828,egc
*O[Si](O[Si](O[Si](O[Si](O[Si](c1ccc(cc1)[Si](*)(C)C)(C)C)(C)C)(C)C)(C)C)(C)C,-80.0,tg
*C1(c2c(C(=O)N1)cccc2)c1ccc(cc1)Oc1ccc(cc1)NC(=O)c1cc2c(C(=O)N(C2=O)c2ccc(cc2)Cc2ccc(cc2)N2C(=O)c3c(C2=O)cc(cc3)C(=O)Nc2ccc(cc2)Oc2ccc(cc2)*)cc1,302.0,tg
*Nc1ccc(Oc2ccc(*)s2)s1,3.9124,egb
*CCCCCCCCCCCCNC(=O)c1cccc(C(=O)N*)c1,4.8693,egc
*C(C*)(C(=O)OC(COc1c2ccccc2c2ccccc2c1)COc1c2ccccc2c2ccccc2c1)C,112.0,tg
*C(C*)c1c(ccc(c1)Br)OCCC,54.0,tg
*Nc1ccc(-c2ccc(-c3ccc(*)cc3)cc2)cc1,4.29,eps
*CNc1ccc(-c2ccc(*)cc2)s1,4.18,eps
*Oc1ccc(CCNC(=O)c2cccc(C(*)=O)c2)cc1,4.1401,egc
*c1cc2c(C(=O)N(C2=O)c2ccc(cc2)Oc2ccc(cc2)C(c2ccc(cc2)Oc2ccc(cc2)N2C(=O)c3c(C2=O)cc(cc3)C(*)(C(F)(F)F)C(F)(F)F)(C(F)(F)F)C(F)(F)F)cc1,259.43,tg
*N1C(=O)c2c(C1=O)cc(cc2)C(c1cc2c(C(=O)N(C2=O)CC(=O)Nc2ccc(cc2)Oc2cc(ccc2)Oc2ccc(cc2)NC(=O)C*)cc1)(C(F)(F)F)C(F)(F)F,221.0,tg
*OC(CC(*)=O)C1CCC=CO1,4.8999,egc
*CCCCC(=O)N*,5.9658,egc
*C(C*)(C(=O)OCCCCCCCCCCOc1ccc(cc1)C(=O)Oc1ccc(cc1)C(=O)C=Cc1c(c2c(n1CCCC)cccc2)C)C,57.0,tg
*CCCCCCCCCCCCCCCCCCCCOC(=O)CC(=O)O*,6.2688,egc
*Cc1ccc(CNC(C)=N*)cc1,4.9237,egc
*Nc1ccc(cc1)NC(=O)CCCCC(=O)*,133.0,tg
*c1cc2c(C(=O)N(C2=O)c2ccc(cc2)Oc2c3c(ccc2)c(ccc3)Oc2ccc(cc2)N2C(=O)c3c(C2=O)cc(cc3)C(=O)Nc2ccc(cc2)Oc2ccc(cc2)C(c2ccc(cc2)Oc2ccc(cc2)NC(=O)*)(C(F)(F)F)C(F)(F)F)cc1,231.0,tg
*Oc1ccc(cc1)CC(NC(=O)CCc1ccc(cc1)OC(=O)CCC(=O)*)C(=O)OCCCCCCCCCCCC,40.0,tg
*C=Cc1ccc(C=Cc2cc(*)ncn2)cc1,2.9779,egc
*C(C*)C(=O)OC(C(F)(F)F)C(F)(F)F,24.06,tg
*C(C*)c1c(c(c(c(c1F)F)F)F)F,102.15,tg
*C(=O)Nc1cccc(NC(=O)c2cccc(NC(=O)c3ccc(-c4nc5cc(*)ccc5[nH]4)cc3)c2)c1,3.3084,egc
*CNc1ccc(O*)cc1,3.7495,egb
*c1ccc(-c2ccc(C(F)(F)C(*)(F)F)cc2)s1,3.57,eps
*N1C(=O)c2c(C1=O)cc(cc2)c1cc2c(C(=O)N(C2=O)c2ccc(cc2)c2ccc(cc2)NC(=O)c2cc(ccc2)C(=O)Nc2ccc(cc2)c2ccc(cc2)*)cc1,230.0,tg
*C(C*)c1nc(ccc1)C,92.0,tg
*c1ccc(-c2sc(-c3cc(SCCCCCCCC)c(*)s3)cc2SCCCCCCCC)cc1,2.4336,egc
*C(=O)c1ccc(C(=O)C(*)=S)cc1,2.0994,nc
*CNCN*,6.0806,ei
*C1C2C(C(C(C1*)C2)C(=O)OCCCc1ccccc1)C(=O)OCCCc1ccccc1,200.0,tg
*Oc1ccc(C2(c3ccc(OC(=O)OC4C(C)(C)C(OC(*)=O)C4(C)C)cc3)CCC(C(C)(C)C)CC2)cc1,5.0195,egc
*OC(C*)COC(=O)CCCCCN1C(=O)C2C(C1=O)C1C=CC2C1,1.0,tg
*Oc1ccc(cc1)C(c1ccc(cc1)Oc1c(c(c(c(c1F)F)C(=O)c1c(c(c(c(c1F)F)*)F)F)F)F)(C(F)(F)F)C(F)(F)F,148.69,tg
*c1ccc2n(c3c(c2c1)cc(cc3)c1cc2C(c3c(c2cc1)ccc(c3)*)(CCCCCC)CCCCCC)c1ccc(cc1)OC,174.0,tg
*OC(COC(COC(=O)c1ccc(cc1)C(=O)*)C)C,37.0,tg
*c1c(cc(c(c1)OC)C=C*)OCC1C2C3C(CCC3)C(C1)C2,174.0,tg
*OCC(C*)(CSCCCCC)CSCCCCC,-33.0,tg
*NC(=O)C(=S)c1ccc(*)s1,8.51,eps
*c1sc(cc1CCCCCCCCCCCC)*,-13.51,tg
*c1c(cc(c(c1)OC)C(=Cc1c(cc(c(c1)OC)C=C(*)C#N)OCCCCCCCC)C#N)OCCCCCCCC,174.0,tg
*Oc1c2c(c(cc1)c1c3c(c(cc1)Oc1ccc(cc1)Oc1ccc(cc1)S(=O)(=O)c1ccc(cc1)Oc1ccc(cc1)*)cccc3)cccc2,214.0,tg
*NNC(=O)c1ccc([Si](c2ccccc2)(c2ccccc2)c2ccc(C(*)=O)cc2)cc1,4.754,egc
*c1n(nc(c1)c1ccc(cc1)Oc1ccc(cc1)C(=O)c1ccc(cc1)C(=O)c1ccc(cc1)Oc1ccc(cc1)*)c1ccccc1,205.0,tg
*C1(c2c(C(=O)O1)cccc2)c1cc(c(cc1)Oc1ccc(cc1)S(=O)(=O)c1ccc(cc1)Oc1c(cc(cc1)*)C)C,245.0,tg
*c1sc(cc1)c1cc(c(cc1)Oc1ccc(cc1)C(c1ccc(cc1)Oc1c(cc(cc1)*)C(F)(F)F)(C(F)(F)F)C(F)(F)F)C(F)(F)F,153.33,tg
*c1cc2c(C(=O)N(C2=O)C2C(CC(CC2)CC2CC(C(CC2)N2C(=O)c3c(C2=O)cc(cc3)C(=O)*)C)C)cc1,240.0,tg
*N1C(=O)c2c(C1=O)cc(cc2)Oc1cc2c(C(=O)N(C2=O)c2ccc(cc2)Sc2cc3c(C(=O)N(C3=O)c3ccc(cc3)CC)cc2Sc2ccc(cc2)*)cc1,271.0,tg
*N1C(=O)c2c(C1=O)cc(cc2)c1cc2c(C(=O)N(C2=O)c2ccc(cc2)Oc2c(cc(cc2C)C(c2cc(c(c(c2)C)Oc2ccc(cc2)*)C)c2c3c(ccc2)cccc3)C)cc1,289.5,tg
*Oc1ccc(cc1)C(c1ccc(cc1)OC(=S)*)c1c2c(ccc1)cccc2,191.0,tg
*Oc1c2c(ccc1)ccc(c2)Oc1ccc(cc1)NC(=O)c1ccc(cc1)Oc1ccc(cc1)C(=O)Nc1ccc(cc1)*,236.0,tg
*N1C(=O)C2C(C1=O)CC(CC2)C1CC2C(C(=O)N(C2=O)c2ccc(cc2)Cc2ccc(cc2)*)CC1,260.0,tg
*c1cc2c(nc(c(n2)c2ccc(cc2)N2C(=O)c3c(C2=O)cc(cc3)C(=O)c2cc3c(C(=O)N(C3=O)c3ccc(cc3)c3c(nc4c(n3)cc(cc4)C(=O)*)c3ccccc3)cc2)c2ccccc2)cc1,255.0,tg
*Cc1ccc(C(=O)c2ccc(*)s2)s1,4.69,eps
*Nc1cc(NC(=O)c2cccc(C(*)=O)c2)c(N)cc1N,3.509,egc
*N1C(=O)c2c(C1=O)c(ccc2)Oc1ccc(cc1)c1ccc(cc1)Oc1c2c(C(=O)N(C2=O)c2ccc(cc2)Oc2ccc(cc2)*)ccc1,277.0,tg
*Oc1ccc(cc1)CC(NC(=O)CCc1ccc(cc1)OC(=O)CCCC(=O)*)C(=O)OCCCCCCCC,32.5,tg
*N1C(=O)c2c(C1=O)cc(cc2)Oc1cc2c(C(=O)N(C2=O)c2ccc(cc2)Oc2ccc(cc2)Oc2ccc(cc2)*)cc1,235.78,tg
*Cc1ccc(OC(*)=S)cc1,3.66,eps
*C(=C(*)C)[Ge](C)(C)C,250.0,tg
*N1C(=O)c2c(C1=O)c(c(c(c2c1ccccc1)c1ccccc1)c1ccc(cc1)c1c(c2c(C(=O)N(C2=O)c2cc(ccc2)*)c(c1c1ccccc1)c1ccccc1)c1ccccc1)c1ccccc1,416.0,tg
*Oc1ccc(cc1)CC(NC(=O)CCc1ccc(cc1)OC(=O)COCCOCC(=O)*)C(=O)OCCCCCCCCCCCC,17.0,tg
*O[Si](C#C[Si](C#C[Si](C#C[Si](C#C[Si](C#C[Si](*)(C)C)(C)C)(C)C)(C)C)(C)C)(C)C,-16.1,tg
*c1oc(nn1)c1ccc(cc1)C(=O)OCCCCCCCCCCOc1ccc(cc1)C=CC(=O)C=Cc1ccc(cc1)OCCCCCCCCCCOC(=O)c1ccc(cc1)*,58.0,tg
*CC(*)C(=O)OC(C)C,6.455,egb
*c1oc2c(n1)cc(cc2)NC(=O)CCCCCCCCC(=O)Nc1cc2c(oc(n2)CCCCCCCC*)cc1,88.12,tg
*c1ccc(*)n1CCCCCC,2.8542,egc
*C(=O)Nc1ccc(C(=O)Nc2ccc(NC(=O)c3ccc4[nH]c(-c5ccc(-c6nc7cc(*)ccc7[nH]6)cc5)nc4c3)cc2)cc1,2.6204,egc
*c1ccc(C(F)(F)CC(*)(F)F)s1,7.1393,ei
*c1cc2C(c3c(c2cc1)ccc(c3)c1c(cc(cc1)*)F)(CCCCCCCC)CCCCCCCC,34.0,tg
*Oc1ccc(cc1)OCC(C*)OC(=O)C,54.5,tg
*Oc1ccc(cc1)NC(=O)c1ccc(cc1)[Si](c1ccc(cc1)C(=O)*)(C)C,220.0,tg
*C(F)(F)C1(F)C(F)(F)C(*)(F)C(F)(F)C1(F)F,6.9544,egb
*c1cc2c(C(=O)N(C2=O)c2ccc(cc2)Oc2ccc(cc2)Oc2ccc(cc2)N2C(=O)c3c(C2=O)cc(cc3)C(=O)Nc2ccc(cc2)Oc2ccc(cc2)C2(c3c(C(=O)N2)cccc3)c2ccc(cc2)Oc2ccc(cc2)NC(=O)*)cc1,284.0,tg
*ON(C(C(*)(F)F)(Cl)F)C(F)(F)F,-50.0,tg
*CCOC(=O)C(=O)O*,6.5784,egc
*C(C*)OC(=O)c1ccc(cc1)[N+](=O)[O-],122.0,tg
*C(=O)c1ccc2c(c1)C(=O)N(c1cccc(C(=O)Nc3ccc(N4C(=O)c5ccc(*)cc5C4=O)cc3)c1)C2=O,2.497,egc
*N(CC(C*)O)c1cc(c(c(c1)C)N=Nc1ccc(cc1)C#N)C,150.0,tg
*Oc1ccc(cc1)C1(c2ccccc2c2ccccc12)c1ccc(cc1)OC(=O)CCC(=O)*,234.0,tg
*Oc1ccc(cc1)C1(CCC(CC1)C(C)(C)C)c1ccc(cc1)Oc1ccc(cc1)C(=O)Oc1c(cc(cc1C)C(c1cc(c(c(c1)C)OC(=O)c1ccc(cc1)*)C)(C)C)C,176.0,tg
*c1oc(nn1)c1ccc(cc1)c1oc(nn1)CCCOc1c(cc(cc1)OCCC*)C,125.5,tg
*CCCCCCCCCCNC(=O)CCCCCCCCCCCCCCC(=O)N*,5.8964,egc
*C1C2C(C(C(C1*)C2)C(=O)OCCC1C2CCC(C1)C2)C(=O)OCCC1C2CCC(C1)C2,260.0,tg
*c1cc2c(C(=O)N(C2=O)c2cc(c(cc2)Oc2c(cccc2)Oc2c(cc(cc2)N2C(=O)c3c(C2=O)cc(cc3)C(=O)*)C(F)(F)F)C(F)(F)F)cc1,236.0,tg
*N1C(=O)c2c(C1=O)cc(cc2)Oc1cc2c(C(=O)N(C2=O)c2ccc(cc2)Sc2ccc(cc2)Sc2ccc(cc2)Sc2ccc(cc2)*)cc1,202.65,tg
*Oc1ccc(cc1)C1(CC2C(CC1)CCCC2)c1ccc(cc1)Oc1ccc(cc1)C(=O)c1ccc(cc1)*,214.0,tg
*c1ccc(*)n1C(C)C(=O)OC,2.9894,egc
*c1ccc(Oc2ccc(Oc3ccc(-n4c(=O)c5cc6c(=O)n(*)c(=O)c6cc5c4=O)cc3)cc2C)cc1,2.3895,egc
*c1nnc(nc1c1ccc(cc1)Oc1ccc(cc1)C1(c2ccccc2c2ccccc12)c1ccc(cc1)Oc1ccc(cc1)*)c1ncccc1,277.0,tg
*CC(*)C(=O)OCC,6.2551,egc
*Oc1c2c(ccc1)ccc(c2)Oc1ccc(cc1)NC(=O)c1cc(cc(c1)C(C)(C)C)C(=O)Nc1ccc(cc1)*,263.0,tg
*C1COC2C1OCC2OC(=O)C(NC(=O)CCCCCCC(=O)NC(C(=O)O*)Cc1ccccc1)Cc1ccccc1,91.0,tg
*NC(=O)c1c(cccc1)c1c(cccc1)C(=O)NCc1cc(ccc1)C*,159.0,tg
*Nc1ccc(Cc2ccc(NC(=O)c3cc(C(*)=O)cc(N4C(=O)C5C6CCC(C6)C5C4=O)c3)cc2)cc1,3.4808,egc
*Cc1ccc(CNC(=O)CCCCCCCCCCC(=O)N*)cc1,5.2323,egc
*C(C*)(C(=O)OCCN(c1ccc(cc1)N=Nc1ccc(cc1)[N+](=O)[O-])C)C,110.0,tg
*Oc1ccc(cc1)NC(=O)Nc1c(ccc(c1)NC(=O)Nc1ccc(cc1)*)C,269.0,tg
*C(C*)C(=O)N,178.5,tg
*Nc1ccc(cc1)C(c1ccc(cc1)NC(=O)c1ccc(cc1)C(=O)*)(P1(=O)c2ccccc2c2ccccc2O1)P1(=O)c2ccccc2c2ccccc2O1,245.0,tg
*OCCC(=O)CC(=O)Oc1ccc(*)cc1,6.7464,ei
*C=Cc1ccc(*)c2sccc12,2.1967,egc
*Nc1cc(cc(c1)C(=O)Oc1ccc(cc1)Oc1cc(c(cc1)C#N)C#N)NC(=O)c1cc(ccc1)C(=O)*,305.0,tg
*c1sc(cc1CCCCCCBr)c1sc(cc1)*,51.0,tg
*CCc1ccc(*)c(C#N)c1,4.7476,egc
*Cc1ccc(-c2ccc(N*)s2)s1,2.8559,egb
*CCCCCOC(=O)Nc1ccc(C)c(NC(=O)O*)c1,1.7297,nc
*O[Si](C#C[Si](C#C[Si](C#C[Si](C#C[Si](*)(C)C)(C)C)(C)C)(C)C)(C)C,-23.0,tg
*CC1CCC(COC(=O)CCCCCCCCCCC(=O)O*)CC1,6.723,egc
*c1cccc(*)n1,2.9424,egb
*Nc1cc(ccc1)NC(=O)c1ccc(cc1)C(=O)Nc1cc(ccc1)NC(=S)NC(=O)c1ccc(cc1)C(=O)NC(=S)*,258.0,tg
*CCNC(S1)=CC=C1*,3.9675,egc
*OC([2H])([2H])C(*)([2H])C([2H])=C([2H])[2H],5.4798,egc
*Oc1ccc(Sc2ccc(OC(*)=O)cc2)cc1,4.473,egc
*c1c([nH]c(n1)c1cc(ccc1)c1[nH]c(c(n1)c1ccc(cc1)Oc1ccc(cc1)C(=O)c1cc(ccc1)C(=O)c1ccc(cc1)Oc1ccc(cc1)*)c1ccccc1)c1ccccc1,264.5,tg
*S(=O)(=O)CC=CC*,86.0,tg
*Nc1ccc(NC(=O)NONC(*)=O)s1,5.6948,ei
*C(C*)CCCCCCCCCI,-6.0,tg
*C1N(CC(C1)OC(=O)*)C(=O)OCc1ccccc1,78.0,tg
*Oc1ccc(cc1)C(c1ccc(cc1)Oc1ccc(cc1)C(=O)c1ccc(cc1)P(=O)(c1ccc(cc1)C(=O)c1ccc(cc1)*)c1ccccc1)(C(F)(F)F)C(F)(F)F,207.0,tg
*Oc1ccc(Oc2ccc(C(=O)c3ccc(*)cc3)cc2)cc1C(Br)Br,3.947,egc
*O[Si](OC(COc1ccc(cc1)C(c1ccc(cc1)OCC(*)CCl)(C)C)CCl)(C)C,24.0,tg
*c1cc2c(cc1)oc(=O)c(c2)C(=O)Nc1ccc(cc1)Oc1ccc(cc1)C(c1ccc(cc1)Oc1ccc(cc1)NC(=O)c1c(=O)oc2c(cc(cc2)C*)c1)(C(F)(F)F)C(F)(F)F,283.0,tg
*C(=O)C(C=C1)=CC=C1C(=S)O*,3.2688,egc
*NC(S1)=CC=C1NC(=S)*,2.9073,egc
*N1C(=O)c2c(C1=O)cc(cc2)P(=O)(c1cc2c(C(=O)N(C2=O)c2ccc(cc2)*)cc1)c1ccccc1,366.0,tg
*CC(*)F,7.6332,ei
*c1c2C(=O)N(C(=O)c2c(c2ccccc12)c1ccc(cc1)Oc1ccc(cc1)S(=O)(=O)c1ccc(cc1)Oc1ccc(cc1)*)c1ccc(cc1)F,300.0,tg
*OC(=O)CCCCC(=O)OCCOCCOCC*,-49.0,tg
*Oc1cc(ccc1)C(=O)OC(=O)c1cc(ccc1)OCCCC*,20.0,tg
*O[Si](*)(CCCn1c2ccccc2c2ccccc12)C,51.0,tg
*NC(=O)NC(=O)*,3.9005,egc
*C(C*)CNc1c(cc(cc1)[N+](=O)[O-])[N+](=O)[O-],160.0,tg
*c1ccc(CC(F)(F)C(*)(F)F)s1,1.8781,eea
*c1cc(C(F)(F)C(F)(F)C(F)(F)F)c(*)s1,2.8054,egc
*c1cc(-c2sc(-c3cc(C)c(*)s3)cc2C)c2cccccc1-2,1.3327,egb
*N1C(=O)c2c(C1=O)cc(cc2)c1cc2c(C(=O)N(C2=O)c2cc(ccc2)OCCCCCCCCOc2cc(ccc2)*)cc1,138.0,tg
*Nc1ccc(-c2ccc(-c3ccc(*)s3)s2)s1,2.5509,nc
*C=CC1CC(*)C2C3CCC(C3)C12,5.1047,egc
*C(=O)Nc1cc(NC(=O)c2ccc3[nH]c(-c4cccc(-c5nc6cc(*)ccc6[nH]5)c4)nc3c2)cc(-c2nc3ccccc3[nH]2)c1,3.2918,egc
*C(C*)(C(=O)Oc1ccc(cc1)C(C)(C)C)C,88.57,tg
*c1ccc(cc1)C=C*,230.0,tg
*N1C(=O)c2c(C1=O)cc(cc2)C(=O)Oc1ccc(cc1)c1ccc(cc1)OC(=O)c1cc2c(C(=O)N(C2=O)CCCOCCCCOCCC*)cc1,70.0,tg
*c1n(nc(c1)c1ccc(cc1)Oc1ccc(cc1)C(=O)c1ccc(cc1)Oc1ccc(cc1)C(=O)c1ccc(cc1)Oc1ccc(cc1)*)c1ccccc1,190.0,tg
*C(C*)C(=O)NCCCCCC(=O)O,68.0,tg
*NC(=O)C(=S)C(*)=O,6.114,ei
*CCCCCCCCCCCCCCCCCCCCOC(=O)CCCCCC(=O)O*,6.7391,egc
*C(=O)Nc1ccc(NC(=O)c2ccc3[nH]c(-c4cc(-c5nc6cc(*)ccc6[nH]5)cc(N5C(=O)c6ccccc6C5=O)c4)nc3c2)cc1,2.3407,egc
*Oc1ccc(cc1)C(c1ccc(cc1)OC(=S)*)(CC)CC,121.0,tg
*C(*)C(=O)OC1CCCCC1,140.0,tg
*C(=O)Oc1ccc2ccc(OC(=O)c3ccc4c(c3)C(=O)N(c3ccc(Oc5ccc(N6C(=O)c7ccc(*)cc7C6=O)cc5)cc3)C4=O)cc2c1,2.5688,egc
*CCCCCCCCC(=O)O*,6.4657,egc
*N1C(=O)c2c(C1=O)c(ccc2)Oc1ccc(cc1)C(=O)Nc1ccc(cc1)Oc1ccc(cc1)Oc1ccc(cc1)*,244.0,tg
*c1cc2c(nc([nH]2)S(=O)(=O)c2nc3c([nH]2)ccc(c3)c2cc(ccc2)*)cc1,286.5,tg
*c1sc(cc1)c1sc(cc1)c1sc(cc1)c1sc(cc1)[Si](*)(CCCC)CCCC,1.0,tg
*O[Si](c1c2c(c(cc1)[Si](*)(C)C)cccc2)(C)C,60.0,tg
*C(=O)Nc1ccc(NC(=O)c2cccc(C(=O)Nc3ccc(N4C(=O)c5ccc(*)cc5C4=O)cc3)c2)cc1,2.92,egc
*c1cc2c(C(=O)N(C2=O)c2ccc(cc2)Oc2ccc(cc2)S(=O)(=O)c2ccc(cc2)Oc2ccc(cc2)N2C(=O)c3c(C2=O)cc(cc3)C(=O)Nc2ccc(cc2)Oc2c(cccc2)c2c(cccc2)Oc2ccc(cc2)NC(=O)*)cc1,236.0,tg
*CC(=O)c1ccc(C(*)=O)s1,7.202,ei
*c1ccc(-c2ccc(-c3ccc(-c4ccc(*)s4)cc3)cc2)cc1,2.2963,eea
*Cc1ccc(-c2ccc(C(*)=S)s2)s1,5.7652,ei
*c1cc2c(C(=O)N(C2=O)c2ccc(cc2)OC(COc2ccc(cc2)N2C(=O)c3c(C2=O)cc(cc3)C(*)(C(F)(F)F)C(F)(F)F)C)cc1,234.0,tg
*Cc1ccc(CC(*)=S)cc1,1.8601,nc
*NC(=O)c1ccc(C(*)=S)s1,1.932,egb
*c1cc2c(C(=O)N(C2=O)c2cc3Cc4c(c3cc2)ccc(c4)N2C(=O)c3c(C2=O)cc(cc3)C(*)(C(F)(F)F)C(F)(F)F)cc1,394.0,tg
*CC(*)C(=O)OC(C)CC(C)C,6.3605,egc
*c1n(nc(c1)c1ccc(cc1)Oc1ccc(cc1)C(=O)c1cc(ccc1)C(=O)c1ccc(cc1)Oc1ccc(cc1)*)c1ccccc1,190.0,tg
*NC(=O)C(C(C(=O)NCCCCCCCCCCCC*)OC)OC,84.0,tg
*NC(CC(*)=O)C(=O)OCCCC,6.151,egc
*Oc1ccc(C(C)(C)c2ccc(Oc3nc(*)nc(OC)n3)cc2)cc1,5.075,egc
*Oc1ccc(cc1)S(=O)(=O)c1c2c(ccc1)c(ccc2)S(=O)(=O)c1ccc(cc1)Oc1ccc(cc1)c1ccc(cc1)*,248.0,tg
*N1C(=O)c2c(C1=O)cc(cc2)Oc1cc2c(C(=O)N(C2=O)c2c(cc(cc2)c2cc(c(cc2)*)OCCCCCCOc2ccc(cc2)/C=C/c2ccc(cc2)F)OCCCCCCOc2ccc(cc2)/C=C/c2ccc(cc2)F)cc1,124.0,tg
*CCOCCOCCOC(=O)CSC(=O)Nc1ccc(C)c(NC(=O)SCC(=O)O*)c1,4.461,egc
*OP(=O)(OCCCCCCCCCCOc1ccc(cc1)C=Cc1ccc(cc1)OCCCCCCCCCC*)OCCCCCCCCCCOc1ccc(cc1)N=Nc1ccc(cc1)c1ccccc1,50.0,tg
*Cc1ccc(Nc2ccc(*)cc2)cc1,3.7655,egb
*C(=O)c1ccc2c(c1)C(=O)N(c1ccc(-c3ccc(N4C(=O)c5ccc(*)cc5C4=O)cc3C)c(C)c1)C2=O,2.8033,egc
*N1C(=O)c2c(C1=O)c(ccc2)c1cc2c(C(=O)N(C2=O)c2ccc(cc2)Oc2ccc(cc2)Oc2ccc(cc2)*)cc1,285.0,tg
*C(C*)(CC(=O)OCCCl)C(=O)OCCCl,43.0,tg
*C(F)(F)C(F)(F)CO*,8.1009,egc
*C1C(=O)N(C(=O)C1*)CCOc1ccc(cc1)c1ccc(cc1)C#N,150.0,tg
*OC(F)(F)c1ccc(C(*)(F)F)cc1,2.1427,eea
*c1c(nc2c(n1)cc(cc2)Oc1ccc(cc1)NC(=O)c1cc(cc(c1)N1C(=O)c2c(C1=O)cccc2)C(=O)Nc1ccc(cc1)Oc1cc2c(nc(c(n2)c2ccc(cc2)*)c2ccccc2)cc1)c1ccccc1,302.0,tg
*OC(=O)OCC(CS(=O)(=O)CC(C*)(C)C)(C)C,50.0,tg
*NNC(=O)c1cccc(C(=O)NNC(=O)CCCCCCCCC(*)=O)c1,4.5398,egc
*C(S1)=CC=C1C(=S)C(S2)=CC=C2O*,2.6229,egc
*S(=O)(=NP(=NP(=N*)(NCC)NCC)(NCC)NCC)NCC,4.0,tg
*NC(=O)c1ccc(cc1)C(c1ccc(cc1)C(=O)NCCCCCC*)(CC)C,159.0,tg
*C(C=C1)=CC=C1C(C=C2)=CC=C2C(C=C3)=CC=C3O*,3.9661,egc
*OC(=O)Nc1c(ccc(c1)NC(=O)OCC(C*)(C)C)C,-32.0,tg
*C(C*)C(=O)Oc1c(cc(cc1)Cl)Cl,60.0,tg
*C1CC2CC1C(*)C2CCCC,6.1498,egc
*c1cc(CCCCCCCCCC2COC(c3ccccc3)O2)c(*)s1,3.048,egc
*CC(*)OCCOc1ccc(C=C(C#N)C(=O)OC)cc1,3.1988,egc
*c1ccc(Oc2ccc(-n3c(=O)c4c(Oc5ccc(OCCCC)cc5)c5c(=O)n(*)c(=O)c5c(Oc5ccc(OCCCC)cc5)c4c3=O)cc2)cc1,1.9028,egc
*C(C*)(C(=O)OCCCCCCCCCCCC)C,-44.99,tg
*OC(*)C(Cl)Cl,6.5565,egc
*OCCC*,-72.46,tg
*OC(=O)Nc1ccc(cc1)Cc1ccc(cc1)NC(=O)OCC(CS(=O)(=O)CC(C*)(C)C)(C)C,90.0,tg
*Oc1ccc(cc1)Oc1ccc(cc1)C(=O)Nc1ccc(cc1)Cc1ccc(cc1)NC(=O)c1ccc(cc1)*,216.0,tg
*O[Si](*)(CCCCCn1c2ccccc2c2ccccc12)C,7.0,tg
*c1cc2C(c3c(c2cc1)ccc(c3)c1c(cc(c(c1)OCCCCCCCC)*)OCCCCCCCC)(CCCCCC)CCCCCC,58.0,tg
*C(C)C(*)C(=O)OC,6.2685,egc
*c1cc2c(C(=O)N(C2=O)c2ccc(cc2)Oc2ccc(cc2)N2C(=O)c3c(C2=O)cc(cc3)C(C(C(C(C(C(*)(F)F)(F)F)(F)F)(F)F)(F)F)(F)F)cc1,185.0,tg
*Oc1c(cc(cc1)C(c1cc(c(cc1)OC(=O)c1ccc(cc1)C(=O)*)C)(C)C)C,167.0,tg
*Oc1ccc(SSCCSSc2ccc(*)cc2)cc1,4.0205,egc
*c1ccc(-c2ccc(-c3cc(-c4ccccc4)c4cc(-c5ccc6nc(*)cc(-c7ccccc7)c6c5)ccc4n3)cc2)cc1,3.1298,egc
*OC(=O)CCCCCC(=O)OCCOCC*,-59.67,tg
*Oc1ccc(cc1)C(c1ccc(cc1)OC(=O)c1ccc(cc1)C(=O)*)(CC)CC,165.0,tg
*CNOC(*)=S,2.5,eea
*c1nc(-c2ccccc2)nc(N(*)C)n1,4.2966,egc
*OCCSSSSCC*,-40.0,tg
*CCCCCCCCCCCCCCOC(=O)CCC=CCCC(=O)O*,6.0458,egc
*C1C(=O)N(C(=O)C1C(C*)c1ccccc1)c1ccc(cc1)NC(=O)OCC1N(CCC1)c1ccc(cc1)[N+](=O)[O-],208.0,tg
*C=CC(C)C*,5.7207,egc
*Nc1c2c(ccc1)c(ccc2)NC(=O)Nc1cc(cc(c1)C(=O)Nc1c2C(=O)c3c(C(=O)c2ccc1)cccc3)NC(=O)*,185.0,tg
*Cc1ccc(NO*)s1,1.3873,eea
*CCCCCCCCC(=O)NCCCCCOCCCCCNC(=O)CCCO*,5.9383,egc
*Oc1ccc(cc1)C1(c2ccccc2c2ccccc12)c1ccc(cc1)Oc1ccc(cc1)C(=O)c1ccc(cc1)*,252.0,tg
*CCCN*,5.2088,egc
*Nc1cccc(NC(=O)c2ccc(NC(=O)c3ccc([Si](C)(C)c4ccc(C(=O)Nc5ccc(C(*)=O)cc5)cc4)cc3)cc2)c1,3.5185,egc
*N1C(=O)c2c(C1=O)c(ccc2)Oc1cc2c(C(=O)N(C2=O)c2ccc(cc2)Oc2ccc(cc2)Oc2ccc(cc2)*)cc1,249.0,tg
*Oc1c(cc(cc1C(C)C)C(=O)c1cc(ccc1)C(=O)c1ccc(cc1)*)C(C)C,132.0,tg
*Oc1ccc(C(c2ccc(OC(=O)c3ccc(OCCCCCCCCCCOc4ccc(C(*)=O)cc4)cc3)cc2)(C(F)(F)F)C(F)(F)F)cc1,4.4545,egc
*C(C*)(C(=O)OCCOc1ccc(cc1)N=Nc1ccc(cc1)[N+](=O)[O-])C,112.0,tg
*CC(*)(C)C(=O)OCCBr,5.9262,egc
*OC(=O)Nc1ccc(cc1)Cc1ccc(cc1)NC(=O)OCCN(CC*)CCCCCOc1ccc(cc1)N=Nc1ccccc1,59.6,tg
*c1nc2c(nc1c1ccccc1)cc(cc2)c1cc2c(nc(c(n2)c2ccccc2)c2ccc(cc2)OCCCCOc2ccc(cc2)*)cc1,219.0,tg
*NC(=O)c1ccc(-c2ccc(*)cc2)cc1,2.3815,eea
*c1ccc(C(=O)Nc2ccc(NC(=O)c3ccc(-n4c(=O)c5sc6c(=O)n(*)c(=O)c6sc5c4=O)cc3)cc2)cc1,1.4889,egc
*Oc1c(cc(cc1)C=C1C(=O)C(=Cc2cc(c(cc2)OCCCCCCCC*)OC)CCC1)OC,72.0,tg
*Oc1ccc(cc1)N=C(c1ccc(cc1)Oc1ccc(cc1)C(c1ccc(cc1)Oc1ccc(cc1)C(=Nc1ccc(cc1)*)C)(C)C)C,141.0,tg
*C(C*)C(=O)OC1CCCCC1,23.69,tg
C(=O)(*)C1=CC=C(C=C1)C(=O)OC1=CC=C(C=C1)C2(C1=CC=CC=C1C(=O)O2)C1=CC=C(C=C1)O(*),3.8358,egc
*c1cc2C(c3c(c2cc1)ccc(c3)*)(CCCCCCCC)CCCCCCCC,57.66,tg
*OC(COC(=O)c1c(c(c(cc1)c1c(cc(c(c1)CCCCCCCC)c1c(c(c(cc1)C(=O)*)F)F)CCCCCCCC)F)F)COc1ccc(cc1)N=Nc1ccc(cc1)C#N,61.0,tg
*N1C(=O)c2c(C1=O)cc(cc2)Oc1ccc(cc1)C(c1ccc(cc1)Oc1cc2c(C(=O)N(C2=O)c2ccc(cc2)Oc2ccc(cc2)S(=O)(=O)c2ccc(cc2)Oc2ccc(cc2)*)cc1)(C)C,200.0,tg
*CCCCCCCCCCCCCCCc1nnc(*)o1,6.3716,egc
*N1C(=O)c2c(C1=O)cc(cc2)Oc1cc2c(C(=O)N(C2=O)c2ccc(cc2)c2ccc(cc2)*)cc1,286.0,tg
*c1cc2c(C(=O)N(C2=O)c2cc(cc(c2)c2sc3c(n2)cccc3)N2C(=O)c3c(C2=O)cc(cc3)C(=O)Nc2ccc(cc2)S(=O)(=O)c2ccc(cc2)NC(=O)*)cc1,357.0,tg
*C(C*)(C(=O)NC(c1ccccc1)C)C,156.5,tg
*NC(=O)c1ccc(-c2ccc(*)cc2)s1,2.2535,nc
*OS(=O)(=O)c1cc(c(c(c1)C)*)C,153.0,tg
*N1C(=O)c2c(C1=O)cc(cc2)C(=O)Oc1cc2c(cc1)cc(cc2)OC(=O)c1cc2c(C(=O)N(C2=O)CCCOCCCCOCCC*)cc1,68.0,tg
*C(=O)C1CCCN1*,5.5773,egc
*Oc1c(cc(c(c1)C(C)(C)C)Oc1ccc(cc1)C(=O)Nc1c(cc(cc1C)Cc1cc(c(c(c1)C(C)C)NC(=O)c1ccc(cc1)*)C)C(C)C)C(C)(C)C,260.0,tg
*OC1CCC(CC1)OC(=O)OCCCCCCOC(=O)*,10.0,tg
*Oc1cc(ccc1)Oc1ccc(cc1)C(=O)c1ccc(cc1)NC(=O)c1ccc(cc1)C(=O)Nc1ccc(cc1)C(=O)c1ccc(cc1)*,190.0,tg
*CC(*)(C#N)C#N,6.9314,egb
*CCCCCOC(=O)O*,7.123,egb
*c1cc2c(C(=O)N(C2=O)c2ccc(cc2)Oc2c(cc(cc2)Oc2ccc(cc2)N2C(=O)c3c(C2=O)cc(cc3)C(=O)Nc2ccc(cc2)Oc2ccc(cc2)C2(c3c(C(=O)N2)cccc3)c2ccc(cc2)Oc2ccc(cc2)NC(=O)*)C)cc1,293.0,tg
*c1c2C(=O)N(C(=O)c2c(c2ccccc12)c1ccc(cc1)Oc1ccc(cc1)S(=O)(=O)c1ccc(cc1)Oc1ccc(cc1)*)c1ccc(cc1)C(F)(F)F,290.0,tg
*Oc1ccc(cc1)S(=O)(=O)c1ccc(cc1)Oc1ccc(cc1)NC(=O)c1ccc(cc1)Oc1ccc(cc1)C(c1ccc(cc1)C(c1ccc(cc1)Oc1ccc(cc1)C(=O)Nc1ccc(cc1)*)(C)C)(C)C,177.0,tg
*C(CCCCCCCCCCCCCCCCCCCC*)COCCOCCOCCOCCOCc1c2ccc3cccc4ccc(cc1)c2c34,-21.0,tg
*C1OC(C(C(C1O)O)O*)COCO,208.0,tg
*Oc1ccc(cc1)C(c1ccc(cc1)Oc1ccc(cc1)C(=O)c1cc2c(cc1)cc(cc2)C(=O)c1ccc(cc1)*)(C)C,185.0,tg
*CCC1CC(*)C2C3CC(C12)C(C)(C(=O)OC)C3,6.4636,egc
*OC(C*)CBr,-14.0,tg
*c1cc2c(C(=O)N(C2=O)c2ccc(cc2)Oc2ccc(cc2)S(=O)(=O)c2ccc(cc2)Oc2ccc(cc2)N2C(=O)c3c(C2=O)cc(cc3)C(=O)Nc2ccc(cc2)Oc2ccc(cc2)c2ccc(cc2)Oc2ccc(cc2)NC(=O)*)cc1,267.0,tg
*CCCCCCCCCCCCc1nc2ccc(-c3ccc4nc(*)oc4c3)cc2o1,4.1955,egc
*c1ccc(-n2c(=O)c3cc4c(=O)n(*)c(=O)c4cc3c2=O)c(C)c1,2.9393,egc
*C(C*)(C(=O)OCCCCCCOc1ccc(cc1)C(=O)Oc1ccc(cc1)OCCCC)C,55.17,tg
*c1ccc(C(=O)c2cccc(-n3c(=O)c4cc5c(=O)n(*)c(=O)c5cc4c3=O)c2)cc1,3.1782,egc
*c1nc2c(cc1)cc(cc2)C(=O)c1ccc(cc1)Oc1ccc(cc1)c1ccc(cc1)Oc1ccc(cc1)C(=O)*,155.0,tg
*Oc1ccc(cc1)OC(=O)c1c(cc(c(c1)OCCCCCCCCOCC1N(CCC1)c1ccc(cc1)[N+](=O)[O-])C(=O)*)OCCCCCCCCOCC1N(CCC1)c1ccc(cc1)[N+](=O)[O-],41.0,tg
*CCCOC(=O)Cc1ccc(CC(=O)O*)cc1,5.2766,egc
*Oc1cc(ccc1)Oc1ccc(cc1)NC(=O)c1cc(cc(c1)NC(=O)c1ccc(cc1)OC(=O)C)C(=O)Nc1ccc(cc1)*,230.0,tg
*N1C(=O)c2c(C1=O)cc(cc2)c1cc2c(C(=O)N(C2=O)c2cc(ccc2)*)cc1,327.88,tg
*OC(=O)c1ccc(CCCCCc2ccc(C(*)=O)cc2)cc1,4.7446,egc
*Oc1ccc(-c2ccc(C(*)=O)cc2)s1,4.73,eps
*c1cccc(-c2nc3cc4nc(*)[nH]c4cc3[nH]2)c1,3.5319,egc
*c1cc2c(C(=O)N(C2=O)c2ccc(cc2)Oc2ccc(cc2)Oc2ccc(cc2)N2C(=O)c3c(C2=O)cc(cc3)C(=O)Nc2ccc(cc2)Oc2c(cccc2)c2c(cccc2)Oc2ccc(cc2)NC(=O)*)cc1,238.0,tg
*C(C*)(C(=O)OCCCCOc1ccc(cc1)OC(=O)c1ccc(cc1)OCCCC)C,51.0,tg
*c1cc2c(C(=O)N(C2=O)c2cc(cc(c2)C(F)(F)F)N2C(=O)c3c(C2=O)cc(c(c3)Cl)C(=O)*)cc1Cl,305.0,tg
*CCOC(=O)COCC(=O)O*,6.1826,egc
*C1C2C(C(=O)N(C2=O)c2ccc(cc2)Br)C(C1)C=C*,227.8,tg
*c1sc(cc1)c1sc(cc1)[Si](*)(CCCC)CCCC,-10.0,tg
*C1OC(OC1COC(=O)OC*)(C)C,51.38,tg
*OC(C*)CSCCCCC,-68.0,tg
*C(C*)(C(=O)OCCN(c1ccc(cc1)N=Nc1c2c(c(cc1)[N+](=O)[O-])cccc2)CC)C,116.0,tg
*c1ccc(Oc2ccc(Oc3ccc(N4C(=O)CC(=O)N(*)C4=S)cc3)cc2)cc1,3.1515,egc
*C(C*)c1ccc(cc1)Oc1ccccc1,85.0,tg
*C1C(=O)N(C(=O)C1*)c1cc(c(c(c1)Br)O[Si](c1ccccc1)(c1ccccc1)c1ccccc1)Br,179.0,tg
*C(C*)(C(=O)NC(=O)OCCOc1ccc(cc1)S(=O)(=O)c1ccc(cc1)OCCO)C,131.0,tg
*CCCOC(=O)C1CCC(C(=O)O*)CC1,6.703,egc
*Nc1c(c(c(c(c1C)C)C(=O)c1ccc(cc1)NC(=O)c1ccc(cc1)C(=O)*)C)C,366.0,tg
*CNc1ccc(O*)s1,4.2,eps
*N1C(=O)C2OC3C(C2C1=O)C(=O)N(C3=O)c1ccc(cc1)c1c(nc2c(n1)cc(cc2)C(=O)c1cc2c(nc(c(n2)c2ccc(cc2)*)c2ccccc2)cc1)c1ccccc1,255.0,tg
*N1C(=O)c2c(C1=O)cc(cc2)Oc1cc2c(C(=O)N(C2=O)c2ccc(cc2)Oc2ccc(cc2)C(c2ccc(cc2)Oc2ccc(cc2)*)(C)C)cc1,227.5,tg
*c1cc2c(oc(n2)c2cc(ccc2)c2oc3c(n2)cc(cc3)C(*)(c2ccccc2)C(F)(F)F)cc1,301.0,tg
*CC(O)C(O)COC(=O)O*,6.9702,egc
*c1ccc(NC(F)(F)C(*)(F)F)s1,3.3898,egb
*Cc1ccc(CO*)s1,1.4146,eea
*N1C(=O)c2c(C1=O)cc(cc2)Oc1ccc(cc1)C1(c2ccccc2c2ccccc12)c1ccc(cc1)Oc1cc2c(C(=O)N(C2=O)c2ccc(cc2)N(c2ccc(cc2)*)c2ccc(cc2)C#N)cc1,279.0,tg
*C(C*)(C(=O)Oc1ccc(cc1)C(=O)Oc1ccc(cc1)c1ccccc1)C,100.0,tg
*CCCCCCCCOC(=O)O*,7.3252,egc
*OC(=O)Nc1ccc(cc1)Cc1ccc(cc1)NC(=O)OCCCCCCCC*,79.0,tg
*O[Si](c1ccc(cc1)[Si](O[SiH](*)CCC(F)(F)F)(C)C)(C)C,-37.0,tg
*CCCCCCCCCNC(=O)CCC=CCCC(=O)N*,5.6551,egc
*Nc1ccc(C#Cc2ccc(C(*)=O)cc2)cc1,2.946,egc
*Oc1ccc(cc1)C(=O)Nc1cc(cc(c1)c1nc2c([nH]1)cccc2)NC(=O)c1ccc(cc1)OCCOCCOCCOCCOCCOCC*,125.0,tg
*Oc1ccc(cc1)Oc1ccc(cc1)C=Nc1ccc(cc1)Oc1ccc(cc1)N=Cc1ccc(cc1)*,120.0,tg
*C(C*)C(=O)Oc1cc(ccc1)C,24.5,tg
*N1C(=O)C2C3C4C(C(C2C1=O)C=C3)C(=O)N(C4=O)c1ccc(cc1)Sc1cc2c(C(=O)N(C2=O)CCN(C)C)cc1Sc1ccc(cc1)*,310.0,tg
*Oc1c(cc(cc1)OC(=O)c1ccc(cc1)Sc1cc(ccc1)OC(=O)c1ccc(cc1)C(=O)Oc1cc(ccc1)Sc1ccc(cc1)C(=O)*)C,135.0,tg
*C1=CC(=C(C#N)C#N)C=C(O1)C=Cc1sc(cc1)N(CCOC(=O)Nc1c(ccc(c1)NC(=O)OCCN(c1sc(cc1)C=C*)C)C)C,183.0,tg
*N1C(=O)c2c(C1=O)cc(cc2)C(=O)c1cc2c(C(=O)N(C2=O)CCCC(=O)Nc2ccc(cc2)Oc2ccc(cc2)Oc2ccc(cc2)NC(=O)CCC*)cc1,178.0,tg
*N1C(=O)c2c(C1=O)cc(cc2)Oc1cc2c(C(=O)N(C2=O)c2c(cccc2)Oc2ccc(cc2)*)cc1,264.0,tg
*C(C*)c1ncccc1,98.28,tg
*CC(*)(C)C(=O)OCC(F)(F)F,6.5436,egc
*c1cc2c(C(=O)N(C2=O)c2ccc(cc2)Oc2ccc(cc2)C2(c3c(C(=O)N2)cccc3)c2ccc(cc2)Oc2ccc(cc2)N2C(=O)c3c(C2=O)cc(cc3)C(=O)Nc2ccc(cc2)Oc2ccc(cc2)NC(=O)*)cc1,325.0,tg
*C(C*)c1ccc(cc1)OP1(=NP(=NP(=N1)(OCCOCCOCCOC)OCCOCCOCCOC)(OCCOCCOCCOC)OCCOCCOCCOC)OCCOCCOCCOC,-66.5,tg
*c1ccc(-c2ccc(-c3ccc(*)s3)o2)o1,1.6749,egc
*C(C*)c1ccc(cc1)CCC,46.75,tg
*CNON*,3.62,eps
*C1C(=O)N(C(=O)C1C(C*)c1ccccc1)CCCCCCCCCCCC,70.0,tg
*NC(=O)CC*,127.0,tg
*C(C*)c1cc(ccc1)NC(=O)C,163.0,tg
*Oc1cc2c(cc1)ccc(c2)Oc1ccc(cc1)C(=O)Nc1cc(ccc1)Oc1ccc(cc1)NC(=O)c1ccc(cc1)*,164.0,tg
*[Si](C/C=C\CC*)(c1ccccc1)C,-12.65,tg
*c1cc(-c2ccc(F)cc2)c(*)s1,2.6765,egc
*Nc1ccc(-c2ccc(*)cc2)c(C)c1,3.3791,egc
*N(c1ccc(cc1)C(=O)c1ccc(cc1)N(CCCCCC*)C)C,75.5,tg
*C(C=C1)=CC=C1C(C=C2)=CC=C2C(=S)O*,3.2538,egc
*c1ccc(Oc2ccc(C(=O)c3ccc(Oc4ccc(C(=O)c5ccc(Oc6ccc(-c7nc8ccccc8n7-c7ccc(-n8c(*)nc9ccccc98)cc7)cc6)cc5)cc4)cc3)cc2)cc1,3.2485,egc
*OC(C*)c1occc1,12.5,tg
*C*,-63.48,tg
*CNC(=O)CCCC(=O)N*,6.1798,egc
*OCOCCCCSSCCCC*,-76.0,tg
*Cc1ccc(-c2ccc(C(*)=S)cc2)cc1,4.45,eps
*c1cc2c(C(=O)N(C2=O)c2ccc(cc2)S(=O)(=O)c2ccc(cc2)N2C(=O)c3c(C2=O)cc(cc3)C(=O)Nc2ccc(cc2)c2ccc(cc2)NC(=O)*)cc1,370.0,tg
*Oc1ccc(cc1)C(=O)Nc1ccc(cc1)C(c1ccc(cc1)NC(=O)c1ccc(cc1)OC(=O)c1ccc(cc1)C(=O)*)(C(F)(F)F)C(F)(F)F,266.0,tg
*C(C*)C(=O)Oc1c(c(c(c(c1Cl)Cl)Cl)Cl)Cl,145.0,tg
*c1ccc(OCC2CCC(COc3ccc(-n4c(=O)c5cc6c(=O)n(*)c(=O)c6cc5c4=O)cc3)CC2)cc1,2.2219,egc
